issue_time,turbine_id,valid_time,lead_hours,power_normalized,model_id,snapshot_id,run_init,available_at
2026-01-31T12:00:00+00:00,turbine-1,2026-01-31T13:00:00+00:00,1,0.648338,model-weather-experiment-640618020c918c13b93a05de,ecmwf00-a2d77f25-assumed-7b9a425c47be-1-20260131,2026-01-31T00:00:00+00:00,2026-01-31T10:00:00+00:00
2026-01-31T12:00:00+00:00,turbine-1,2026-01-31T14:00:00+00:00,2,0.406395,model-weather-experiment-640618020c918c13b93a05de,ecmwf00-a2d77f25-assumed-7b9a425c47be-1-20260131,2026-01-31T00:00:00+00:00,2026-01-31T10:00:00+00:00
2026-01-31T12:00:00+00:00,turbine-1,2026-01-31T15:00:00+00:00,3,0.158973,model-weather-experiment-640618020c918c13b93a05de,ecmwf00-a2d77f25-assumed-7b9a425c47be-1-20260131,2026-01-31T00:00:00+00:00,2026-01-31T10:00:00+00:00
2026-01-31T12:00:00+00:00,turbine-1,2026-01-31T16:00:00+00:00,4,0.093709,model-weather-experiment-640618020c918c13b93a05de,ecmwf00-a2d77f25-assumed-7b9a425c47be-1-20260131,2026-01-31T00:00:00+00:00,2026-01-31T10:00:00+00:00
2026-01-31T12:00:00+00:00,turbine-1,2026-01-31T17:00:00+00:00,5,0.0763,model-weather-experiment-640618020c918c13b93a05de,ecmwf00-a2d77f25-assumed-7b9a425c47be-1-20260131,2026-01-31T00:00:00+00:00,2026-01-31T10:00:00+00:00
2026-01-31T12:00:00+00:00,turbine-1,2026-01-31T18:00:00+00:00,6,0.044259,model-weather-experiment-640618020c918c13b93a05de,ecmwf00-a2d77f25-assumed-7b9a425c47be-1-20260131,2026-01-31T00:00:00+00:00,2026-01-31T10:00:00+00:00
2026-01-31T12:00:00+00:00,turbine-1,2026-01-31T19:00:00+00:00,7,0.037945,model-weather-experiment-640618020c918c13b93a05de,ecmwf00-a2d77f25-assumed-7b9a425c47be-1-20260131,2026-01-31T00:00:00+00:00,2026-01-31T10:00:00+00:00
2026-01-31T12:00:00+00:00,turbine-1,2026-01-31T20:00:00+00:00,8,0.036957,model-weather-experiment-640618020c918c13b93a05de,ecmwf00-a2d77f25-assumed-7b9a425c47be-1-20260131,2026-01-31T00:00:00+00:00,2026-01-31T10:00:00+00:00
2026-01-31T12:00:00+00:00,turbine-1,2026-01-31T21:00:00+00:00,9,0.02945,model-weather-experiment-640618020c918c13b93a05de,ecmwf00-a2d77f25-assumed-7b9a425c47be-1-20260131,2026-01-31T00:00:00+00:00,2026-01-31T10:00:00+00:00
2026-01-31T12:00:00+00:00,turbine-1,2026-01-31T22:00:00+00:00,10,0.02467,model-weather-experiment-640618020c918c13b93a05de,ecmwf00-a2d77f25-assumed-7b9a425c47be-1-20260131,2026-01-31T00:00:00+00:00,2026-01-31T10:00:00+00:00
2026-01-31T12:00:00+00:00,turbine-1,2026-01-31T23:00:00+00:00,11,0.024817,model-weather-experiment-640618020c918c13b93a05de,ecmwf00-a2d77f25-assumed-7b9a425c47be-1-20260131,2026-01-31T00:00:00+00:00,2026-01-31T10:00:00+00:00
2026-01-31T12:00:00+00:00,turbine-1,2026-02-01T00:00:00+00:00,12,0.02606,model-weather-experiment-640618020c918c13b93a05de,ecmwf00-a2d77f25-assumed-7b9a425c47be-1-20260131,2026-01-31T00:00:00+00:00,2026-01-31T10:00:00+00:00
2026-01-31T12:00:00+00:00,turbine-1,2026-02-01T01:00:00+00:00,13,0.032218,model-weather-experiment-640618020c918c13b93a05de,ecmwf00-a2d77f25-assumed-7b9a425c47be-1-20260131,2026-01-31T00:00:00+00:00,2026-01-31T10:00:00+00:00
2026-01-31T12:00:00+00:00,turbine-1,2026-02-01T02:00:00+00:00,14,0.047926,model-weather-experiment-640618020c918c13b93a05de,ecmwf00-a2d77f25-assumed-7b9a425c47be-1-20260131,2026-01-31T00:00:00+00:00,2026-01-31T10:00:00+00:00
2026-01-31T12:00:00+00:00,turbine-1,2026-02-01T03:00:00+00:00,15,0.216215,model-weather-experiment-640618020c918c13b93a05de,ecmwf00-a2d77f25-assumed-7b9a425c47be-1-20260131,2026-01-31T00:00:00+00:00,2026-01-31T10:00:00+00:00
2026-01-31T12:00:00+00:00,turbine-1,2026-02-01T04:00:00+00:00,16,0.188816,model-weather-experiment-640618020c918c13b93a05de,ecmwf00-a2d77f25-assumed-7b9a425c47be-1-20260131,2026-01-31T00:00:00+00:00,2026-01-31T10:00:00+00:00
2026-01-31T12:00:00+00:00,turbine-1,2026-02-01T05:00:00+00:00,17,0.168745,model-weather-experiment-640618020c918c13b93a05de,ecmwf00-a2d77f25-assumed-7b9a425c47be-1-20260131,2026-01-31T00:00:00+00:00,2026-01-31T10:00:00+00:00
2026-01-31T12:00:00+00:00,turbine-1,2026-02-01T06:00:00+00:00,18,0.248654,model-weather-experiment-640618020c918c13b93a05de,ecmwf00-a2d77f25-assumed-7b9a425c47be-1-20260131,2026-01-31T00:00:00+00:00,2026-01-31T10:00:00+00:00
2026-01-31T12:00:00+00:00,turbine-1,2026-02-01T07:00:00+00:00,19,0.253111,model-weather-experiment-640618020c918c13b93a05de,ecmwf00-a2d77f25-assumed-7b9a425c47be-1-20260131,2026-01-31T00:00:00+00:00,2026-01-31T10:00:00+00:00
2026-01-31T12:00:00+00:00,turbine-1,2026-02-01T08:00:00+00:00,20,0.285716,model-weather-experiment-640618020c918c13b93a05de,ecmwf00-a2d77f25-assumed-7b9a425c47be-1-20260131,2026-01-31T00:00:00+00:00,2026-01-31T10:00:00+00:00
2026-01-31T12:00:00+00:00,turbine-1,2026-02-01T09:00:00+00:00,21,0.212025,model-weather-experiment-640618020c918c13b93a05de,ecmwf00-a2d77f25-assumed-7b9a425c47be-1-20260131,2026-01-31T00:00:00+00:00,2026-01-31T10:00:00+00:00
2026-01-31T12:00:00+00:00,turbine-1,2026-02-01T10:00:00+00:00,22,0.198417,model-weather-experiment-640618020c918c13b93a05de,ecmwf00-a2d77f25-assumed-7b9a425c47be-1-20260131,2026-01-31T00:00:00+00:00,2026-01-31T10:00:00+00:00
2026-01-31T12:00:00+00:00,turbine-1,2026-02-01T11:00:00+00:00,23,0.35204,model-weather-experiment-640618020c918c13b93a05de,ecmwf00-a2d77f25-assumed-7b9a425c47be-1-20260131,2026-01-31T00:00:00+00:00,2026-01-31T10:00:00+00:00
2026-01-31T12:00:00+00:00,turbine-1,2026-02-01T12:00:00+00:00,24,0.446737,model-weather-experiment-640618020c918c13b93a05de,ecmwf00-a2d77f25-assumed-7b9a425c47be-1-20260131,2026-01-31T00:00:00+00:00,2026-01-31T10:00:00+00:00
2026-01-31T12:00:00+00:00,turbine-1,2026-02-01T13:00:00+00:00,25,0.507547,model-weather-experiment-640618020c918c13b93a05de,ecmwf00-a2d77f25-assumed-7b9a425c47be-1-20260131,2026-01-31T00:00:00+00:00,2026-01-31T10:00:00+00:00
2026-01-31T12:00:00+00:00,turbine-1,2026-02-01T14:00:00+00:00,26,0.461663,model-weather-experiment-640618020c918c13b93a05de,ecmwf00-a2d77f25-assumed-7b9a425c47be-1-20260131,2026-01-31T00:00:00+00:00,2026-01-31T10:00:00+00:00
2026-01-31T12:00:00+00:00,turbine-1,2026-02-01T15:00:00+00:00,27,0.502715,model-weather-experiment-640618020c918c13b93a05de,ecmwf00-a2d77f25-assumed-7b9a425c47be-1-20260131,2026-01-31T00:00:00+00:00,2026-01-31T10:00:00+00:00
2026-01-31T12:00:00+00:00,turbine-1,2026-02-01T16:00:00+00:00,28,0.482755,model-weather-experiment-640618020c918c13b93a05de,ecmwf00-a2d77f25-assumed-7b9a425c47be-1-20260131,2026-01-31T00:00:00+00:00,2026-01-31T10:00:00+00:00
2026-01-31T12:00:00+00:00,turbine-1,2026-02-01T17:00:00+00:00,29,0.4641,model-weather-experiment-640618020c918c13b93a05de,ecmwf00-a2d77f25-assumed-7b9a425c47be-1-20260131,2026-01-31T00:00:00+00:00,2026-01-31T10:00:00+00:00
2026-01-31T12:00:00+00:00,turbine-1,2026-02-01T18:00:00+00:00,30,0.41872,model-weather-experiment-640618020c918c13b93a05de,ecmwf00-a2d77f25-assumed-7b9a425c47be-1-20260131,2026-01-31T00:00:00+00:00,2026-01-31T10:00:00+00:00
2026-01-31T12:00:00+00:00,turbine-1,2026-02-01T19:00:00+00:00,31,0.396382,model-weather-experiment-640618020c918c13b93a05de,ecmwf00-a2d77f25-assumed-7b9a425c47be-1-20260131,2026-01-31T00:00:00+00:00,2026-01-31T10:00:00+00:00
2026-01-31T12:00:00+00:00,turbine-1,2026-02-01T20:00:00+00:00,32,0.394728,model-weather-experiment-640618020c918c13b93a05de,ecmwf00-a2d77f25-assumed-7b9a425c47be-1-20260131,2026-01-31T00:00:00+00:00,2026-01-31T10:00:00+00:00
2026-01-31T12:00:00+00:00,turbine-1,2026-02-01T21:00:00+00:00,33,0.42072,model-weather-experiment-640618020c918c13b93a05de,ecmwf00-a2d77f25-assumed-7b9a425c47be-1-20260131,2026-01-31T00:00:00+00:00,2026-01-31T10:00:00+00:00
2026-01-31T12:00:00+00:00,turbine-1,2026-02-01T22:00:00+00:00,34,0.414262,model-weather-experiment-640618020c918c13b93a05de,ecmwf00-a2d77f25-assumed-7b9a425c47be-1-20260131,2026-01-31T00:00:00+00:00,2026-01-31T10:00:00+00:00
2026-01-31T12:00:00+00:00,turbine-1,2026-02-01T23:00:00+00:00,35,0.462996,model-weather-experiment-640618020c918c13b93a05de,ecmwf00-a2d77f25-assumed-7b9a425c47be-1-20260131,2026-01-31T00:00:00+00:00,2026-01-31T10:00:00+00:00
2026-01-31T12:00:00+00:00,turbine-1,2026-02-02T00:00:00+00:00,36,0.481529,model-weather-experiment-640618020c918c13b93a05de,ecmwf00-a2d77f25-assumed-7b9a425c47be-1-20260131,2026-01-31T00:00:00+00:00,2026-01-31T10:00:00+00:00
2026-01-31T12:00:00+00:00,turbine-1,2026-02-02T01:00:00+00:00,37,0.46445,model-weather-experiment-640618020c918c13b93a05de,ecmwf00-a2d77f25-assumed-7b9a425c47be-1-20260131,2026-01-31T00:00:00+00:00,2026-01-31T10:00:00+00:00
2026-01-31T12:00:00+00:00,turbine-1,2026-02-02T02:00:00+00:00,38,0.523087,model-weather-experiment-640618020c918c13b93a05de,ecmwf00-a2d77f25-assumed-7b9a425c47be-1-20260131,2026-01-31T00:00:00+00:00,2026-01-31T10:00:00+00:00
2026-01-31T12:00:00+00:00,turbine-1,2026-02-02T03:00:00+00:00,39,0.497442,model-weather-experiment-640618020c918c13b93a05de,ecmwf00-a2d77f25-assumed-7b9a425c47be-1-20260131,2026-01-31T00:00:00+00:00,2026-01-31T10:00:00+00:00
2026-01-31T12:00:00+00:00,turbine-1,2026-02-02T04:00:00+00:00,40,0.623607,model-weather-experiment-640618020c918c13b93a05de,ecmwf00-a2d77f25-assumed-7b9a425c47be-1-20260131,2026-01-31T00:00:00+00:00,2026-01-31T10:00:00+00:00
2026-01-31T12:00:00+00:00,turbine-1,2026-02-02T05:00:00+00:00,41,0.502855,model-weather-experiment-640618020c918c13b93a05de,ecmwf00-a2d77f25-assumed-7b9a425c47be-1-20260131,2026-01-31T00:00:00+00:00,2026-01-31T10:00:00+00:00
2026-01-31T12:00:00+00:00,turbine-1,2026-02-02T06:00:00+00:00,42,0.667735,model-weather-experiment-640618020c918c13b93a05de,ecmwf00-a2d77f25-assumed-7b9a425c47be-1-20260131,2026-01-31T00:00:00+00:00,2026-01-31T10:00:00+00:00
2026-01-31T12:00:00+00:00,turbine-1,2026-02-02T07:00:00+00:00,43,0.863443,model-weather-experiment-640618020c918c13b93a05de,ecmwf00-a2d77f25-assumed-7b9a425c47be-1-20260131,2026-01-31T00:00:00+00:00,2026-01-31T10:00:00+00:00
2026-01-31T12:00:00+00:00,turbine-1,2026-02-02T08:00:00+00:00,44,0.960695,model-weather-experiment-640618020c918c13b93a05de,ecmwf00-a2d77f25-assumed-7b9a425c47be-1-20260131,2026-01-31T00:00:00+00:00,2026-01-31T10:00:00+00:00
2026-01-31T12:00:00+00:00,turbine-1,2026-02-02T09:00:00+00:00,45,0.948201,model-weather-experiment-640618020c918c13b93a05de,ecmwf00-a2d77f25-assumed-7b9a425c47be-1-20260131,2026-01-31T00:00:00+00:00,2026-01-31T10:00:00+00:00
2026-01-31T12:00:00+00:00,turbine-1,2026-02-02T10:00:00+00:00,46,0.905875,model-weather-experiment-640618020c918c13b93a05de,ecmwf00-a2d77f25-assumed-7b9a425c47be-1-20260131,2026-01-31T00:00:00+00:00,2026-01-31T10:00:00+00:00
2026-01-31T12:00:00+00:00,turbine-1,2026-02-02T11:00:00+00:00,47,0.149978,model-weather-experiment-640618020c918c13b93a05de,ecmwf00-a2d77f25-assumed-7b9a425c47be-1-20260131,2026-01-31T00:00:00+00:00,2026-01-31T10:00:00+00:00
2026-01-31T12:00:00+00:00,turbine-1,2026-02-02T12:00:00+00:00,48,0.01113,model-weather-experiment-640618020c918c13b93a05de,ecmwf00-a2d77f25-assumed-7b9a425c47be-1-20260131,2026-01-31T00:00:00+00:00,2026-01-31T10:00:00+00:00
2026-01-31T12:00:00+00:00,turbine-2,2026-01-31T13:00:00+00:00,1,0.598021,model-weather-experiment-640618020c918c13b93a05de,ecmwf00-a2d77f25-assumed-7b9a425c47be-2-20260131,2026-01-31T00:00:00+00:00,2026-01-31T10:00:00+00:00
2026-01-31T12:00:00+00:00,turbine-2,2026-01-31T14:00:00+00:00,2,0.353265,model-weather-experiment-640618020c918c13b93a05de,ecmwf00-a2d77f25-assumed-7b9a425c47be-2-20260131,2026-01-31T00:00:00+00:00,2026-01-31T10:00:00+00:00
2026-01-31T12:00:00+00:00,turbine-2,2026-01-31T15:00:00+00:00,3,0.127676,model-weather-experiment-640618020c918c13b93a05de,ecmwf00-a2d77f25-assumed-7b9a425c47be-2-20260131,2026-01-31T00:00:00+00:00,2026-01-31T10:00:00+00:00
2026-01-31T12:00:00+00:00,turbine-2,2026-01-31T16:00:00+00:00,4,0.085729,model-weather-experiment-640618020c918c13b93a05de,ecmwf00-a2d77f25-assumed-7b9a425c47be-2-20260131,2026-01-31T00:00:00+00:00,2026-01-31T10:00:00+00:00
2026-01-31T12:00:00+00:00,turbine-2,2026-01-31T17:00:00+00:00,5,0.060949,model-weather-experiment-640618020c918c13b93a05de,ecmwf00-a2d77f25-assumed-7b9a425c47be-2-20260131,2026-01-31T00:00:00+00:00,2026-01-31T10:00:00+00:00
2026-01-31T12:00:00+00:00,turbine-2,2026-01-31T18:00:00+00:00,6,0.051481,model-weather-experiment-640618020c918c13b93a05de,ecmwf00-a2d77f25-assumed-7b9a425c47be-2-20260131,2026-01-31T00:00:00+00:00,2026-01-31T10:00:00+00:00
2026-01-31T12:00:00+00:00,turbine-2,2026-01-31T19:00:00+00:00,7,0.041131,model-weather-experiment-640618020c918c13b93a05de,ecmwf00-a2d77f25-assumed-7b9a425c47be-2-20260131,2026-01-31T00:00:00+00:00,2026-01-31T10:00:00+00:00
2026-01-31T12:00:00+00:00,turbine-2,2026-01-31T20:00:00+00:00,8,0.033208,model-weather-experiment-640618020c918c13b93a05de,ecmwf00-a2d77f25-assumed-7b9a425c47be-2-20260131,2026-01-31T00:00:00+00:00,2026-01-31T10:00:00+00:00
2026-01-31T12:00:00+00:00,turbine-2,2026-01-31T21:00:00+00:00,9,0.031548,model-weather-experiment-640618020c918c13b93a05de,ecmwf00-a2d77f25-assumed-7b9a425c47be-2-20260131,2026-01-31T00:00:00+00:00,2026-01-31T10:00:00+00:00
2026-01-31T12:00:00+00:00,turbine-2,2026-01-31T22:00:00+00:00,10,0.02881,model-weather-experiment-640618020c918c13b93a05de,ecmwf00-a2d77f25-assumed-7b9a425c47be-2-20260131,2026-01-31T00:00:00+00:00,2026-01-31T10:00:00+00:00
2026-01-31T12:00:00+00:00,turbine-2,2026-01-31T23:00:00+00:00,11,0.029661,model-weather-experiment-640618020c918c13b93a05de,ecmwf00-a2d77f25-assumed-7b9a425c47be-2-20260131,2026-01-31T00:00:00+00:00,2026-01-31T10:00:00+00:00
2026-01-31T12:00:00+00:00,turbine-2,2026-02-01T00:00:00+00:00,12,0.02978,model-weather-experiment-640618020c918c13b93a05de,ecmwf00-a2d77f25-assumed-7b9a425c47be-2-20260131,2026-01-31T00:00:00+00:00,2026-01-31T10:00:00+00:00
2026-01-31T12:00:00+00:00,turbine-2,2026-02-01T01:00:00+00:00,13,0.030498,model-weather-experiment-640618020c918c13b93a05de,ecmwf00-a2d77f25-assumed-7b9a425c47be-2-20260131,2026-01-31T00:00:00+00:00,2026-01-31T10:00:00+00:00
2026-01-31T12:00:00+00:00,turbine-2,2026-02-01T02:00:00+00:00,14,0.057424,model-weather-experiment-640618020c918c13b93a05de,ecmwf00-a2d77f25-assumed-7b9a425c47be-2-20260131,2026-01-31T00:00:00+00:00,2026-01-31T10:00:00+00:00
2026-01-31T12:00:00+00:00,turbine-2,2026-02-01T03:00:00+00:00,15,0.205554,model-weather-experiment-640618020c918c13b93a05de,ecmwf00-a2d77f25-assumed-7b9a425c47be-2-20260131,2026-01-31T00:00:00+00:00,2026-01-31T10:00:00+00:00
2026-01-31T12:00:00+00:00,turbine-2,2026-02-01T04:00:00+00:00,16,0.166459,model-weather-experiment-640618020c918c13b93a05de,ecmwf00-a2d77f25-assumed-7b9a425c47be-2-20260131,2026-01-31T00:00:00+00:00,2026-01-31T10:00:00+00:00
2026-01-31T12:00:00+00:00,turbine-2,2026-02-01T05:00:00+00:00,17,0.159072,model-weather-experiment-640618020c918c13b93a05de,ecmwf00-a2d77f25-assumed-7b9a425c47be-2-20260131,2026-01-31T00:00:00+00:00,2026-01-31T10:00:00+00:00
2026-01-31T12:00:00+00:00,turbine-2,2026-02-01T06:00:00+00:00,18,0.234511,model-weather-experiment-640618020c918c13b93a05de,ecmwf00-a2d77f25-assumed-7b9a425c47be-2-20260131,2026-01-31T00:00:00+00:00,2026-01-31T10:00:00+00:00
2026-01-31T12:00:00+00:00,turbine-2,2026-02-01T07:00:00+00:00,19,0.246004,model-weather-experiment-640618020c918c13b93a05de,ecmwf00-a2d77f25-assumed-7b9a425c47be-2-20260131,2026-01-31T00:00:00+00:00,2026-01-31T10:00:00+00:00
2026-01-31T12:00:00+00:00,turbine-2,2026-02-01T08:00:00+00:00,20,0.273824,model-weather-experiment-640618020c918c13b93a05de,ecmwf00-a2d77f25-assumed-7b9a425c47be-2-20260131,2026-01-31T00:00:00+00:00,2026-01-31T10:00:00+00:00
2026-01-31T12:00:00+00:00,turbine-2,2026-02-01T09:00:00+00:00,21,0.205368,model-weather-experiment-640618020c918c13b93a05de,ecmwf00-a2d77f25-assumed-7b9a425c47be-2-20260131,2026-01-31T00:00:00+00:00,2026-01-31T10:00:00+00:00
2026-01-31T12:00:00+00:00,turbine-2,2026-02-01T10:00:00+00:00,22,0.183039,model-weather-experiment-640618020c918c13b93a05de,ecmwf00-a2d77f25-assumed-7b9a425c47be-2-20260131,2026-01-31T00:00:00+00:00,2026-01-31T10:00:00+00:00
2026-01-31T12:00:00+00:00,turbine-2,2026-02-01T11:00:00+00:00,23,0.334061,model-weather-experiment-640618020c918c13b93a05de,ecmwf00-a2d77f25-assumed-7b9a425c47be-2-20260131,2026-01-31T00:00:00+00:00,2026-01-31T10:00:00+00:00
2026-01-31T12:00:00+00:00,turbine-2,2026-02-01T12:00:00+00:00,24,0.434449,model-weather-experiment-640618020c918c13b93a05de,ecmwf00-a2d77f25-assumed-7b9a425c47be-2-20260131,2026-01-31T00:00:00+00:00,2026-01-31T10:00:00+00:00
2026-01-31T12:00:00+00:00,turbine-2,2026-02-01T13:00:00+00:00,25,0.461543,model-weather-experiment-640618020c918c13b93a05de,ecmwf00-a2d77f25-assumed-7b9a425c47be-2-20260131,2026-01-31T00:00:00+00:00,2026-01-31T10:00:00+00:00
2026-01-31T12:00:00+00:00,turbine-2,2026-02-01T14:00:00+00:00,26,0.426692,model-weather-experiment-640618020c918c13b93a05de,ecmwf00-a2d77f25-assumed-7b9a425c47be-2-20260131,2026-01-31T00:00:00+00:00,2026-01-31T10:00:00+00:00
2026-01-31T12:00:00+00:00,turbine-2,2026-02-01T15:00:00+00:00,27,0.453276,model-weather-experiment-640618020c918c13b93a05de,ecmwf00-a2d77f25-assumed-7b9a425c47be-2-20260131,2026-01-31T00:00:00+00:00,2026-01-31T10:00:00+00:00
2026-01-31T12:00:00+00:00,turbine-2,2026-02-01T16:00:00+00:00,28,0.423644,model-weather-experiment-640618020c918c13b93a05de,ecmwf00-a2d77f25-assumed-7b9a425c47be-2-20260131,2026-01-31T00:00:00+00:00,2026-01-31T10:00:00+00:00
2026-01-31T12:00:00+00:00,turbine-2,2026-02-01T17:00:00+00:00,29,0.41262,model-weather-experiment-640618020c918c13b93a05de,ecmwf00-a2d77f25-assumed-7b9a425c47be-2-20260131,2026-01-31T00:00:00+00:00,2026-01-31T10:00:00+00:00
2026-01-31T12:00:00+00:00,turbine-2,2026-02-01T18:00:00+00:00,30,0.376874,model-weather-experiment-640618020c918c13b93a05de,ecmwf00-a2d77f25-assumed-7b9a425c47be-2-20260131,2026-01-31T00:00:00+00:00,2026-01-31T10:00:00+00:00
2026-01-31T12:00:00+00:00,turbine-2,2026-02-01T19:00:00+00:00,31,0.364944,model-weather-experiment-640618020c918c13b93a05de,ecmwf00-a2d77f25-assumed-7b9a425c47be-2-20260131,2026-01-31T00:00:00+00:00,2026-01-31T10:00:00+00:00
2026-01-31T12:00:00+00:00,turbine-2,2026-02-01T20:00:00+00:00,32,0.341641,model-weather-experiment-640618020c918c13b93a05de,ecmwf00-a2d77f25-assumed-7b9a425c47be-2-20260131,2026-01-31T00:00:00+00:00,2026-01-31T10:00:00+00:00
2026-01-31T12:00:00+00:00,turbine-2,2026-02-01T21:00:00+00:00,33,0.369785,model-weather-experiment-640618020c918c13b93a05de,ecmwf00-a2d77f25-assumed-7b9a425c47be-2-20260131,2026-01-31T00:00:00+00:00,2026-01-31T10:00:00+00:00
2026-01-31T12:00:00+00:00,turbine-2,2026-02-01T22:00:00+00:00,34,0.369081,model-weather-experiment-640618020c918c13b93a05de,ecmwf00-a2d77f25-assumed-7b9a425c47be-2-20260131,2026-01-31T00:00:00+00:00,2026-01-31T10:00:00+00:00
2026-01-31T12:00:00+00:00,turbine-2,2026-02-01T23:00:00+00:00,35,0.398978,model-weather-experiment-640618020c918c13b93a05de,ecmwf00-a2d77f25-assumed-7b9a425c47be-2-20260131,2026-01-31T00:00:00+00:00,2026-01-31T10:00:00+00:00
2026-01-31T12:00:00+00:00,turbine-2,2026-02-02T00:00:00+00:00,36,0.449652,model-weather-experiment-640618020c918c13b93a05de,ecmwf00-a2d77f25-assumed-7b9a425c47be-2-20260131,2026-01-31T00:00:00+00:00,2026-01-31T10:00:00+00:00
2026-01-31T12:00:00+00:00,turbine-2,2026-02-02T01:00:00+00:00,37,0.4482,model-weather-experiment-640618020c918c13b93a05de,ecmwf00-a2d77f25-assumed-7b9a425c47be-2-20260131,2026-01-31T00:00:00+00:00,2026-01-31T10:00:00+00:00
2026-01-31T12:00:00+00:00,turbine-2,2026-02-02T02:00:00+00:00,38,0.471765,model-weather-experiment-640618020c918c13b93a05de,ecmwf00-a2d77f25-assumed-7b9a425c47be-2-20260131,2026-01-31T00:00:00+00:00,2026-01-31T10:00:00+00:00
2026-01-31T12:00:00+00:00,turbine-2,2026-02-02T03:00:00+00:00,39,0.469783,model-weather-experiment-640618020c918c13b93a05de,ecmwf00-a2d77f25-assumed-7b9a425c47be-2-20260131,2026-01-31T00:00:00+00:00,2026-01-31T10:00:00+00:00
2026-01-31T12:00:00+00:00,turbine-2,2026-02-02T04:00:00+00:00,40,0.608428,model-weather-experiment-640618020c918c13b93a05de,ecmwf00-a2d77f25-assumed-7b9a425c47be-2-20260131,2026-01-31T00:00:00+00:00,2026-01-31T10:00:00+00:00
2026-01-31T12:00:00+00:00,turbine-2,2026-02-02T05:00:00+00:00,41,0.480657,model-weather-experiment-640618020c918c13b93a05de,ecmwf00-a2d77f25-assumed-7b9a425c47be-2-20260131,2026-01-31T00:00:00+00:00,2026-01-31T10:00:00+00:00
2026-01-31T12:00:00+00:00,turbine-2,2026-02-02T06:00:00+00:00,42,0.658703,model-weather-experiment-640618020c918c13b93a05de,ecmwf00-a2d77f25-assumed-7b9a425c47be-2-20260131,2026-01-31T00:00:00+00:00,2026-01-31T10:00:00+00:00
2026-01-31T12:00:00+00:00,turbine-2,2026-02-02T07:00:00+00:00,43,0.865388,model-weather-experiment-640618020c918c13b93a05de,ecmwf00-a2d77f25-assumed-7b9a425c47be-2-20260131,2026-01-31T00:00:00+00:00,2026-01-31T10:00:00+00:00
2026-01-31T12:00:00+00:00,turbine-2,2026-02-02T08:00:00+00:00,44,0.948053,model-weather-experiment-640618020c918c13b93a05de,ecmwf00-a2d77f25-assumed-7b9a425c47be-2-20260131,2026-01-31T00:00:00+00:00,2026-01-31T10:00:00+00:00
2026-01-31T12:00:00+00:00,turbine-2,2026-02-02T09:00:00+00:00,45,0.954341,model-weather-experiment-640618020c918c13b93a05de,ecmwf00-a2d77f25-assumed-7b9a425c47be-2-20260131,2026-01-31T00:00:00+00:00,2026-01-31T10:00:00+00:00
2026-01-31T12:00:00+00:00,turbine-2,2026-02-02T10:00:00+00:00,46,0.910388,model-weather-experiment-640618020c918c13b93a05de,ecmwf00-a2d77f25-assumed-7b9a425c47be-2-20260131,2026-01-31T00:00:00+00:00,2026-01-31T10:00:00+00:00
2026-01-31T12:00:00+00:00,turbine-2,2026-02-02T11:00:00+00:00,47,0.151931,model-weather-experiment-640618020c918c13b93a05de,ecmwf00-a2d77f25-assumed-7b9a425c47be-2-20260131,2026-01-31T00:00:00+00:00,2026-01-31T10:00:00+00:00
2026-01-31T12:00:00+00:00,turbine-2,2026-02-02T12:00:00+00:00,48,0.014661,model-weather-experiment-640618020c918c13b93a05de,ecmwf00-a2d77f25-assumed-7b9a425c47be-2-20260131,2026-01-31T00:00:00+00:00,2026-01-31T10:00:00+00:00
2026-02-01T12:00:00+00:00,turbine-1,2026-02-01T13:00:00+00:00,1,0.413069,model-weather-experiment-640618020c918c13b93a05de,ecmwf00-a2d77f25-assumed-7b9a425c47be-1-20260201,2026-02-01T00:00:00+00:00,2026-02-01T10:00:00+00:00
2026-02-01T12:00:00+00:00,turbine-1,2026-02-01T14:00:00+00:00,2,0.484254,model-weather-experiment-640618020c918c13b93a05de,ecmwf00-a2d77f25-assumed-7b9a425c47be-1-20260201,2026-02-01T00:00:00+00:00,2026-02-01T10:00:00+00:00
2026-02-01T12:00:00+00:00,turbine-1,2026-02-01T15:00:00+00:00,3,0.410316,model-weather-experiment-640618020c918c13b93a05de,ecmwf00-a2d77f25-assumed-7b9a425c47be-1-20260201,2026-02-01T00:00:00+00:00,2026-02-01T10:00:00+00:00
2026-02-01T12:00:00+00:00,turbine-1,2026-02-01T16:00:00+00:00,4,0.396476,model-weather-experiment-640618020c918c13b93a05de,ecmwf00-a2d77f25-assumed-7b9a425c47be-1-20260201,2026-02-01T00:00:00+00:00,2026-02-01T10:00:00+00:00
2026-02-01T12:00:00+00:00,turbine-1,2026-02-01T17:00:00+00:00,5,0.380206,model-weather-experiment-640618020c918c13b93a05de,ecmwf00-a2d77f25-assumed-7b9a425c47be-1-20260201,2026-02-01T00:00:00+00:00,2026-02-01T10:00:00+00:00
2026-02-01T12:00:00+00:00,turbine-1,2026-02-01T18:00:00+00:00,6,0.357518,model-weather-experiment-640618020c918c13b93a05de,ecmwf00-a2d77f25-assumed-7b9a425c47be-1-20260201,2026-02-01T00:00:00+00:00,2026-02-01T10:00:00+00:00
2026-02-01T12:00:00+00:00,turbine-1,2026-02-01T19:00:00+00:00,7,0.285468,model-weather-experiment-640618020c918c13b93a05de,ecmwf00-a2d77f25-assumed-7b9a425c47be-1-20260201,2026-02-01T00:00:00+00:00,2026-02-01T10:00:00+00:00
2026-02-01T12:00:00+00:00,turbine-1,2026-02-01T20:00:00+00:00,8,0.307647,model-weather-experiment-640618020c918c13b93a05de,ecmwf00-a2d77f25-assumed-7b9a425c47be-1-20260201,2026-02-01T00:00:00+00:00,2026-02-01T10:00:00+00:00
2026-02-01T12:00:00+00:00,turbine-1,2026-02-01T21:00:00+00:00,9,0.293264,model-weather-experiment-640618020c918c13b93a05de,ecmwf00-a2d77f25-assumed-7b9a425c47be-1-20260201,2026-02-01T00:00:00+00:00,2026-02-01T10:00:00+00:00
2026-02-01T12:00:00+00:00,turbine-1,2026-02-01T22:00:00+00:00,10,0.421401,model-weather-experiment-640618020c918c13b93a05de,ecmwf00-a2d77f25-assumed-7b9a425c47be-1-20260201,2026-02-01T00:00:00+00:00,2026-02-01T10:00:00+00:00
2026-02-01T12:00:00+00:00,turbine-1,2026-02-01T23:00:00+00:00,11,0.526412,model-weather-experiment-640618020c918c13b93a05de,ecmwf00-a2d77f25-assumed-7b9a425c47be-1-20260201,2026-02-01T00:00:00+00:00,2026-02-01T10:00:00+00:00
2026-02-01T12:00:00+00:00,turbine-1,2026-02-02T00:00:00+00:00,12,0.539419,model-weather-experiment-640618020c918c13b93a05de,ecmwf00-a2d77f25-assumed-7b9a425c47be-1-20260201,2026-02-01T00:00:00+00:00,2026-02-01T10:00:00+00:00
2026-02-01T12:00:00+00:00,turbine-1,2026-02-02T01:00:00+00:00,13,0.527314,model-weather-experiment-640618020c918c13b93a05de,ecmwf00-a2d77f25-assumed-7b9a425c47be-1-20260201,2026-02-01T00:00:00+00:00,2026-02-01T10:00:00+00:00
2026-02-01T12:00:00+00:00,turbine-1,2026-02-02T02:00:00+00:00,14,0.522454,model-weather-experiment-640618020c918c13b93a05de,ecmwf00-a2d77f25-assumed-7b9a425c47be-1-20260201,2026-02-01T00:00:00+00:00,2026-02-01T10:00:00+00:00
2026-02-01T12:00:00+00:00,turbine-1,2026-02-02T03:00:00+00:00,15,0.484393,model-weather-experiment-640618020c918c13b93a05de,ecmwf00-a2d77f25-assumed-7b9a425c47be-1-20260201,2026-02-01T00:00:00+00:00,2026-02-01T10:00:00+00:00
2026-02-01T12:00:00+00:00,turbine-1,2026-02-02T04:00:00+00:00,16,0.720743,model-weather-experiment-640618020c918c13b93a05de,ecmwf00-a2d77f25-assumed-7b9a425c47be-1-20260201,2026-02-01T00:00:00+00:00,2026-02-01T10:00:00+00:00
2026-02-01T12:00:00+00:00,turbine-1,2026-02-02T05:00:00+00:00,17,0.526362,model-weather-experiment-640618020c918c13b93a05de,ecmwf00-a2d77f25-assumed-7b9a425c47be-1-20260201,2026-02-01T00:00:00+00:00,2026-02-01T10:00:00+00:00
2026-02-01T12:00:00+00:00,turbine-1,2026-02-02T06:00:00+00:00,18,0.684556,model-weather-experiment-640618020c918c13b93a05de,ecmwf00-a2d77f25-assumed-7b9a425c47be-1-20260201,2026-02-01T00:00:00+00:00,2026-02-01T10:00:00+00:00
2026-02-01T12:00:00+00:00,turbine-1,2026-02-02T07:00:00+00:00,19,0.843463,model-weather-experiment-640618020c918c13b93a05de,ecmwf00-a2d77f25-assumed-7b9a425c47be-1-20260201,2026-02-01T00:00:00+00:00,2026-02-01T10:00:00+00:00
2026-02-01T12:00:00+00:00,turbine-1,2026-02-02T08:00:00+00:00,20,0.91103,model-weather-experiment-640618020c918c13b93a05de,ecmwf00-a2d77f25-assumed-7b9a425c47be-1-20260201,2026-02-01T00:00:00+00:00,2026-02-01T10:00:00+00:00
2026-02-01T12:00:00+00:00,turbine-1,2026-02-02T09:00:00+00:00,21,0.917074,model-weather-experiment-640618020c918c13b93a05de,ecmwf00-a2d77f25-assumed-7b9a425c47be-1-20260201,2026-02-01T00:00:00+00:00,2026-02-01T10:00:00+00:00
2026-02-01T12:00:00+00:00,turbine-1,2026-02-02T10:00:00+00:00,22,0.881158,model-weather-experiment-640618020c918c13b93a05de,ecmwf00-a2d77f25-assumed-7b9a425c47be-1-20260201,2026-02-01T00:00:00+00:00,2026-02-01T10:00:00+00:00
2026-02-01T12:00:00+00:00,turbine-1,2026-02-02T11:00:00+00:00,23,0.860019,model-weather-experiment-640618020c918c13b93a05de,ecmwf00-a2d77f25-assumed-7b9a425c47be-1-20260201,2026-02-01T00:00:00+00:00,2026-02-01T10:00:00+00:00
2026-02-01T12:00:00+00:00,turbine-1,2026-02-02T12:00:00+00:00,24,0.63074,model-weather-experiment-640618020c918c13b93a05de,ecmwf00-a2d77f25-assumed-7b9a425c47be-1-20260201,2026-02-01T00:00:00+00:00,2026-02-01T10:00:00+00:00
2026-02-01T12:00:00+00:00,turbine-1,2026-02-02T13:00:00+00:00,25,0.085556,model-weather-experiment-640618020c918c13b93a05de,ecmwf00-a2d77f25-assumed-7b9a425c47be-1-20260201,2026-02-01T00:00:00+00:00,2026-02-01T10:00:00+00:00
2026-02-01T12:00:00+00:00,turbine-1,2026-02-02T14:00:00+00:00,26,0.077717,model-weather-experiment-640618020c918c13b93a05de,ecmwf00-a2d77f25-assumed-7b9a425c47be-1-20260201,2026-02-01T00:00:00+00:00,2026-02-01T10:00:00+00:00
2026-02-01T12:00:00+00:00,turbine-1,2026-02-02T15:00:00+00:00,27,0.033809,model-weather-experiment-640618020c918c13b93a05de,ecmwf00-a2d77f25-assumed-7b9a425c47be-1-20260201,2026-02-01T00:00:00+00:00,2026-02-01T10:00:00+00:00
2026-02-01T12:00:00+00:00,turbine-1,2026-02-02T16:00:00+00:00,28,0.059998,model-weather-experiment-640618020c918c13b93a05de,ecmwf00-a2d77f25-assumed-7b9a425c47be-1-20260201,2026-02-01T00:00:00+00:00,2026-02-01T10:00:00+00:00
2026-02-01T12:00:00+00:00,turbine-1,2026-02-02T17:00:00+00:00,29,0.070473,model-weather-experiment-640618020c918c13b93a05de,ecmwf00-a2d77f25-assumed-7b9a425c47be-1-20260201,2026-02-01T00:00:00+00:00,2026-02-01T10:00:00+00:00
2026-02-01T12:00:00+00:00,turbine-1,2026-02-02T18:00:00+00:00,30,0.078717,model-weather-experiment-640618020c918c13b93a05de,ecmwf00-a2d77f25-assumed-7b9a425c47be-1-20260201,2026-02-01T00:00:00+00:00,2026-02-01T10:00:00+00:00
2026-02-01T12:00:00+00:00,turbine-1,2026-02-02T19:00:00+00:00,31,0.103913,model-weather-experiment-640618020c918c13b93a05de,ecmwf00-a2d77f25-assumed-7b9a425c47be-1-20260201,2026-02-01T00:00:00+00:00,2026-02-01T10:00:00+00:00
2026-02-01T12:00:00+00:00,turbine-1,2026-02-02T20:00:00+00:00,32,0.192736,model-weather-experiment-640618020c918c13b93a05de,ecmwf00-a2d77f25-assumed-7b9a425c47be-1-20260201,2026-02-01T00:00:00+00:00,2026-02-01T10:00:00+00:00
2026-02-01T12:00:00+00:00,turbine-1,2026-02-02T21:00:00+00:00,33,0.257412,model-weather-experiment-640618020c918c13b93a05de,ecmwf00-a2d77f25-assumed-7b9a425c47be-1-20260201,2026-02-01T00:00:00+00:00,2026-02-01T10:00:00+00:00
2026-02-01T12:00:00+00:00,turbine-1,2026-02-02T22:00:00+00:00,34,0.274711,model-weather-experiment-640618020c918c13b93a05de,ecmwf00-a2d77f25-assumed-7b9a425c47be-1-20260201,2026-02-01T00:00:00+00:00,2026-02-01T10:00:00+00:00
2026-02-01T12:00:00+00:00,turbine-1,2026-02-02T23:00:00+00:00,35,0.201144,model-weather-experiment-640618020c918c13b93a05de,ecmwf00-a2d77f25-assumed-7b9a425c47be-1-20260201,2026-02-01T00:00:00+00:00,2026-02-01T10:00:00+00:00
2026-02-01T12:00:00+00:00,turbine-1,2026-02-03T00:00:00+00:00,36,0.201347,model-weather-experiment-640618020c918c13b93a05de,ecmwf00-a2d77f25-assumed-7b9a425c47be-1-20260201,2026-02-01T00:00:00+00:00,2026-02-01T10:00:00+00:00
2026-02-01T12:00:00+00:00,turbine-1,2026-02-03T01:00:00+00:00,37,0.16646,model-weather-experiment-640618020c918c13b93a05de,ecmwf00-a2d77f25-assumed-7b9a425c47be-1-20260201,2026-02-01T00:00:00+00:00,2026-02-01T10:00:00+00:00
2026-02-01T12:00:00+00:00,turbine-1,2026-02-03T02:00:00+00:00,38,0.093018,model-weather-experiment-640618020c918c13b93a05de,ecmwf00-a2d77f25-assumed-7b9a425c47be-1-20260201,2026-02-01T00:00:00+00:00,2026-02-01T10:00:00+00:00
2026-02-01T12:00:00+00:00,turbine-1,2026-02-03T03:00:00+00:00,39,0.077833,model-weather-experiment-640618020c918c13b93a05de,ecmwf00-a2d77f25-assumed-7b9a425c47be-1-20260201,2026-02-01T00:00:00+00:00,2026-02-01T10:00:00+00:00
2026-02-01T12:00:00+00:00,turbine-1,2026-02-03T04:00:00+00:00,40,0.056651,model-weather-experiment-640618020c918c13b93a05de,ecmwf00-a2d77f25-assumed-7b9a425c47be-1-20260201,2026-02-01T00:00:00+00:00,2026-02-01T10:00:00+00:00
2026-02-01T12:00:00+00:00,turbine-1,2026-02-03T05:00:00+00:00,41,0.028862,model-weather-experiment-640618020c918c13b93a05de,ecmwf00-a2d77f25-assumed-7b9a425c47be-1-20260201,2026-02-01T00:00:00+00:00,2026-02-01T10:00:00+00:00
2026-02-01T12:00:00+00:00,turbine-1,2026-02-03T06:00:00+00:00,42,0.053752,model-weather-experiment-640618020c918c13b93a05de,ecmwf00-a2d77f25-assumed-7b9a425c47be-1-20260201,2026-02-01T00:00:00+00:00,2026-02-01T10:00:00+00:00
2026-02-01T12:00:00+00:00,turbine-1,2026-02-03T07:00:00+00:00,43,0.039694,model-weather-experiment-640618020c918c13b93a05de,ecmwf00-a2d77f25-assumed-7b9a425c47be-1-20260201,2026-02-01T00:00:00+00:00,2026-02-01T10:00:00+00:00
2026-02-01T12:00:00+00:00,turbine-1,2026-02-03T08:00:00+00:00,44,0.082422,model-weather-experiment-640618020c918c13b93a05de,ecmwf00-a2d77f25-assumed-7b9a425c47be-1-20260201,2026-02-01T00:00:00+00:00,2026-02-01T10:00:00+00:00
2026-02-01T12:00:00+00:00,turbine-1,2026-02-03T09:00:00+00:00,45,0.097023,model-weather-experiment-640618020c918c13b93a05de,ecmwf00-a2d77f25-assumed-7b9a425c47be-1-20260201,2026-02-01T00:00:00+00:00,2026-02-01T10:00:00+00:00
2026-02-01T12:00:00+00:00,turbine-1,2026-02-03T10:00:00+00:00,46,0.153367,model-weather-experiment-640618020c918c13b93a05de,ecmwf00-a2d77f25-assumed-7b9a425c47be-1-20260201,2026-02-01T00:00:00+00:00,2026-02-01T10:00:00+00:00
2026-02-01T12:00:00+00:00,turbine-1,2026-02-03T11:00:00+00:00,47,0.243315,model-weather-experiment-640618020c918c13b93a05de,ecmwf00-a2d77f25-assumed-7b9a425c47be-1-20260201,2026-02-01T00:00:00+00:00,2026-02-01T10:00:00+00:00
2026-02-01T12:00:00+00:00,turbine-1,2026-02-03T12:00:00+00:00,48,0.410237,model-weather-experiment-640618020c918c13b93a05de,ecmwf00-a2d77f25-assumed-7b9a425c47be-1-20260201,2026-02-01T00:00:00+00:00,2026-02-01T10:00:00+00:00
2026-02-01T12:00:00+00:00,turbine-2,2026-02-01T13:00:00+00:00,1,0.35799,model-weather-experiment-640618020c918c13b93a05de,ecmwf00-a2d77f25-assumed-7b9a425c47be-2-20260201,2026-02-01T00:00:00+00:00,2026-02-01T10:00:00+00:00
2026-02-01T12:00:00+00:00,turbine-2,2026-02-01T14:00:00+00:00,2,0.381394,model-weather-experiment-640618020c918c13b93a05de,ecmwf00-a2d77f25-assumed-7b9a425c47be-2-20260201,2026-02-01T00:00:00+00:00,2026-02-01T10:00:00+00:00
2026-02-01T12:00:00+00:00,turbine-2,2026-02-01T15:00:00+00:00,3,0.328711,model-weather-experiment-640618020c918c13b93a05de,ecmwf00-a2d77f25-assumed-7b9a425c47be-2-20260201,2026-02-01T00:00:00+00:00,2026-02-01T10:00:00+00:00
2026-02-01T12:00:00+00:00,turbine-2,2026-02-01T16:00:00+00:00,4,0.337356,model-weather-experiment-640618020c918c13b93a05de,ecmwf00-a2d77f25-assumed-7b9a425c47be-2-20260201,2026-02-01T00:00:00+00:00,2026-02-01T10:00:00+00:00
2026-02-01T12:00:00+00:00,turbine-2,2026-02-01T17:00:00+00:00,5,0.325885,model-weather-experiment-640618020c918c13b93a05de,ecmwf00-a2d77f25-assumed-7b9a425c47be-2-20260201,2026-02-01T00:00:00+00:00,2026-02-01T10:00:00+00:00
2026-02-01T12:00:00+00:00,turbine-2,2026-02-01T18:00:00+00:00,6,0.30965,model-weather-experiment-640618020c918c13b93a05de,ecmwf00-a2d77f25-assumed-7b9a425c47be-2-20260201,2026-02-01T00:00:00+00:00,2026-02-01T10:00:00+00:00
2026-02-01T12:00:00+00:00,turbine-2,2026-02-01T19:00:00+00:00,7,0.257454,model-weather-experiment-640618020c918c13b93a05de,ecmwf00-a2d77f25-assumed-7b9a425c47be-2-20260201,2026-02-01T00:00:00+00:00,2026-02-01T10:00:00+00:00
2026-02-01T12:00:00+00:00,turbine-2,2026-02-01T20:00:00+00:00,8,0.231852,model-weather-experiment-640618020c918c13b93a05de,ecmwf00-a2d77f25-assumed-7b9a425c47be-2-20260201,2026-02-01T00:00:00+00:00,2026-02-01T10:00:00+00:00
2026-02-01T12:00:00+00:00,turbine-2,2026-02-01T21:00:00+00:00,9,0.285793,model-weather-experiment-640618020c918c13b93a05de,ecmwf00-a2d77f25-assumed-7b9a425c47be-2-20260201,2026-02-01T00:00:00+00:00,2026-02-01T10:00:00+00:00
2026-02-01T12:00:00+00:00,turbine-2,2026-02-01T22:00:00+00:00,10,0.347291,model-weather-experiment-640618020c918c13b93a05de,ecmwf00-a2d77f25-assumed-7b9a425c47be-2-20260201,2026-02-01T00:00:00+00:00,2026-02-01T10:00:00+00:00
2026-02-01T12:00:00+00:00,turbine-2,2026-02-01T23:00:00+00:00,11,0.461269,model-weather-experiment-640618020c918c13b93a05de,ecmwf00-a2d77f25-assumed-7b9a425c47be-2-20260201,2026-02-01T00:00:00+00:00,2026-02-01T10:00:00+00:00
2026-02-01T12:00:00+00:00,turbine-2,2026-02-02T00:00:00+00:00,12,0.476447,model-weather-experiment-640618020c918c13b93a05de,ecmwf00-a2d77f25-assumed-7b9a425c47be-2-20260201,2026-02-01T00:00:00+00:00,2026-02-01T10:00:00+00:00
2026-02-01T12:00:00+00:00,turbine-2,2026-02-02T01:00:00+00:00,13,0.465379,model-weather-experiment-640618020c918c13b93a05de,ecmwf00-a2d77f25-assumed-7b9a425c47be-2-20260201,2026-02-01T00:00:00+00:00,2026-02-01T10:00:00+00:00
2026-02-01T12:00:00+00:00,turbine-2,2026-02-02T02:00:00+00:00,14,0.442901,model-weather-experiment-640618020c918c13b93a05de,ecmwf00-a2d77f25-assumed-7b9a425c47be-2-20260201,2026-02-01T00:00:00+00:00,2026-02-01T10:00:00+00:00
2026-02-01T12:00:00+00:00,turbine-2,2026-02-02T03:00:00+00:00,15,0.428695,model-weather-experiment-640618020c918c13b93a05de,ecmwf00-a2d77f25-assumed-7b9a425c47be-2-20260201,2026-02-01T00:00:00+00:00,2026-02-01T10:00:00+00:00
2026-02-01T12:00:00+00:00,turbine-2,2026-02-02T04:00:00+00:00,16,0.735841,model-weather-experiment-640618020c918c13b93a05de,ecmwf00-a2d77f25-assumed-7b9a425c47be-2-20260201,2026-02-01T00:00:00+00:00,2026-02-01T10:00:00+00:00
2026-02-01T12:00:00+00:00,turbine-2,2026-02-02T05:00:00+00:00,17,0.474025,model-weather-experiment-640618020c918c13b93a05de,ecmwf00-a2d77f25-assumed-7b9a425c47be-2-20260201,2026-02-01T00:00:00+00:00,2026-02-01T10:00:00+00:00
2026-02-01T12:00:00+00:00,turbine-2,2026-02-02T06:00:00+00:00,18,0.659949,model-weather-experiment-640618020c918c13b93a05de,ecmwf00-a2d77f25-assumed-7b9a425c47be-2-20260201,2026-02-01T00:00:00+00:00,2026-02-01T10:00:00+00:00
2026-02-01T12:00:00+00:00,turbine-2,2026-02-02T07:00:00+00:00,19,0.843823,model-weather-experiment-640618020c918c13b93a05de,ecmwf00-a2d77f25-assumed-7b9a425c47be-2-20260201,2026-02-01T00:00:00+00:00,2026-02-01T10:00:00+00:00
2026-02-01T12:00:00+00:00,turbine-2,2026-02-02T08:00:00+00:00,20,0.954352,model-weather-experiment-640618020c918c13b93a05de,ecmwf00-a2d77f25-assumed-7b9a425c47be-2-20260201,2026-02-01T00:00:00+00:00,2026-02-01T10:00:00+00:00
2026-02-01T12:00:00+00:00,turbine-2,2026-02-02T09:00:00+00:00,21,0.960941,model-weather-experiment-640618020c918c13b93a05de,ecmwf00-a2d77f25-assumed-7b9a425c47be-2-20260201,2026-02-01T00:00:00+00:00,2026-02-01T10:00:00+00:00
2026-02-01T12:00:00+00:00,turbine-2,2026-02-02T10:00:00+00:00,22,0.855946,model-weather-experiment-640618020c918c13b93a05de,ecmwf00-a2d77f25-assumed-7b9a425c47be-2-20260201,2026-02-01T00:00:00+00:00,2026-02-01T10:00:00+00:00
2026-02-01T12:00:00+00:00,turbine-2,2026-02-02T11:00:00+00:00,23,0.818373,model-weather-experiment-640618020c918c13b93a05de,ecmwf00-a2d77f25-assumed-7b9a425c47be-2-20260201,2026-02-01T00:00:00+00:00,2026-02-01T10:00:00+00:00
2026-02-01T12:00:00+00:00,turbine-2,2026-02-02T12:00:00+00:00,24,0.553888,model-weather-experiment-640618020c918c13b93a05de,ecmwf00-a2d77f25-assumed-7b9a425c47be-2-20260201,2026-02-01T00:00:00+00:00,2026-02-01T10:00:00+00:00
2026-02-01T12:00:00+00:00,turbine-2,2026-02-02T13:00:00+00:00,25,0.073887,model-weather-experiment-640618020c918c13b93a05de,ecmwf00-a2d77f25-assumed-7b9a425c47be-2-20260201,2026-02-01T00:00:00+00:00,2026-02-01T10:00:00+00:00
2026-02-01T12:00:00+00:00,turbine-2,2026-02-02T14:00:00+00:00,26,0.099402,model-weather-experiment-640618020c918c13b93a05de,ecmwf00-a2d77f25-assumed-7b9a425c47be-2-20260201,2026-02-01T00:00:00+00:00,2026-02-01T10:00:00+00:00
2026-02-01T12:00:00+00:00,turbine-2,2026-02-02T15:00:00+00:00,27,0.040426,model-weather-experiment-640618020c918c13b93a05de,ecmwf00-a2d77f25-assumed-7b9a425c47be-2-20260201,2026-02-01T00:00:00+00:00,2026-02-01T10:00:00+00:00
2026-02-01T12:00:00+00:00,turbine-2,2026-02-02T16:00:00+00:00,28,0.089872,model-weather-experiment-640618020c918c13b93a05de,ecmwf00-a2d77f25-assumed-7b9a425c47be-2-20260201,2026-02-01T00:00:00+00:00,2026-02-01T10:00:00+00:00
2026-02-01T12:00:00+00:00,turbine-2,2026-02-02T17:00:00+00:00,29,0.09537,model-weather-experiment-640618020c918c13b93a05de,ecmwf00-a2d77f25-assumed-7b9a425c47be-2-20260201,2026-02-01T00:00:00+00:00,2026-02-01T10:00:00+00:00
2026-02-01T12:00:00+00:00,turbine-2,2026-02-02T18:00:00+00:00,30,0.101949,model-weather-experiment-640618020c918c13b93a05de,ecmwf00-a2d77f25-assumed-7b9a425c47be-2-20260201,2026-02-01T00:00:00+00:00,2026-02-01T10:00:00+00:00
2026-02-01T12:00:00+00:00,turbine-2,2026-02-02T19:00:00+00:00,31,0.110073,model-weather-experiment-640618020c918c13b93a05de,ecmwf00-a2d77f25-assumed-7b9a425c47be-2-20260201,2026-02-01T00:00:00+00:00,2026-02-01T10:00:00+00:00
2026-02-01T12:00:00+00:00,turbine-2,2026-02-02T20:00:00+00:00,32,0.173956,model-weather-experiment-640618020c918c13b93a05de,ecmwf00-a2d77f25-assumed-7b9a425c47be-2-20260201,2026-02-01T00:00:00+00:00,2026-02-01T10:00:00+00:00
2026-02-01T12:00:00+00:00,turbine-2,2026-02-02T21:00:00+00:00,33,0.228329,model-weather-experiment-640618020c918c13b93a05de,ecmwf00-a2d77f25-assumed-7b9a425c47be-2-20260201,2026-02-01T00:00:00+00:00,2026-02-01T10:00:00+00:00
2026-02-01T12:00:00+00:00,turbine-2,2026-02-02T22:00:00+00:00,34,0.221728,model-weather-experiment-640618020c918c13b93a05de,ecmwf00-a2d77f25-assumed-7b9a425c47be-2-20260201,2026-02-01T00:00:00+00:00,2026-02-01T10:00:00+00:00
2026-02-01T12:00:00+00:00,turbine-2,2026-02-02T23:00:00+00:00,35,0.166844,model-weather-experiment-640618020c918c13b93a05de,ecmwf00-a2d77f25-assumed-7b9a425c47be-2-20260201,2026-02-01T00:00:00+00:00,2026-02-01T10:00:00+00:00
2026-02-01T12:00:00+00:00,turbine-2,2026-02-03T00:00:00+00:00,36,0.16734,model-weather-experiment-640618020c918c13b93a05de,ecmwf00-a2d77f25-assumed-7b9a425c47be-2-20260201,2026-02-01T00:00:00+00:00,2026-02-01T10:00:00+00:00
2026-02-01T12:00:00+00:00,turbine-2,2026-02-03T01:00:00+00:00,37,0.157203,model-weather-experiment-640618020c918c13b93a05de,ecmwf00-a2d77f25-assumed-7b9a425c47be-2-20260201,2026-02-01T00:00:00+00:00,2026-02-01T10:00:00+00:00
2026-02-01T12:00:00+00:00,turbine-2,2026-02-03T02:00:00+00:00,38,0.096277,model-weather-experiment-640618020c918c13b93a05de,ecmwf00-a2d77f25-assumed-7b9a425c47be-2-20260201,2026-02-01T00:00:00+00:00,2026-02-01T10:00:00+00:00
2026-02-01T12:00:00+00:00,turbine-2,2026-02-03T03:00:00+00:00,39,0.106933,model-weather-experiment-640618020c918c13b93a05de,ecmwf00-a2d77f25-assumed-7b9a425c47be-2-20260201,2026-02-01T00:00:00+00:00,2026-02-01T10:00:00+00:00
2026-02-01T12:00:00+00:00,turbine-2,2026-02-03T04:00:00+00:00,40,0.097409,model-weather-experiment-640618020c918c13b93a05de,ecmwf00-a2d77f25-assumed-7b9a425c47be-2-20260201,2026-02-01T00:00:00+00:00,2026-02-01T10:00:00+00:00
2026-02-01T12:00:00+00:00,turbine-2,2026-02-03T05:00:00+00:00,41,0.041975,model-weather-experiment-640618020c918c13b93a05de,ecmwf00-a2d77f25-assumed-7b9a425c47be-2-20260201,2026-02-01T00:00:00+00:00,2026-02-01T10:00:00+00:00
2026-02-01T12:00:00+00:00,turbine-2,2026-02-03T06:00:00+00:00,42,0.063514,model-weather-experiment-640618020c918c13b93a05de,ecmwf00-a2d77f25-assumed-7b9a425c47be-2-20260201,2026-02-01T00:00:00+00:00,2026-02-01T10:00:00+00:00
2026-02-01T12:00:00+00:00,turbine-2,2026-02-03T07:00:00+00:00,43,0.055829,model-weather-experiment-640618020c918c13b93a05de,ecmwf00-a2d77f25-assumed-7b9a425c47be-2-20260201,2026-02-01T00:00:00+00:00,2026-02-01T10:00:00+00:00
2026-02-01T12:00:00+00:00,turbine-2,2026-02-03T08:00:00+00:00,44,0.07706,model-weather-experiment-640618020c918c13b93a05de,ecmwf00-a2d77f25-assumed-7b9a425c47be-2-20260201,2026-02-01T00:00:00+00:00,2026-02-01T10:00:00+00:00
2026-02-01T12:00:00+00:00,turbine-2,2026-02-03T09:00:00+00:00,45,0.092573,model-weather-experiment-640618020c918c13b93a05de,ecmwf00-a2d77f25-assumed-7b9a425c47be-2-20260201,2026-02-01T00:00:00+00:00,2026-02-01T10:00:00+00:00
2026-02-01T12:00:00+00:00,turbine-2,2026-02-03T10:00:00+00:00,46,0.132581,model-weather-experiment-640618020c918c13b93a05de,ecmwf00-a2d77f25-assumed-7b9a425c47be-2-20260201,2026-02-01T00:00:00+00:00,2026-02-01T10:00:00+00:00
2026-02-01T12:00:00+00:00,turbine-2,2026-02-03T11:00:00+00:00,47,0.182225,model-weather-experiment-640618020c918c13b93a05de,ecmwf00-a2d77f25-assumed-7b9a425c47be-2-20260201,2026-02-01T00:00:00+00:00,2026-02-01T10:00:00+00:00
2026-02-01T12:00:00+00:00,turbine-2,2026-02-03T12:00:00+00:00,48,0.367256,model-weather-experiment-640618020c918c13b93a05de,ecmwf00-a2d77f25-assumed-7b9a425c47be-2-20260201,2026-02-01T00:00:00+00:00,2026-02-01T10:00:00+00:00
2026-02-02T12:00:00+00:00,turbine-1,2026-02-02T13:00:00+00:00,1,0.065629,model-weather-experiment-640618020c918c13b93a05de,ecmwf00-a2d77f25-assumed-7b9a425c47be-1-20260202,2026-02-02T00:00:00+00:00,2026-02-02T10:00:00+00:00
2026-02-02T12:00:00+00:00,turbine-1,2026-02-02T14:00:00+00:00,2,0.107535,model-weather-experiment-640618020c918c13b93a05de,ecmwf00-a2d77f25-assumed-7b9a425c47be-1-20260202,2026-02-02T00:00:00+00:00,2026-02-02T10:00:00+00:00
2026-02-02T12:00:00+00:00,turbine-1,2026-02-02T15:00:00+00:00,3,0.187542,model-weather-experiment-640618020c918c13b93a05de,ecmwf00-a2d77f25-assumed-7b9a425c47be-1-20260202,2026-02-02T00:00:00+00:00,2026-02-02T10:00:00+00:00
2026-02-02T12:00:00+00:00,turbine-1,2026-02-02T16:00:00+00:00,4,0.196503,model-weather-experiment-640618020c918c13b93a05de,ecmwf00-a2d77f25-assumed-7b9a425c47be-1-20260202,2026-02-02T00:00:00+00:00,2026-02-02T10:00:00+00:00
2026-02-02T12:00:00+00:00,turbine-1,2026-02-02T17:00:00+00:00,5,0.222061,model-weather-experiment-640618020c918c13b93a05de,ecmwf00-a2d77f25-assumed-7b9a425c47be-1-20260202,2026-02-02T00:00:00+00:00,2026-02-02T10:00:00+00:00
2026-02-02T12:00:00+00:00,turbine-1,2026-02-02T18:00:00+00:00,6,0.192944,model-weather-experiment-640618020c918c13b93a05de,ecmwf00-a2d77f25-assumed-7b9a425c47be-1-20260202,2026-02-02T00:00:00+00:00,2026-02-02T10:00:00+00:00
2026-02-02T12:00:00+00:00,turbine-1,2026-02-02T19:00:00+00:00,7,0.161703,model-weather-experiment-640618020c918c13b93a05de,ecmwf00-a2d77f25-assumed-7b9a425c47be-1-20260202,2026-02-02T00:00:00+00:00,2026-02-02T10:00:00+00:00
2026-02-02T12:00:00+00:00,turbine-1,2026-02-02T20:00:00+00:00,8,0.222698,model-weather-experiment-640618020c918c13b93a05de,ecmwf00-a2d77f25-assumed-7b9a425c47be-1-20260202,2026-02-02T00:00:00+00:00,2026-02-02T10:00:00+00:00
2026-02-02T12:00:00+00:00,turbine-1,2026-02-02T21:00:00+00:00,9,0.314946,model-weather-experiment-640618020c918c13b93a05de,ecmwf00-a2d77f25-assumed-7b9a425c47be-1-20260202,2026-02-02T00:00:00+00:00,2026-02-02T10:00:00+00:00
2026-02-02T12:00:00+00:00,turbine-1,2026-02-02T22:00:00+00:00,10,0.429185,model-weather-experiment-640618020c918c13b93a05de,ecmwf00-a2d77f25-assumed-7b9a425c47be-1-20260202,2026-02-02T00:00:00+00:00,2026-02-02T10:00:00+00:00
2026-02-02T12:00:00+00:00,turbine-1,2026-02-02T23:00:00+00:00,11,0.343759,model-weather-experiment-640618020c918c13b93a05de,ecmwf00-a2d77f25-assumed-7b9a425c47be-1-20260202,2026-02-02T00:00:00+00:00,2026-02-02T10:00:00+00:00
2026-02-02T12:00:00+00:00,turbine-1,2026-02-03T00:00:00+00:00,12,0.167432,model-weather-experiment-640618020c918c13b93a05de,ecmwf00-a2d77f25-assumed-7b9a425c47be-1-20260202,2026-02-02T00:00:00+00:00,2026-02-02T10:00:00+00:00
2026-02-02T12:00:00+00:00,turbine-1,2026-02-03T01:00:00+00:00,13,0.050493,model-weather-experiment-640618020c918c13b93a05de,ecmwf00-a2d77f25-assumed-7b9a425c47be-1-20260202,2026-02-02T00:00:00+00:00,2026-02-02T10:00:00+00:00
2026-02-02T12:00:00+00:00,turbine-1,2026-02-03T02:00:00+00:00,14,0.083468,model-weather-experiment-640618020c918c13b93a05de,ecmwf00-a2d77f25-assumed-7b9a425c47be-1-20260202,2026-02-02T00:00:00+00:00,2026-02-02T10:00:00+00:00
2026-02-02T12:00:00+00:00,turbine-1,2026-02-03T03:00:00+00:00,15,0.058409,model-weather-experiment-640618020c918c13b93a05de,ecmwf00-a2d77f25-assumed-7b9a425c47be-1-20260202,2026-02-02T00:00:00+00:00,2026-02-02T10:00:00+00:00
2026-02-02T12:00:00+00:00,turbine-1,2026-02-03T04:00:00+00:00,16,0.043301,model-weather-experiment-640618020c918c13b93a05de,ecmwf00-a2d77f25-assumed-7b9a425c47be-1-20260202,2026-02-02T00:00:00+00:00,2026-02-02T10:00:00+00:00
2026-02-02T12:00:00+00:00,turbine-1,2026-02-03T05:00:00+00:00,17,0.101174,model-weather-experiment-640618020c918c13b93a05de,ecmwf00-a2d77f25-assumed-7b9a425c47be-1-20260202,2026-02-02T00:00:00+00:00,2026-02-02T10:00:00+00:00
2026-02-02T12:00:00+00:00,turbine-1,2026-02-03T06:00:00+00:00,18,0.274056,model-weather-experiment-640618020c918c13b93a05de,ecmwf00-a2d77f25-assumed-7b9a425c47be-1-20260202,2026-02-02T00:00:00+00:00,2026-02-02T10:00:00+00:00
2026-02-02T12:00:00+00:00,turbine-1,2026-02-03T07:00:00+00:00,19,0.190758,model-weather-experiment-640618020c918c13b93a05de,ecmwf00-a2d77f25-assumed-7b9a425c47be-1-20260202,2026-02-02T00:00:00+00:00,2026-02-02T10:00:00+00:00
2026-02-02T12:00:00+00:00,turbine-1,2026-02-03T08:00:00+00:00,20,0.124719,model-weather-experiment-640618020c918c13b93a05de,ecmwf00-a2d77f25-assumed-7b9a425c47be-1-20260202,2026-02-02T00:00:00+00:00,2026-02-02T10:00:00+00:00
2026-02-02T12:00:00+00:00,turbine-1,2026-02-03T09:00:00+00:00,21,0.067603,model-weather-experiment-640618020c918c13b93a05de,ecmwf00-a2d77f25-assumed-7b9a425c47be-1-20260202,2026-02-02T00:00:00+00:00,2026-02-02T10:00:00+00:00
2026-02-02T12:00:00+00:00,turbine-1,2026-02-03T10:00:00+00:00,22,0.131859,model-weather-experiment-640618020c918c13b93a05de,ecmwf00-a2d77f25-assumed-7b9a425c47be-1-20260202,2026-02-02T00:00:00+00:00,2026-02-02T10:00:00+00:00
2026-02-02T12:00:00+00:00,turbine-1,2026-02-03T11:00:00+00:00,23,0.276746,model-weather-experiment-640618020c918c13b93a05de,ecmwf00-a2d77f25-assumed-7b9a425c47be-1-20260202,2026-02-02T00:00:00+00:00,2026-02-02T10:00:00+00:00
2026-02-02T12:00:00+00:00,turbine-1,2026-02-03T12:00:00+00:00,24,0.514121,model-weather-experiment-640618020c918c13b93a05de,ecmwf00-a2d77f25-assumed-7b9a425c47be-1-20260202,2026-02-02T00:00:00+00:00,2026-02-02T10:00:00+00:00
2026-02-02T12:00:00+00:00,turbine-1,2026-02-03T13:00:00+00:00,25,0.616009,model-weather-experiment-640618020c918c13b93a05de,ecmwf00-a2d77f25-assumed-7b9a425c47be-1-20260202,2026-02-02T00:00:00+00:00,2026-02-02T10:00:00+00:00
2026-02-02T12:00:00+00:00,turbine-1,2026-02-03T14:00:00+00:00,26,0.607938,model-weather-experiment-640618020c918c13b93a05de,ecmwf00-a2d77f25-assumed-7b9a425c47be-1-20260202,2026-02-02T00:00:00+00:00,2026-02-02T10:00:00+00:00
2026-02-02T12:00:00+00:00,turbine-1,2026-02-03T15:00:00+00:00,27,0.525917,model-weather-experiment-640618020c918c13b93a05de,ecmwf00-a2d77f25-assumed-7b9a425c47be-1-20260202,2026-02-02T00:00:00+00:00,2026-02-02T10:00:00+00:00
2026-02-02T12:00:00+00:00,turbine-1,2026-02-03T16:00:00+00:00,28,0.422378,model-weather-experiment-640618020c918c13b93a05de,ecmwf00-a2d77f25-assumed-7b9a425c47be-1-20260202,2026-02-02T00:00:00+00:00,2026-02-02T10:00:00+00:00
2026-02-02T12:00:00+00:00,turbine-1,2026-02-03T17:00:00+00:00,29,0.283556,model-weather-experiment-640618020c918c13b93a05de,ecmwf00-a2d77f25-assumed-7b9a425c47be-1-20260202,2026-02-02T00:00:00+00:00,2026-02-02T10:00:00+00:00
2026-02-02T12:00:00+00:00,turbine-1,2026-02-03T18:00:00+00:00,30,0.225445,model-weather-experiment-640618020c918c13b93a05de,ecmwf00-a2d77f25-assumed-7b9a425c47be-1-20260202,2026-02-02T00:00:00+00:00,2026-02-02T10:00:00+00:00
2026-02-02T12:00:00+00:00,turbine-1,2026-02-03T19:00:00+00:00,31,0.267764,model-weather-experiment-640618020c918c13b93a05de,ecmwf00-a2d77f25-assumed-7b9a425c47be-1-20260202,2026-02-02T00:00:00+00:00,2026-02-02T10:00:00+00:00
2026-02-02T12:00:00+00:00,turbine-1,2026-02-03T20:00:00+00:00,32,0.348042,model-weather-experiment-640618020c918c13b93a05de,ecmwf00-a2d77f25-assumed-7b9a425c47be-1-20260202,2026-02-02T00:00:00+00:00,2026-02-02T10:00:00+00:00
2026-02-02T12:00:00+00:00,turbine-1,2026-02-03T21:00:00+00:00,33,0.421804,model-weather-experiment-640618020c918c13b93a05de,ecmwf00-a2d77f25-assumed-7b9a425c47be-1-20260202,2026-02-02T00:00:00+00:00,2026-02-02T10:00:00+00:00
2026-02-02T12:00:00+00:00,turbine-1,2026-02-03T22:00:00+00:00,34,0.343835,model-weather-experiment-640618020c918c13b93a05de,ecmwf00-a2d77f25-assumed-7b9a425c47be-1-20260202,2026-02-02T00:00:00+00:00,2026-02-02T10:00:00+00:00
2026-02-02T12:00:00+00:00,turbine-1,2026-02-03T23:00:00+00:00,35,0.404938,model-weather-experiment-640618020c918c13b93a05de,ecmwf00-a2d77f25-assumed-7b9a425c47be-1-20260202,2026-02-02T00:00:00+00:00,2026-02-02T10:00:00+00:00
2026-02-02T12:00:00+00:00,turbine-1,2026-02-04T00:00:00+00:00,36,0.469764,model-weather-experiment-640618020c918c13b93a05de,ecmwf00-a2d77f25-assumed-7b9a425c47be-1-20260202,2026-02-02T00:00:00+00:00,2026-02-02T10:00:00+00:00
2026-02-02T12:00:00+00:00,turbine-1,2026-02-04T01:00:00+00:00,37,0.409747,model-weather-experiment-640618020c918c13b93a05de,ecmwf00-a2d77f25-assumed-7b9a425c47be-1-20260202,2026-02-02T00:00:00+00:00,2026-02-02T10:00:00+00:00
2026-02-02T12:00:00+00:00,turbine-1,2026-02-04T02:00:00+00:00,38,0.427226,model-weather-experiment-640618020c918c13b93a05de,ecmwf00-a2d77f25-assumed-7b9a425c47be-1-20260202,2026-02-02T00:00:00+00:00,2026-02-02T10:00:00+00:00
2026-02-02T12:00:00+00:00,turbine-1,2026-02-04T03:00:00+00:00,39,0.544881,model-weather-experiment-640618020c918c13b93a05de,ecmwf00-a2d77f25-assumed-7b9a425c47be-1-20260202,2026-02-02T00:00:00+00:00,2026-02-02T10:00:00+00:00
2026-02-02T12:00:00+00:00,turbine-1,2026-02-04T04:00:00+00:00,40,0.418373,model-weather-experiment-640618020c918c13b93a05de,ecmwf00-a2d77f25-assumed-7b9a425c47be-1-20260202,2026-02-02T00:00:00+00:00,2026-02-02T10:00:00+00:00
2026-02-02T12:00:00+00:00,turbine-1,2026-02-04T05:00:00+00:00,41,0.262212,model-weather-experiment-640618020c918c13b93a05de,ecmwf00-a2d77f25-assumed-7b9a425c47be-1-20260202,2026-02-02T00:00:00+00:00,2026-02-02T10:00:00+00:00
2026-02-02T12:00:00+00:00,turbine-1,2026-02-04T06:00:00+00:00,42,0.196409,model-weather-experiment-640618020c918c13b93a05de,ecmwf00-a2d77f25-assumed-7b9a425c47be-1-20260202,2026-02-02T00:00:00+00:00,2026-02-02T10:00:00+00:00
2026-02-02T12:00:00+00:00,turbine-1,2026-02-04T07:00:00+00:00,43,0.134288,model-weather-experiment-640618020c918c13b93a05de,ecmwf00-a2d77f25-assumed-7b9a425c47be-1-20260202,2026-02-02T00:00:00+00:00,2026-02-02T10:00:00+00:00
2026-02-02T12:00:00+00:00,turbine-1,2026-02-04T08:00:00+00:00,44,0.137705,model-weather-experiment-640618020c918c13b93a05de,ecmwf00-a2d77f25-assumed-7b9a425c47be-1-20260202,2026-02-02T00:00:00+00:00,2026-02-02T10:00:00+00:00
2026-02-02T12:00:00+00:00,turbine-1,2026-02-04T09:00:00+00:00,45,0.129468,model-weather-experiment-640618020c918c13b93a05de,ecmwf00-a2d77f25-assumed-7b9a425c47be-1-20260202,2026-02-02T00:00:00+00:00,2026-02-02T10:00:00+00:00
2026-02-02T12:00:00+00:00,turbine-1,2026-02-04T10:00:00+00:00,46,0.105061,model-weather-experiment-640618020c918c13b93a05de,ecmwf00-a2d77f25-assumed-7b9a425c47be-1-20260202,2026-02-02T00:00:00+00:00,2026-02-02T10:00:00+00:00
2026-02-02T12:00:00+00:00,turbine-1,2026-02-04T11:00:00+00:00,47,0.063689,model-weather-experiment-640618020c918c13b93a05de,ecmwf00-a2d77f25-assumed-7b9a425c47be-1-20260202,2026-02-02T00:00:00+00:00,2026-02-02T10:00:00+00:00
2026-02-02T12:00:00+00:00,turbine-1,2026-02-04T12:00:00+00:00,48,0.076122,model-weather-experiment-640618020c918c13b93a05de,ecmwf00-a2d77f25-assumed-7b9a425c47be-1-20260202,2026-02-02T00:00:00+00:00,2026-02-02T10:00:00+00:00
2026-02-02T12:00:00+00:00,turbine-2,2026-02-02T13:00:00+00:00,1,0.086362,model-weather-experiment-640618020c918c13b93a05de,ecmwf00-a2d77f25-assumed-7b9a425c47be-2-20260202,2026-02-02T00:00:00+00:00,2026-02-02T10:00:00+00:00
2026-02-02T12:00:00+00:00,turbine-2,2026-02-02T14:00:00+00:00,2,0.09322,model-weather-experiment-640618020c918c13b93a05de,ecmwf00-a2d77f25-assumed-7b9a425c47be-2-20260202,2026-02-02T00:00:00+00:00,2026-02-02T10:00:00+00:00
2026-02-02T12:00:00+00:00,turbine-2,2026-02-02T15:00:00+00:00,3,0.166665,model-weather-experiment-640618020c918c13b93a05de,ecmwf00-a2d77f25-assumed-7b9a425c47be-2-20260202,2026-02-02T00:00:00+00:00,2026-02-02T10:00:00+00:00
2026-02-02T12:00:00+00:00,turbine-2,2026-02-02T16:00:00+00:00,4,0.163743,model-weather-experiment-640618020c918c13b93a05de,ecmwf00-a2d77f25-assumed-7b9a425c47be-2-20260202,2026-02-02T00:00:00+00:00,2026-02-02T10:00:00+00:00
2026-02-02T12:00:00+00:00,turbine-2,2026-02-02T17:00:00+00:00,5,0.17383,model-weather-experiment-640618020c918c13b93a05de,ecmwf00-a2d77f25-assumed-7b9a425c47be-2-20260202,2026-02-02T00:00:00+00:00,2026-02-02T10:00:00+00:00
2026-02-02T12:00:00+00:00,turbine-2,2026-02-02T18:00:00+00:00,6,0.172386,model-weather-experiment-640618020c918c13b93a05de,ecmwf00-a2d77f25-assumed-7b9a425c47be-2-20260202,2026-02-02T00:00:00+00:00,2026-02-02T10:00:00+00:00
2026-02-02T12:00:00+00:00,turbine-2,2026-02-02T19:00:00+00:00,7,0.124459,model-weather-experiment-640618020c918c13b93a05de,ecmwf00-a2d77f25-assumed-7b9a425c47be-2-20260202,2026-02-02T00:00:00+00:00,2026-02-02T10:00:00+00:00
2026-02-02T12:00:00+00:00,turbine-2,2026-02-02T20:00:00+00:00,8,0.152819,model-weather-experiment-640618020c918c13b93a05de,ecmwf00-a2d77f25-assumed-7b9a425c47be-2-20260202,2026-02-02T00:00:00+00:00,2026-02-02T10:00:00+00:00
2026-02-02T12:00:00+00:00,turbine-2,2026-02-02T21:00:00+00:00,9,0.232775,model-weather-experiment-640618020c918c13b93a05de,ecmwf00-a2d77f25-assumed-7b9a425c47be-2-20260202,2026-02-02T00:00:00+00:00,2026-02-02T10:00:00+00:00
2026-02-02T12:00:00+00:00,turbine-2,2026-02-02T22:00:00+00:00,10,0.322469,model-weather-experiment-640618020c918c13b93a05de,ecmwf00-a2d77f25-assumed-7b9a425c47be-2-20260202,2026-02-02T00:00:00+00:00,2026-02-02T10:00:00+00:00
2026-02-02T12:00:00+00:00,turbine-2,2026-02-02T23:00:00+00:00,11,0.287578,model-weather-experiment-640618020c918c13b93a05de,ecmwf00-a2d77f25-assumed-7b9a425c47be-2-20260202,2026-02-02T00:00:00+00:00,2026-02-02T10:00:00+00:00
2026-02-02T12:00:00+00:00,turbine-2,2026-02-03T00:00:00+00:00,12,0.138193,model-weather-experiment-640618020c918c13b93a05de,ecmwf00-a2d77f25-assumed-7b9a425c47be-2-20260202,2026-02-02T00:00:00+00:00,2026-02-02T10:00:00+00:00
2026-02-02T12:00:00+00:00,turbine-2,2026-02-03T01:00:00+00:00,13,0.077723,model-weather-experiment-640618020c918c13b93a05de,ecmwf00-a2d77f25-assumed-7b9a425c47be-2-20260202,2026-02-02T00:00:00+00:00,2026-02-02T10:00:00+00:00
2026-02-02T12:00:00+00:00,turbine-2,2026-02-03T02:00:00+00:00,14,0.102627,model-weather-experiment-640618020c918c13b93a05de,ecmwf00-a2d77f25-assumed-7b9a425c47be-2-20260202,2026-02-02T00:00:00+00:00,2026-02-02T10:00:00+00:00
2026-02-02T12:00:00+00:00,turbine-2,2026-02-03T03:00:00+00:00,15,0.103493,model-weather-experiment-640618020c918c13b93a05de,ecmwf00-a2d77f25-assumed-7b9a425c47be-2-20260202,2026-02-02T00:00:00+00:00,2026-02-02T10:00:00+00:00
2026-02-02T12:00:00+00:00,turbine-2,2026-02-03T04:00:00+00:00,16,0.066729,model-weather-experiment-640618020c918c13b93a05de,ecmwf00-a2d77f25-assumed-7b9a425c47be-2-20260202,2026-02-02T00:00:00+00:00,2026-02-02T10:00:00+00:00
2026-02-02T12:00:00+00:00,turbine-2,2026-02-03T05:00:00+00:00,17,0.074696,model-weather-experiment-640618020c918c13b93a05de,ecmwf00-a2d77f25-assumed-7b9a425c47be-2-20260202,2026-02-02T00:00:00+00:00,2026-02-02T10:00:00+00:00
2026-02-02T12:00:00+00:00,turbine-2,2026-02-03T06:00:00+00:00,18,0.19067,model-weather-experiment-640618020c918c13b93a05de,ecmwf00-a2d77f25-assumed-7b9a425c47be-2-20260202,2026-02-02T00:00:00+00:00,2026-02-02T10:00:00+00:00
2026-02-02T12:00:00+00:00,turbine-2,2026-02-03T07:00:00+00:00,19,0.133501,model-weather-experiment-640618020c918c13b93a05de,ecmwf00-a2d77f25-assumed-7b9a425c47be-2-20260202,2026-02-02T00:00:00+00:00,2026-02-02T10:00:00+00:00
2026-02-02T12:00:00+00:00,turbine-2,2026-02-03T08:00:00+00:00,20,0.084099,model-weather-experiment-640618020c918c13b93a05de,ecmwf00-a2d77f25-assumed-7b9a425c47be-2-20260202,2026-02-02T00:00:00+00:00,2026-02-02T10:00:00+00:00
2026-02-02T12:00:00+00:00,turbine-2,2026-02-03T09:00:00+00:00,21,0.048261,model-weather-experiment-640618020c918c13b93a05de,ecmwf00-a2d77f25-assumed-7b9a425c47be-2-20260202,2026-02-02T00:00:00+00:00,2026-02-02T10:00:00+00:00
2026-02-02T12:00:00+00:00,turbine-2,2026-02-03T10:00:00+00:00,22,0.101329,model-weather-experiment-640618020c918c13b93a05de,ecmwf00-a2d77f25-assumed-7b9a425c47be-2-20260202,2026-02-02T00:00:00+00:00,2026-02-02T10:00:00+00:00
2026-02-02T12:00:00+00:00,turbine-2,2026-02-03T11:00:00+00:00,23,0.186144,model-weather-experiment-640618020c918c13b93a05de,ecmwf00-a2d77f25-assumed-7b9a425c47be-2-20260202,2026-02-02T00:00:00+00:00,2026-02-02T10:00:00+00:00
2026-02-02T12:00:00+00:00,turbine-2,2026-02-03T12:00:00+00:00,24,0.469424,model-weather-experiment-640618020c918c13b93a05de,ecmwf00-a2d77f25-assumed-7b9a425c47be-2-20260202,2026-02-02T00:00:00+00:00,2026-02-02T10:00:00+00:00
2026-02-02T12:00:00+00:00,turbine-2,2026-02-03T13:00:00+00:00,25,0.583404,model-weather-experiment-640618020c918c13b93a05de,ecmwf00-a2d77f25-assumed-7b9a425c47be-2-20260202,2026-02-02T00:00:00+00:00,2026-02-02T10:00:00+00:00
2026-02-02T12:00:00+00:00,turbine-2,2026-02-03T14:00:00+00:00,26,0.593623,model-weather-experiment-640618020c918c13b93a05de,ecmwf00-a2d77f25-assumed-7b9a425c47be-2-20260202,2026-02-02T00:00:00+00:00,2026-02-02T10:00:00+00:00
2026-02-02T12:00:00+00:00,turbine-2,2026-02-03T15:00:00+00:00,27,0.503467,model-weather-experiment-640618020c918c13b93a05de,ecmwf00-a2d77f25-assumed-7b9a425c47be-2-20260202,2026-02-02T00:00:00+00:00,2026-02-02T10:00:00+00:00
2026-02-02T12:00:00+00:00,turbine-2,2026-02-03T16:00:00+00:00,28,0.3733,model-weather-experiment-640618020c918c13b93a05de,ecmwf00-a2d77f25-assumed-7b9a425c47be-2-20260202,2026-02-02T00:00:00+00:00,2026-02-02T10:00:00+00:00
2026-02-02T12:00:00+00:00,turbine-2,2026-02-03T17:00:00+00:00,29,0.243938,model-weather-experiment-640618020c918c13b93a05de,ecmwf00-a2d77f25-assumed-7b9a425c47be-2-20260202,2026-02-02T00:00:00+00:00,2026-02-02T10:00:00+00:00
2026-02-02T12:00:00+00:00,turbine-2,2026-02-03T18:00:00+00:00,30,0.203059,model-weather-experiment-640618020c918c13b93a05de,ecmwf00-a2d77f25-assumed-7b9a425c47be-2-20260202,2026-02-02T00:00:00+00:00,2026-02-02T10:00:00+00:00
2026-02-02T12:00:00+00:00,turbine-2,2026-02-03T19:00:00+00:00,31,0.246522,model-weather-experiment-640618020c918c13b93a05de,ecmwf00-a2d77f25-assumed-7b9a425c47be-2-20260202,2026-02-02T00:00:00+00:00,2026-02-02T10:00:00+00:00
2026-02-02T12:00:00+00:00,turbine-2,2026-02-03T20:00:00+00:00,32,0.340086,model-weather-experiment-640618020c918c13b93a05de,ecmwf00-a2d77f25-assumed-7b9a425c47be-2-20260202,2026-02-02T00:00:00+00:00,2026-02-02T10:00:00+00:00
2026-02-02T12:00:00+00:00,turbine-2,2026-02-03T21:00:00+00:00,33,0.378711,model-weather-experiment-640618020c918c13b93a05de,ecmwf00-a2d77f25-assumed-7b9a425c47be-2-20260202,2026-02-02T00:00:00+00:00,2026-02-02T10:00:00+00:00
2026-02-02T12:00:00+00:00,turbine-2,2026-02-03T22:00:00+00:00,34,0.308999,model-weather-experiment-640618020c918c13b93a05de,ecmwf00-a2d77f25-assumed-7b9a425c47be-2-20260202,2026-02-02T00:00:00+00:00,2026-02-02T10:00:00+00:00
2026-02-02T12:00:00+00:00,turbine-2,2026-02-03T23:00:00+00:00,35,0.370087,model-weather-experiment-640618020c918c13b93a05de,ecmwf00-a2d77f25-assumed-7b9a425c47be-2-20260202,2026-02-02T00:00:00+00:00,2026-02-02T10:00:00+00:00
2026-02-02T12:00:00+00:00,turbine-2,2026-02-04T00:00:00+00:00,36,0.45047,model-weather-experiment-640618020c918c13b93a05de,ecmwf00-a2d77f25-assumed-7b9a425c47be-2-20260202,2026-02-02T00:00:00+00:00,2026-02-02T10:00:00+00:00
2026-02-02T12:00:00+00:00,turbine-2,2026-02-04T01:00:00+00:00,37,0.359528,model-weather-experiment-640618020c918c13b93a05de,ecmwf00-a2d77f25-assumed-7b9a425c47be-2-20260202,2026-02-02T00:00:00+00:00,2026-02-02T10:00:00+00:00
2026-02-02T12:00:00+00:00,turbine-2,2026-02-04T02:00:00+00:00,38,0.373145,model-weather-experiment-640618020c918c13b93a05de,ecmwf00-a2d77f25-assumed-7b9a425c47be-2-20260202,2026-02-02T00:00:00+00:00,2026-02-02T10:00:00+00:00
2026-02-02T12:00:00+00:00,turbine-2,2026-02-04T03:00:00+00:00,39,0.560499,model-weather-experiment-640618020c918c13b93a05de,ecmwf00-a2d77f25-assumed-7b9a425c47be-2-20260202,2026-02-02T00:00:00+00:00,2026-02-02T10:00:00+00:00
2026-02-02T12:00:00+00:00,turbine-2,2026-02-04T04:00:00+00:00,40,0.362334,model-weather-experiment-640618020c918c13b93a05de,ecmwf00-a2d77f25-assumed-7b9a425c47be-2-20260202,2026-02-02T00:00:00+00:00,2026-02-02T10:00:00+00:00
2026-02-02T12:00:00+00:00,turbine-2,2026-02-04T05:00:00+00:00,41,0.206991,model-weather-experiment-640618020c918c13b93a05de,ecmwf00-a2d77f25-assumed-7b9a425c47be-2-20260202,2026-02-02T00:00:00+00:00,2026-02-02T10:00:00+00:00
2026-02-02T12:00:00+00:00,turbine-2,2026-02-04T06:00:00+00:00,42,0.139524,model-weather-experiment-640618020c918c13b93a05de,ecmwf00-a2d77f25-assumed-7b9a425c47be-2-20260202,2026-02-02T00:00:00+00:00,2026-02-02T10:00:00+00:00
2026-02-02T12:00:00+00:00,turbine-2,2026-02-04T07:00:00+00:00,43,0.093582,model-weather-experiment-640618020c918c13b93a05de,ecmwf00-a2d77f25-assumed-7b9a425c47be-2-20260202,2026-02-02T00:00:00+00:00,2026-02-02T10:00:00+00:00
2026-02-02T12:00:00+00:00,turbine-2,2026-02-04T08:00:00+00:00,44,0.086218,model-weather-experiment-640618020c918c13b93a05de,ecmwf00-a2d77f25-assumed-7b9a425c47be-2-20260202,2026-02-02T00:00:00+00:00,2026-02-02T10:00:00+00:00
2026-02-02T12:00:00+00:00,turbine-2,2026-02-04T09:00:00+00:00,45,0.104095,model-weather-experiment-640618020c918c13b93a05de,ecmwf00-a2d77f25-assumed-7b9a425c47be-2-20260202,2026-02-02T00:00:00+00:00,2026-02-02T10:00:00+00:00
2026-02-02T12:00:00+00:00,turbine-2,2026-02-04T10:00:00+00:00,46,0.08476,model-weather-experiment-640618020c918c13b93a05de,ecmwf00-a2d77f25-assumed-7b9a425c47be-2-20260202,2026-02-02T00:00:00+00:00,2026-02-02T10:00:00+00:00
2026-02-02T12:00:00+00:00,turbine-2,2026-02-04T11:00:00+00:00,47,0.04454,model-weather-experiment-640618020c918c13b93a05de,ecmwf00-a2d77f25-assumed-7b9a425c47be-2-20260202,2026-02-02T00:00:00+00:00,2026-02-02T10:00:00+00:00
2026-02-02T12:00:00+00:00,turbine-2,2026-02-04T12:00:00+00:00,48,0.035781,model-weather-experiment-640618020c918c13b93a05de,ecmwf00-a2d77f25-assumed-7b9a425c47be-2-20260202,2026-02-02T00:00:00+00:00,2026-02-02T10:00:00+00:00
2026-02-03T12:00:00+00:00,turbine-1,2026-02-03T13:00:00+00:00,1,0.163271,model-weather-experiment-640618020c918c13b93a05de,ecmwf00-a2d77f25-assumed-7b9a425c47be-1-20260203,2026-02-03T00:00:00+00:00,2026-02-03T10:00:00+00:00
2026-02-03T12:00:00+00:00,turbine-1,2026-02-03T14:00:00+00:00,2,0.300363,model-weather-experiment-640618020c918c13b93a05de,ecmwf00-a2d77f25-assumed-7b9a425c47be-1-20260203,2026-02-03T00:00:00+00:00,2026-02-03T10:00:00+00:00
2026-02-03T12:00:00+00:00,turbine-1,2026-02-03T15:00:00+00:00,3,0.558683,model-weather-experiment-640618020c918c13b93a05de,ecmwf00-a2d77f25-assumed-7b9a425c47be-1-20260203,2026-02-03T00:00:00+00:00,2026-02-03T10:00:00+00:00
2026-02-03T12:00:00+00:00,turbine-1,2026-02-03T16:00:00+00:00,4,0.59578,model-weather-experiment-640618020c918c13b93a05de,ecmwf00-a2d77f25-assumed-7b9a425c47be-1-20260203,2026-02-03T00:00:00+00:00,2026-02-03T10:00:00+00:00
2026-02-03T12:00:00+00:00,turbine-1,2026-02-03T17:00:00+00:00,5,0.51414,model-weather-experiment-640618020c918c13b93a05de,ecmwf00-a2d77f25-assumed-7b9a425c47be-1-20260203,2026-02-03T00:00:00+00:00,2026-02-03T10:00:00+00:00
2026-02-03T12:00:00+00:00,turbine-1,2026-02-03T18:00:00+00:00,6,0.533355,model-weather-experiment-640618020c918c13b93a05de,ecmwf00-a2d77f25-assumed-7b9a425c47be-1-20260203,2026-02-03T00:00:00+00:00,2026-02-03T10:00:00+00:00
2026-02-03T12:00:00+00:00,turbine-1,2026-02-03T19:00:00+00:00,7,0.618292,model-weather-experiment-640618020c918c13b93a05de,ecmwf00-a2d77f25-assumed-7b9a425c47be-1-20260203,2026-02-03T00:00:00+00:00,2026-02-03T10:00:00+00:00
2026-02-03T12:00:00+00:00,turbine-1,2026-02-03T20:00:00+00:00,8,0.530455,model-weather-experiment-640618020c918c13b93a05de,ecmwf00-a2d77f25-assumed-7b9a425c47be-1-20260203,2026-02-03T00:00:00+00:00,2026-02-03T10:00:00+00:00
2026-02-03T12:00:00+00:00,turbine-1,2026-02-03T21:00:00+00:00,9,0.641664,model-weather-experiment-640618020c918c13b93a05de,ecmwf00-a2d77f25-assumed-7b9a425c47be-1-20260203,2026-02-03T00:00:00+00:00,2026-02-03T10:00:00+00:00
2026-02-03T12:00:00+00:00,turbine-1,2026-02-03T22:00:00+00:00,10,0.597053,model-weather-experiment-640618020c918c13b93a05de,ecmwf00-a2d77f25-assumed-7b9a425c47be-1-20260203,2026-02-03T00:00:00+00:00,2026-02-03T10:00:00+00:00
2026-02-03T12:00:00+00:00,turbine-1,2026-02-03T23:00:00+00:00,11,0.713821,model-weather-experiment-640618020c918c13b93a05de,ecmwf00-a2d77f25-assumed-7b9a425c47be-1-20260203,2026-02-03T00:00:00+00:00,2026-02-03T10:00:00+00:00
2026-02-03T12:00:00+00:00,turbine-1,2026-02-04T00:00:00+00:00,12,0.603905,model-weather-experiment-640618020c918c13b93a05de,ecmwf00-a2d77f25-assumed-7b9a425c47be-1-20260203,2026-02-03T00:00:00+00:00,2026-02-03T10:00:00+00:00
2026-02-03T12:00:00+00:00,turbine-1,2026-02-04T01:00:00+00:00,13,0.456691,model-weather-experiment-640618020c918c13b93a05de,ecmwf00-a2d77f25-assumed-7b9a425c47be-1-20260203,2026-02-03T00:00:00+00:00,2026-02-03T10:00:00+00:00
2026-02-03T12:00:00+00:00,turbine-1,2026-02-04T02:00:00+00:00,14,0.49179,model-weather-experiment-640618020c918c13b93a05de,ecmwf00-a2d77f25-assumed-7b9a425c47be-1-20260203,2026-02-03T00:00:00+00:00,2026-02-03T10:00:00+00:00
2026-02-03T12:00:00+00:00,turbine-1,2026-02-04T03:00:00+00:00,15,0.490874,model-weather-experiment-640618020c918c13b93a05de,ecmwf00-a2d77f25-assumed-7b9a425c47be-1-20260203,2026-02-03T00:00:00+00:00,2026-02-03T10:00:00+00:00
2026-02-03T12:00:00+00:00,turbine-1,2026-02-04T04:00:00+00:00,16,0.508363,model-weather-experiment-640618020c918c13b93a05de,ecmwf00-a2d77f25-assumed-7b9a425c47be-1-20260203,2026-02-03T00:00:00+00:00,2026-02-03T10:00:00+00:00
2026-02-03T12:00:00+00:00,turbine-1,2026-02-04T05:00:00+00:00,17,0.505664,model-weather-experiment-640618020c918c13b93a05de,ecmwf00-a2d77f25-assumed-7b9a425c47be-1-20260203,2026-02-03T00:00:00+00:00,2026-02-03T10:00:00+00:00
2026-02-03T12:00:00+00:00,turbine-1,2026-02-04T06:00:00+00:00,18,0.337631,model-weather-experiment-640618020c918c13b93a05de,ecmwf00-a2d77f25-assumed-7b9a425c47be-1-20260203,2026-02-03T00:00:00+00:00,2026-02-03T10:00:00+00:00
2026-02-03T12:00:00+00:00,turbine-1,2026-02-04T07:00:00+00:00,19,0.165854,model-weather-experiment-640618020c918c13b93a05de,ecmwf00-a2d77f25-assumed-7b9a425c47be-1-20260203,2026-02-03T00:00:00+00:00,2026-02-03T10:00:00+00:00
2026-02-03T12:00:00+00:00,turbine-1,2026-02-04T08:00:00+00:00,20,0.170055,model-weather-experiment-640618020c918c13b93a05de,ecmwf00-a2d77f25-assumed-7b9a425c47be-1-20260203,2026-02-03T00:00:00+00:00,2026-02-03T10:00:00+00:00
2026-02-03T12:00:00+00:00,turbine-1,2026-02-04T09:00:00+00:00,21,0.167323,model-weather-experiment-640618020c918c13b93a05de,ecmwf00-a2d77f25-assumed-7b9a425c47be-1-20260203,2026-02-03T00:00:00+00:00,2026-02-03T10:00:00+00:00
2026-02-03T12:00:00+00:00,turbine-1,2026-02-04T10:00:00+00:00,22,0.153945,model-weather-experiment-640618020c918c13b93a05de,ecmwf00-a2d77f25-assumed-7b9a425c47be-1-20260203,2026-02-03T00:00:00+00:00,2026-02-03T10:00:00+00:00
2026-02-03T12:00:00+00:00,turbine-1,2026-02-04T11:00:00+00:00,23,0.129788,model-weather-experiment-640618020c918c13b93a05de,ecmwf00-a2d77f25-assumed-7b9a425c47be-1-20260203,2026-02-03T00:00:00+00:00,2026-02-03T10:00:00+00:00
2026-02-03T12:00:00+00:00,turbine-1,2026-02-04T12:00:00+00:00,24,0.092003,model-weather-experiment-640618020c918c13b93a05de,ecmwf00-a2d77f25-assumed-7b9a425c47be-1-20260203,2026-02-03T00:00:00+00:00,2026-02-03T10:00:00+00:00
2026-02-03T12:00:00+00:00,turbine-1,2026-02-04T13:00:00+00:00,25,0.042955,model-weather-experiment-640618020c918c13b93a05de,ecmwf00-a2d77f25-assumed-7b9a425c47be-1-20260203,2026-02-03T00:00:00+00:00,2026-02-03T10:00:00+00:00
2026-02-03T12:00:00+00:00,turbine-1,2026-02-04T14:00:00+00:00,26,0.159905,model-weather-experiment-640618020c918c13b93a05de,ecmwf00-a2d77f25-assumed-7b9a425c47be-1-20260203,2026-02-03T00:00:00+00:00,2026-02-03T10:00:00+00:00
2026-02-03T12:00:00+00:00,turbine-1,2026-02-04T15:00:00+00:00,27,0.491154,model-weather-experiment-640618020c918c13b93a05de,ecmwf00-a2d77f25-assumed-7b9a425c47be-1-20260203,2026-02-03T00:00:00+00:00,2026-02-03T10:00:00+00:00
2026-02-03T12:00:00+00:00,turbine-1,2026-02-04T16:00:00+00:00,28,0.539939,model-weather-experiment-640618020c918c13b93a05de,ecmwf00-a2d77f25-assumed-7b9a425c47be-1-20260203,2026-02-03T00:00:00+00:00,2026-02-03T10:00:00+00:00
2026-02-03T12:00:00+00:00,turbine-1,2026-02-04T17:00:00+00:00,29,0.574608,model-weather-experiment-640618020c918c13b93a05de,ecmwf00-a2d77f25-assumed-7b9a425c47be-1-20260203,2026-02-03T00:00:00+00:00,2026-02-03T10:00:00+00:00
2026-02-03T12:00:00+00:00,turbine-1,2026-02-04T18:00:00+00:00,30,0.666928,model-weather-experiment-640618020c918c13b93a05de,ecmwf00-a2d77f25-assumed-7b9a425c47be-1-20260203,2026-02-03T00:00:00+00:00,2026-02-03T10:00:00+00:00
2026-02-03T12:00:00+00:00,turbine-1,2026-02-04T19:00:00+00:00,31,0.688592,model-weather-experiment-640618020c918c13b93a05de,ecmwf00-a2d77f25-assumed-7b9a425c47be-1-20260203,2026-02-03T00:00:00+00:00,2026-02-03T10:00:00+00:00
2026-02-03T12:00:00+00:00,turbine-1,2026-02-04T20:00:00+00:00,32,0.750109,model-weather-experiment-640618020c918c13b93a05de,ecmwf00-a2d77f25-assumed-7b9a425c47be-1-20260203,2026-02-03T00:00:00+00:00,2026-02-03T10:00:00+00:00
2026-02-03T12:00:00+00:00,turbine-1,2026-02-04T21:00:00+00:00,33,0.831102,model-weather-experiment-640618020c918c13b93a05de,ecmwf00-a2d77f25-assumed-7b9a425c47be-1-20260203,2026-02-03T00:00:00+00:00,2026-02-03T10:00:00+00:00
2026-02-03T12:00:00+00:00,turbine-1,2026-02-04T22:00:00+00:00,34,0.93856,model-weather-experiment-640618020c918c13b93a05de,ecmwf00-a2d77f25-assumed-7b9a425c47be-1-20260203,2026-02-03T00:00:00+00:00,2026-02-03T10:00:00+00:00
2026-02-03T12:00:00+00:00,turbine-1,2026-02-04T23:00:00+00:00,35,0.924123,model-weather-experiment-640618020c918c13b93a05de,ecmwf00-a2d77f25-assumed-7b9a425c47be-1-20260203,2026-02-03T00:00:00+00:00,2026-02-03T10:00:00+00:00
2026-02-03T12:00:00+00:00,turbine-1,2026-02-05T00:00:00+00:00,36,0.901917,model-weather-experiment-640618020c918c13b93a05de,ecmwf00-a2d77f25-assumed-7b9a425c47be-1-20260203,2026-02-03T00:00:00+00:00,2026-02-03T10:00:00+00:00
2026-02-03T12:00:00+00:00,turbine-1,2026-02-05T01:00:00+00:00,37,0.918813,model-weather-experiment-640618020c918c13b93a05de,ecmwf00-a2d77f25-assumed-7b9a425c47be-1-20260203,2026-02-03T00:00:00+00:00,2026-02-03T10:00:00+00:00
2026-02-03T12:00:00+00:00,turbine-1,2026-02-05T02:00:00+00:00,38,0.913905,model-weather-experiment-640618020c918c13b93a05de,ecmwf00-a2d77f25-assumed-7b9a425c47be-1-20260203,2026-02-03T00:00:00+00:00,2026-02-03T10:00:00+00:00
2026-02-03T12:00:00+00:00,turbine-1,2026-02-05T03:00:00+00:00,39,0.927455,model-weather-experiment-640618020c918c13b93a05de,ecmwf00-a2d77f25-assumed-7b9a425c47be-1-20260203,2026-02-03T00:00:00+00:00,2026-02-03T10:00:00+00:00
2026-02-03T12:00:00+00:00,turbine-1,2026-02-05T04:00:00+00:00,40,0.927297,model-weather-experiment-640618020c918c13b93a05de,ecmwf00-a2d77f25-assumed-7b9a425c47be-1-20260203,2026-02-03T00:00:00+00:00,2026-02-03T10:00:00+00:00
2026-02-03T12:00:00+00:00,turbine-1,2026-02-05T05:00:00+00:00,41,0.928605,model-weather-experiment-640618020c918c13b93a05de,ecmwf00-a2d77f25-assumed-7b9a425c47be-1-20260203,2026-02-03T00:00:00+00:00,2026-02-03T10:00:00+00:00
2026-02-03T12:00:00+00:00,turbine-1,2026-02-05T06:00:00+00:00,42,0.931403,model-weather-experiment-640618020c918c13b93a05de,ecmwf00-a2d77f25-assumed-7b9a425c47be-1-20260203,2026-02-03T00:00:00+00:00,2026-02-03T10:00:00+00:00
2026-02-03T12:00:00+00:00,turbine-1,2026-02-05T07:00:00+00:00,43,0.92984,model-weather-experiment-640618020c918c13b93a05de,ecmwf00-a2d77f25-assumed-7b9a425c47be-1-20260203,2026-02-03T00:00:00+00:00,2026-02-03T10:00:00+00:00
2026-02-03T12:00:00+00:00,turbine-1,2026-02-05T08:00:00+00:00,44,0.931153,model-weather-experiment-640618020c918c13b93a05de,ecmwf00-a2d77f25-assumed-7b9a425c47be-1-20260203,2026-02-03T00:00:00+00:00,2026-02-03T10:00:00+00:00
2026-02-03T12:00:00+00:00,turbine-1,2026-02-05T09:00:00+00:00,45,0.947277,model-weather-experiment-640618020c918c13b93a05de,ecmwf00-a2d77f25-assumed-7b9a425c47be-1-20260203,2026-02-03T00:00:00+00:00,2026-02-03T10:00:00+00:00
2026-02-03T12:00:00+00:00,turbine-1,2026-02-05T10:00:00+00:00,46,0.983273,model-weather-experiment-640618020c918c13b93a05de,ecmwf00-a2d77f25-assumed-7b9a425c47be-1-20260203,2026-02-03T00:00:00+00:00,2026-02-03T10:00:00+00:00
2026-02-03T12:00:00+00:00,turbine-1,2026-02-05T11:00:00+00:00,47,0.990017,model-weather-experiment-640618020c918c13b93a05de,ecmwf00-a2d77f25-assumed-7b9a425c47be-1-20260203,2026-02-03T00:00:00+00:00,2026-02-03T10:00:00+00:00
2026-02-03T12:00:00+00:00,turbine-1,2026-02-05T12:00:00+00:00,48,0.982562,model-weather-experiment-640618020c918c13b93a05de,ecmwf00-a2d77f25-assumed-7b9a425c47be-1-20260203,2026-02-03T00:00:00+00:00,2026-02-03T10:00:00+00:00
2026-02-03T12:00:00+00:00,turbine-2,2026-02-03T13:00:00+00:00,1,0.105448,model-weather-experiment-640618020c918c13b93a05de,ecmwf00-a2d77f25-assumed-7b9a425c47be-2-20260203,2026-02-03T00:00:00+00:00,2026-02-03T10:00:00+00:00
2026-02-03T12:00:00+00:00,turbine-2,2026-02-03T14:00:00+00:00,2,0.255305,model-weather-experiment-640618020c918c13b93a05de,ecmwf00-a2d77f25-assumed-7b9a425c47be-2-20260203,2026-02-03T00:00:00+00:00,2026-02-03T10:00:00+00:00
2026-02-03T12:00:00+00:00,turbine-2,2026-02-03T15:00:00+00:00,3,0.538823,model-weather-experiment-640618020c918c13b93a05de,ecmwf00-a2d77f25-assumed-7b9a425c47be-2-20260203,2026-02-03T00:00:00+00:00,2026-02-03T10:00:00+00:00
2026-02-03T12:00:00+00:00,turbine-2,2026-02-03T16:00:00+00:00,4,0.567013,model-weather-experiment-640618020c918c13b93a05de,ecmwf00-a2d77f25-assumed-7b9a425c47be-2-20260203,2026-02-03T00:00:00+00:00,2026-02-03T10:00:00+00:00
2026-02-03T12:00:00+00:00,turbine-2,2026-02-03T17:00:00+00:00,5,0.515406,model-weather-experiment-640618020c918c13b93a05de,ecmwf00-a2d77f25-assumed-7b9a425c47be-2-20260203,2026-02-03T00:00:00+00:00,2026-02-03T10:00:00+00:00
2026-02-03T12:00:00+00:00,turbine-2,2026-02-03T18:00:00+00:00,6,0.550893,model-weather-experiment-640618020c918c13b93a05de,ecmwf00-a2d77f25-assumed-7b9a425c47be-2-20260203,2026-02-03T00:00:00+00:00,2026-02-03T10:00:00+00:00
2026-02-03T12:00:00+00:00,turbine-2,2026-02-03T19:00:00+00:00,7,0.654632,model-weather-experiment-640618020c918c13b93a05de,ecmwf00-a2d77f25-assumed-7b9a425c47be-2-20260203,2026-02-03T00:00:00+00:00,2026-02-03T10:00:00+00:00
2026-02-03T12:00:00+00:00,turbine-2,2026-02-03T20:00:00+00:00,8,0.542172,model-weather-experiment-640618020c918c13b93a05de,ecmwf00-a2d77f25-assumed-7b9a425c47be-2-20260203,2026-02-03T00:00:00+00:00,2026-02-03T10:00:00+00:00
2026-02-03T12:00:00+00:00,turbine-2,2026-02-03T21:00:00+00:00,9,0.676504,model-weather-experiment-640618020c918c13b93a05de,ecmwf00-a2d77f25-assumed-7b9a425c47be-2-20260203,2026-02-03T00:00:00+00:00,2026-02-03T10:00:00+00:00
2026-02-03T12:00:00+00:00,turbine-2,2026-02-03T22:00:00+00:00,10,0.593808,model-weather-experiment-640618020c918c13b93a05de,ecmwf00-a2d77f25-assumed-7b9a425c47be-2-20260203,2026-02-03T00:00:00+00:00,2026-02-03T10:00:00+00:00
2026-02-03T12:00:00+00:00,turbine-2,2026-02-03T23:00:00+00:00,11,0.750973,model-weather-experiment-640618020c918c13b93a05de,ecmwf00-a2d77f25-assumed-7b9a425c47be-2-20260203,2026-02-03T00:00:00+00:00,2026-02-03T10:00:00+00:00
2026-02-03T12:00:00+00:00,turbine-2,2026-02-04T00:00:00+00:00,12,0.62534,model-weather-experiment-640618020c918c13b93a05de,ecmwf00-a2d77f25-assumed-7b9a425c47be-2-20260203,2026-02-03T00:00:00+00:00,2026-02-03T10:00:00+00:00
2026-02-03T12:00:00+00:00,turbine-2,2026-02-04T01:00:00+00:00,13,0.453496,model-weather-experiment-640618020c918c13b93a05de,ecmwf00-a2d77f25-assumed-7b9a425c47be-2-20260203,2026-02-03T00:00:00+00:00,2026-02-03T10:00:00+00:00
2026-02-03T12:00:00+00:00,turbine-2,2026-02-04T02:00:00+00:00,14,0.467379,model-weather-experiment-640618020c918c13b93a05de,ecmwf00-a2d77f25-assumed-7b9a425c47be-2-20260203,2026-02-03T00:00:00+00:00,2026-02-03T10:00:00+00:00
2026-02-03T12:00:00+00:00,turbine-2,2026-02-04T03:00:00+00:00,15,0.470009,model-weather-experiment-640618020c918c13b93a05de,ecmwf00-a2d77f25-assumed-7b9a425c47be-2-20260203,2026-02-03T00:00:00+00:00,2026-02-03T10:00:00+00:00
2026-02-03T12:00:00+00:00,turbine-2,2026-02-04T04:00:00+00:00,16,0.532178,model-weather-experiment-640618020c918c13b93a05de,ecmwf00-a2d77f25-assumed-7b9a425c47be-2-20260203,2026-02-03T00:00:00+00:00,2026-02-03T10:00:00+00:00
2026-02-03T12:00:00+00:00,turbine-2,2026-02-04T05:00:00+00:00,17,0.520687,model-weather-experiment-640618020c918c13b93a05de,ecmwf00-a2d77f25-assumed-7b9a425c47be-2-20260203,2026-02-03T00:00:00+00:00,2026-02-03T10:00:00+00:00
2026-02-03T12:00:00+00:00,turbine-2,2026-02-04T06:00:00+00:00,18,0.273321,model-weather-experiment-640618020c918c13b93a05de,ecmwf00-a2d77f25-assumed-7b9a425c47be-2-20260203,2026-02-03T00:00:00+00:00,2026-02-03T10:00:00+00:00
2026-02-03T12:00:00+00:00,turbine-2,2026-02-04T07:00:00+00:00,19,0.11502,model-weather-experiment-640618020c918c13b93a05de,ecmwf00-a2d77f25-assumed-7b9a425c47be-2-20260203,2026-02-03T00:00:00+00:00,2026-02-03T10:00:00+00:00
2026-02-03T12:00:00+00:00,turbine-2,2026-02-04T08:00:00+00:00,20,0.107283,model-weather-experiment-640618020c918c13b93a05de,ecmwf00-a2d77f25-assumed-7b9a425c47be-2-20260203,2026-02-03T00:00:00+00:00,2026-02-03T10:00:00+00:00
2026-02-03T12:00:00+00:00,turbine-2,2026-02-04T09:00:00+00:00,21,0.109187,model-weather-experiment-640618020c918c13b93a05de,ecmwf00-a2d77f25-assumed-7b9a425c47be-2-20260203,2026-02-03T00:00:00+00:00,2026-02-03T10:00:00+00:00
2026-02-03T12:00:00+00:00,turbine-2,2026-02-04T10:00:00+00:00,22,0.136339,model-weather-experiment-640618020c918c13b93a05de,ecmwf00-a2d77f25-assumed-7b9a425c47be-2-20260203,2026-02-03T00:00:00+00:00,2026-02-03T10:00:00+00:00
2026-02-03T12:00:00+00:00,turbine-2,2026-02-04T11:00:00+00:00,23,0.108397,model-weather-experiment-640618020c918c13b93a05de,ecmwf00-a2d77f25-assumed-7b9a425c47be-2-20260203,2026-02-03T00:00:00+00:00,2026-02-03T10:00:00+00:00
2026-02-03T12:00:00+00:00,turbine-2,2026-02-04T12:00:00+00:00,24,0.064592,model-weather-experiment-640618020c918c13b93a05de,ecmwf00-a2d77f25-assumed-7b9a425c47be-2-20260203,2026-02-03T00:00:00+00:00,2026-02-03T10:00:00+00:00
2026-02-03T12:00:00+00:00,turbine-2,2026-02-04T13:00:00+00:00,25,0.077407,model-weather-experiment-640618020c918c13b93a05de,ecmwf00-a2d77f25-assumed-7b9a425c47be-2-20260203,2026-02-03T00:00:00+00:00,2026-02-03T10:00:00+00:00
2026-02-03T12:00:00+00:00,turbine-2,2026-02-04T14:00:00+00:00,26,0.139482,model-weather-experiment-640618020c918c13b93a05de,ecmwf00-a2d77f25-assumed-7b9a425c47be-2-20260203,2026-02-03T00:00:00+00:00,2026-02-03T10:00:00+00:00
2026-02-03T12:00:00+00:00,turbine-2,2026-02-04T15:00:00+00:00,27,0.473075,model-weather-experiment-640618020c918c13b93a05de,ecmwf00-a2d77f25-assumed-7b9a425c47be-2-20260203,2026-02-03T00:00:00+00:00,2026-02-03T10:00:00+00:00
2026-02-03T12:00:00+00:00,turbine-2,2026-02-04T16:00:00+00:00,28,0.503714,model-weather-experiment-640618020c918c13b93a05de,ecmwf00-a2d77f25-assumed-7b9a425c47be-2-20260203,2026-02-03T00:00:00+00:00,2026-02-03T10:00:00+00:00
2026-02-03T12:00:00+00:00,turbine-2,2026-02-04T17:00:00+00:00,29,0.581151,model-weather-experiment-640618020c918c13b93a05de,ecmwf00-a2d77f25-assumed-7b9a425c47be-2-20260203,2026-02-03T00:00:00+00:00,2026-02-03T10:00:00+00:00
2026-02-03T12:00:00+00:00,turbine-2,2026-02-04T18:00:00+00:00,30,0.677557,model-weather-experiment-640618020c918c13b93a05de,ecmwf00-a2d77f25-assumed-7b9a425c47be-2-20260203,2026-02-03T00:00:00+00:00,2026-02-03T10:00:00+00:00
2026-02-03T12:00:00+00:00,turbine-2,2026-02-04T19:00:00+00:00,31,0.726716,model-weather-experiment-640618020c918c13b93a05de,ecmwf00-a2d77f25-assumed-7b9a425c47be-2-20260203,2026-02-03T00:00:00+00:00,2026-02-03T10:00:00+00:00
2026-02-03T12:00:00+00:00,turbine-2,2026-02-04T20:00:00+00:00,32,0.794336,model-weather-experiment-640618020c918c13b93a05de,ecmwf00-a2d77f25-assumed-7b9a425c47be-2-20260203,2026-02-03T00:00:00+00:00,2026-02-03T10:00:00+00:00
2026-02-03T12:00:00+00:00,turbine-2,2026-02-04T21:00:00+00:00,33,0.817439,model-weather-experiment-640618020c918c13b93a05de,ecmwf00-a2d77f25-assumed-7b9a425c47be-2-20260203,2026-02-03T00:00:00+00:00,2026-02-03T10:00:00+00:00
2026-02-03T12:00:00+00:00,turbine-2,2026-02-04T22:00:00+00:00,34,0.920717,model-weather-experiment-640618020c918c13b93a05de,ecmwf00-a2d77f25-assumed-7b9a425c47be-2-20260203,2026-02-03T00:00:00+00:00,2026-02-03T10:00:00+00:00
2026-02-03T12:00:00+00:00,turbine-2,2026-02-04T23:00:00+00:00,35,0.978964,model-weather-experiment-640618020c918c13b93a05de,ecmwf00-a2d77f25-assumed-7b9a425c47be-2-20260203,2026-02-03T00:00:00+00:00,2026-02-03T10:00:00+00:00
2026-02-03T12:00:00+00:00,turbine-2,2026-02-05T00:00:00+00:00,36,0.959318,model-weather-experiment-640618020c918c13b93a05de,ecmwf00-a2d77f25-assumed-7b9a425c47be-2-20260203,2026-02-03T00:00:00+00:00,2026-02-03T10:00:00+00:00
2026-02-03T12:00:00+00:00,turbine-2,2026-02-05T01:00:00+00:00,37,0.943906,model-weather-experiment-640618020c918c13b93a05de,ecmwf00-a2d77f25-assumed-7b9a425c47be-2-20260203,2026-02-03T00:00:00+00:00,2026-02-03T10:00:00+00:00
2026-02-03T12:00:00+00:00,turbine-2,2026-02-05T02:00:00+00:00,38,0.929755,model-weather-experiment-640618020c918c13b93a05de,ecmwf00-a2d77f25-assumed-7b9a425c47be-2-20260203,2026-02-03T00:00:00+00:00,2026-02-03T10:00:00+00:00
2026-02-03T12:00:00+00:00,turbine-2,2026-02-05T03:00:00+00:00,39,0.936063,model-weather-experiment-640618020c918c13b93a05de,ecmwf00-a2d77f25-assumed-7b9a425c47be-2-20260203,2026-02-03T00:00:00+00:00,2026-02-03T10:00:00+00:00
2026-02-03T12:00:00+00:00,turbine-2,2026-02-05T04:00:00+00:00,40,0.952136,model-weather-experiment-640618020c918c13b93a05de,ecmwf00-a2d77f25-assumed-7b9a425c47be-2-20260203,2026-02-03T00:00:00+00:00,2026-02-03T10:00:00+00:00
2026-02-03T12:00:00+00:00,turbine-2,2026-02-05T05:00:00+00:00,41,0.952093,model-weather-experiment-640618020c918c13b93a05de,ecmwf00-a2d77f25-assumed-7b9a425c47be-2-20260203,2026-02-03T00:00:00+00:00,2026-02-03T10:00:00+00:00
2026-02-03T12:00:00+00:00,turbine-2,2026-02-05T06:00:00+00:00,42,0.937582,model-weather-experiment-640618020c918c13b93a05de,ecmwf00-a2d77f25-assumed-7b9a425c47be-2-20260203,2026-02-03T00:00:00+00:00,2026-02-03T10:00:00+00:00
2026-02-03T12:00:00+00:00,turbine-2,2026-02-05T07:00:00+00:00,43,0.942528,model-weather-experiment-640618020c918c13b93a05de,ecmwf00-a2d77f25-assumed-7b9a425c47be-2-20260203,2026-02-03T00:00:00+00:00,2026-02-03T10:00:00+00:00
2026-02-03T12:00:00+00:00,turbine-2,2026-02-05T08:00:00+00:00,44,0.941644,model-weather-experiment-640618020c918c13b93a05de,ecmwf00-a2d77f25-assumed-7b9a425c47be-2-20260203,2026-02-03T00:00:00+00:00,2026-02-03T10:00:00+00:00
2026-02-03T12:00:00+00:00,turbine-2,2026-02-05T09:00:00+00:00,45,0.950475,model-weather-experiment-640618020c918c13b93a05de,ecmwf00-a2d77f25-assumed-7b9a425c47be-2-20260203,2026-02-03T00:00:00+00:00,2026-02-03T10:00:00+00:00
2026-02-03T12:00:00+00:00,turbine-2,2026-02-05T10:00:00+00:00,46,0.991691,model-weather-experiment-640618020c918c13b93a05de,ecmwf00-a2d77f25-assumed-7b9a425c47be-2-20260203,2026-02-03T00:00:00+00:00,2026-02-03T10:00:00+00:00
2026-02-03T12:00:00+00:00,turbine-2,2026-02-05T11:00:00+00:00,47,1.0,model-weather-experiment-640618020c918c13b93a05de,ecmwf00-a2d77f25-assumed-7b9a425c47be-2-20260203,2026-02-03T00:00:00+00:00,2026-02-03T10:00:00+00:00
2026-02-03T12:00:00+00:00,turbine-2,2026-02-05T12:00:00+00:00,48,0.980774,model-weather-experiment-640618020c918c13b93a05de,ecmwf00-a2d77f25-assumed-7b9a425c47be-2-20260203,2026-02-03T00:00:00+00:00,2026-02-03T10:00:00+00:00
2026-02-04T12:00:00+00:00,turbine-1,2026-02-04T13:00:00+00:00,1,0.039137,model-weather-experiment-640618020c918c13b93a05de,ecmwf00-a2d77f25-assumed-7b9a425c47be-1-20260204,2026-02-04T00:00:00+00:00,2026-02-04T10:00:00+00:00
2026-02-04T12:00:00+00:00,turbine-1,2026-02-04T14:00:00+00:00,2,0.396457,model-weather-experiment-640618020c918c13b93a05de,ecmwf00-a2d77f25-assumed-7b9a425c47be-1-20260204,2026-02-04T00:00:00+00:00,2026-02-04T10:00:00+00:00
2026-02-04T12:00:00+00:00,turbine-1,2026-02-04T15:00:00+00:00,3,0.382698,model-weather-experiment-640618020c918c13b93a05de,ecmwf00-a2d77f25-assumed-7b9a425c47be-1-20260204,2026-02-04T00:00:00+00:00,2026-02-04T10:00:00+00:00
2026-02-04T12:00:00+00:00,turbine-1,2026-02-04T16:00:00+00:00,4,0.563048,model-weather-experiment-640618020c918c13b93a05de,ecmwf00-a2d77f25-assumed-7b9a425c47be-1-20260204,2026-02-04T00:00:00+00:00,2026-02-04T10:00:00+00:00
2026-02-04T12:00:00+00:00,turbine-1,2026-02-04T17:00:00+00:00,5,0.585816,model-weather-experiment-640618020c918c13b93a05de,ecmwf00-a2d77f25-assumed-7b9a425c47be-1-20260204,2026-02-04T00:00:00+00:00,2026-02-04T10:00:00+00:00
2026-02-04T12:00:00+00:00,turbine-1,2026-02-04T18:00:00+00:00,6,0.630093,model-weather-experiment-640618020c918c13b93a05de,ecmwf00-a2d77f25-assumed-7b9a425c47be-1-20260204,2026-02-04T00:00:00+00:00,2026-02-04T10:00:00+00:00
2026-02-04T12:00:00+00:00,turbine-1,2026-02-04T19:00:00+00:00,7,0.722672,model-weather-experiment-640618020c918c13b93a05de,ecmwf00-a2d77f25-assumed-7b9a425c47be-1-20260204,2026-02-04T00:00:00+00:00,2026-02-04T10:00:00+00:00
2026-02-04T12:00:00+00:00,turbine-1,2026-02-04T20:00:00+00:00,8,0.797286,model-weather-experiment-640618020c918c13b93a05de,ecmwf00-a2d77f25-assumed-7b9a425c47be-1-20260204,2026-02-04T00:00:00+00:00,2026-02-04T10:00:00+00:00
2026-02-04T12:00:00+00:00,turbine-1,2026-02-04T21:00:00+00:00,9,0.857398,model-weather-experiment-640618020c918c13b93a05de,ecmwf00-a2d77f25-assumed-7b9a425c47be-1-20260204,2026-02-04T00:00:00+00:00,2026-02-04T10:00:00+00:00
2026-02-04T12:00:00+00:00,turbine-1,2026-02-04T22:00:00+00:00,10,0.866942,model-weather-experiment-640618020c918c13b93a05de,ecmwf00-a2d77f25-assumed-7b9a425c47be-1-20260204,2026-02-04T00:00:00+00:00,2026-02-04T10:00:00+00:00
2026-02-04T12:00:00+00:00,turbine-1,2026-02-04T23:00:00+00:00,11,0.855027,model-weather-experiment-640618020c918c13b93a05de,ecmwf00-a2d77f25-assumed-7b9a425c47be-1-20260204,2026-02-04T00:00:00+00:00,2026-02-04T10:00:00+00:00
2026-02-04T12:00:00+00:00,turbine-1,2026-02-05T00:00:00+00:00,12,0.858813,model-weather-experiment-640618020c918c13b93a05de,ecmwf00-a2d77f25-assumed-7b9a425c47be-1-20260204,2026-02-04T00:00:00+00:00,2026-02-04T10:00:00+00:00
2026-02-04T12:00:00+00:00,turbine-1,2026-02-05T01:00:00+00:00,13,0.884205,model-weather-experiment-640618020c918c13b93a05de,ecmwf00-a2d77f25-assumed-7b9a425c47be-1-20260204,2026-02-04T00:00:00+00:00,2026-02-04T10:00:00+00:00
2026-02-04T12:00:00+00:00,turbine-1,2026-02-05T02:00:00+00:00,14,0.88478,model-weather-experiment-640618020c918c13b93a05de,ecmwf00-a2d77f25-assumed-7b9a425c47be-1-20260204,2026-02-04T00:00:00+00:00,2026-02-04T10:00:00+00:00
2026-02-04T12:00:00+00:00,turbine-1,2026-02-05T03:00:00+00:00,15,0.888642,model-weather-experiment-640618020c918c13b93a05de,ecmwf00-a2d77f25-assumed-7b9a425c47be-1-20260204,2026-02-04T00:00:00+00:00,2026-02-04T10:00:00+00:00
2026-02-04T12:00:00+00:00,turbine-1,2026-02-05T04:00:00+00:00,16,0.876221,model-weather-experiment-640618020c918c13b93a05de,ecmwf00-a2d77f25-assumed-7b9a425c47be-1-20260204,2026-02-04T00:00:00+00:00,2026-02-04T10:00:00+00:00
2026-02-04T12:00:00+00:00,turbine-1,2026-02-05T05:00:00+00:00,17,0.877017,model-weather-experiment-640618020c918c13b93a05de,ecmwf00-a2d77f25-assumed-7b9a425c47be-1-20260204,2026-02-04T00:00:00+00:00,2026-02-04T10:00:00+00:00
2026-02-04T12:00:00+00:00,turbine-1,2026-02-05T06:00:00+00:00,18,0.878301,model-weather-experiment-640618020c918c13b93a05de,ecmwf00-a2d77f25-assumed-7b9a425c47be-1-20260204,2026-02-04T00:00:00+00:00,2026-02-04T10:00:00+00:00
2026-02-04T12:00:00+00:00,turbine-1,2026-02-05T07:00:00+00:00,19,0.882532,model-weather-experiment-640618020c918c13b93a05de,ecmwf00-a2d77f25-assumed-7b9a425c47be-1-20260204,2026-02-04T00:00:00+00:00,2026-02-04T10:00:00+00:00
2026-02-04T12:00:00+00:00,turbine-1,2026-02-05T08:00:00+00:00,20,0.892525,model-weather-experiment-640618020c918c13b93a05de,ecmwf00-a2d77f25-assumed-7b9a425c47be-1-20260204,2026-02-04T00:00:00+00:00,2026-02-04T10:00:00+00:00
2026-02-04T12:00:00+00:00,turbine-1,2026-02-05T09:00:00+00:00,21,0.912811,model-weather-experiment-640618020c918c13b93a05de,ecmwf00-a2d77f25-assumed-7b9a425c47be-1-20260204,2026-02-04T00:00:00+00:00,2026-02-04T10:00:00+00:00
2026-02-04T12:00:00+00:00,turbine-1,2026-02-05T10:00:00+00:00,22,0.876328,model-weather-experiment-640618020c918c13b93a05de,ecmwf00-a2d77f25-assumed-7b9a425c47be-1-20260204,2026-02-04T00:00:00+00:00,2026-02-04T10:00:00+00:00
2026-02-04T12:00:00+00:00,turbine-1,2026-02-05T11:00:00+00:00,23,0.781539,model-weather-experiment-640618020c918c13b93a05de,ecmwf00-a2d77f25-assumed-7b9a425c47be-1-20260204,2026-02-04T00:00:00+00:00,2026-02-04T10:00:00+00:00
2026-02-04T12:00:00+00:00,turbine-1,2026-02-05T12:00:00+00:00,24,0.682746,model-weather-experiment-640618020c918c13b93a05de,ecmwf00-a2d77f25-assumed-7b9a425c47be-1-20260204,2026-02-04T00:00:00+00:00,2026-02-04T10:00:00+00:00
2026-02-04T12:00:00+00:00,turbine-1,2026-02-05T13:00:00+00:00,25,0.682887,model-weather-experiment-640618020c918c13b93a05de,ecmwf00-a2d77f25-assumed-7b9a425c47be-1-20260204,2026-02-04T00:00:00+00:00,2026-02-04T10:00:00+00:00
2026-02-04T12:00:00+00:00,turbine-1,2026-02-05T14:00:00+00:00,26,0.632507,model-weather-experiment-640618020c918c13b93a05de,ecmwf00-a2d77f25-assumed-7b9a425c47be-1-20260204,2026-02-04T00:00:00+00:00,2026-02-04T10:00:00+00:00
2026-02-04T12:00:00+00:00,turbine-1,2026-02-05T15:00:00+00:00,27,0.602505,model-weather-experiment-640618020c918c13b93a05de,ecmwf00-a2d77f25-assumed-7b9a425c47be-1-20260204,2026-02-04T00:00:00+00:00,2026-02-04T10:00:00+00:00
2026-02-04T12:00:00+00:00,turbine-1,2026-02-05T16:00:00+00:00,28,0.488283,model-weather-experiment-640618020c918c13b93a05de,ecmwf00-a2d77f25-assumed-7b9a425c47be-1-20260204,2026-02-04T00:00:00+00:00,2026-02-04T10:00:00+00:00
2026-02-04T12:00:00+00:00,turbine-1,2026-02-05T17:00:00+00:00,29,0.535849,model-weather-experiment-640618020c918c13b93a05de,ecmwf00-a2d77f25-assumed-7b9a425c47be-1-20260204,2026-02-04T00:00:00+00:00,2026-02-04T10:00:00+00:00
2026-02-04T12:00:00+00:00,turbine-1,2026-02-05T18:00:00+00:00,30,0.697124,model-weather-experiment-640618020c918c13b93a05de,ecmwf00-a2d77f25-assumed-7b9a425c47be-1-20260204,2026-02-04T00:00:00+00:00,2026-02-04T10:00:00+00:00
2026-02-04T12:00:00+00:00,turbine-1,2026-02-05T19:00:00+00:00,31,0.630623,model-weather-experiment-640618020c918c13b93a05de,ecmwf00-a2d77f25-assumed-7b9a425c47be-1-20260204,2026-02-04T00:00:00+00:00,2026-02-04T10:00:00+00:00
2026-02-04T12:00:00+00:00,turbine-1,2026-02-05T20:00:00+00:00,32,0.594056,model-weather-experiment-640618020c918c13b93a05de,ecmwf00-a2d77f25-assumed-7b9a425c47be-1-20260204,2026-02-04T00:00:00+00:00,2026-02-04T10:00:00+00:00
2026-02-04T12:00:00+00:00,turbine-1,2026-02-05T21:00:00+00:00,33,0.538604,model-weather-experiment-640618020c918c13b93a05de,ecmwf00-a2d77f25-assumed-7b9a425c47be-1-20260204,2026-02-04T00:00:00+00:00,2026-02-04T10:00:00+00:00
2026-02-04T12:00:00+00:00,turbine-1,2026-02-05T22:00:00+00:00,34,0.312381,model-weather-experiment-640618020c918c13b93a05de,ecmwf00-a2d77f25-assumed-7b9a425c47be-1-20260204,2026-02-04T00:00:00+00:00,2026-02-04T10:00:00+00:00
2026-02-04T12:00:00+00:00,turbine-1,2026-02-05T23:00:00+00:00,35,0.168475,model-weather-experiment-640618020c918c13b93a05de,ecmwf00-a2d77f25-assumed-7b9a425c47be-1-20260204,2026-02-04T00:00:00+00:00,2026-02-04T10:00:00+00:00
2026-02-04T12:00:00+00:00,turbine-1,2026-02-06T00:00:00+00:00,36,0.093201,model-weather-experiment-640618020c918c13b93a05de,ecmwf00-a2d77f25-assumed-7b9a425c47be-1-20260204,2026-02-04T00:00:00+00:00,2026-02-04T10:00:00+00:00
2026-02-04T12:00:00+00:00,turbine-1,2026-02-06T01:00:00+00:00,37,0.723465,model-weather-experiment-640618020c918c13b93a05de,ecmwf00-a2d77f25-assumed-7b9a425c47be-1-20260204,2026-02-04T00:00:00+00:00,2026-02-04T10:00:00+00:00
2026-02-04T12:00:00+00:00,turbine-1,2026-02-06T02:00:00+00:00,38,0.326148,model-weather-experiment-640618020c918c13b93a05de,ecmwf00-a2d77f25-assumed-7b9a425c47be-1-20260204,2026-02-04T00:00:00+00:00,2026-02-04T10:00:00+00:00
2026-02-04T12:00:00+00:00,turbine-1,2026-02-06T03:00:00+00:00,39,0.274288,model-weather-experiment-640618020c918c13b93a05de,ecmwf00-a2d77f25-assumed-7b9a425c47be-1-20260204,2026-02-04T00:00:00+00:00,2026-02-04T10:00:00+00:00
2026-02-04T12:00:00+00:00,turbine-1,2026-02-06T04:00:00+00:00,40,0.807042,model-weather-experiment-640618020c918c13b93a05de,ecmwf00-a2d77f25-assumed-7b9a425c47be-1-20260204,2026-02-04T00:00:00+00:00,2026-02-04T10:00:00+00:00
2026-02-04T12:00:00+00:00,turbine-1,2026-02-06T05:00:00+00:00,41,0.893492,model-weather-experiment-640618020c918c13b93a05de,ecmwf00-a2d77f25-assumed-7b9a425c47be-1-20260204,2026-02-04T00:00:00+00:00,2026-02-04T10:00:00+00:00
2026-02-04T12:00:00+00:00,turbine-1,2026-02-06T06:00:00+00:00,42,0.895969,model-weather-experiment-640618020c918c13b93a05de,ecmwf00-a2d77f25-assumed-7b9a425c47be-1-20260204,2026-02-04T00:00:00+00:00,2026-02-04T10:00:00+00:00
2026-02-04T12:00:00+00:00,turbine-1,2026-02-06T07:00:00+00:00,43,0.891238,model-weather-experiment-640618020c918c13b93a05de,ecmwf00-a2d77f25-assumed-7b9a425c47be-1-20260204,2026-02-04T00:00:00+00:00,2026-02-04T10:00:00+00:00
2026-02-04T12:00:00+00:00,turbine-1,2026-02-06T08:00:00+00:00,44,0.872051,model-weather-experiment-640618020c918c13b93a05de,ecmwf00-a2d77f25-assumed-7b9a425c47be-1-20260204,2026-02-04T00:00:00+00:00,2026-02-04T10:00:00+00:00
2026-02-04T12:00:00+00:00,turbine-1,2026-02-06T09:00:00+00:00,45,0.906514,model-weather-experiment-640618020c918c13b93a05de,ecmwf00-a2d77f25-assumed-7b9a425c47be-1-20260204,2026-02-04T00:00:00+00:00,2026-02-04T10:00:00+00:00
2026-02-04T12:00:00+00:00,turbine-1,2026-02-06T10:00:00+00:00,46,0.890435,model-weather-experiment-640618020c918c13b93a05de,ecmwf00-a2d77f25-assumed-7b9a425c47be-1-20260204,2026-02-04T00:00:00+00:00,2026-02-04T10:00:00+00:00
2026-02-04T12:00:00+00:00,turbine-1,2026-02-06T11:00:00+00:00,47,0.889656,model-weather-experiment-640618020c918c13b93a05de,ecmwf00-a2d77f25-assumed-7b9a425c47be-1-20260204,2026-02-04T00:00:00+00:00,2026-02-04T10:00:00+00:00
2026-02-04T12:00:00+00:00,turbine-1,2026-02-06T12:00:00+00:00,48,0.871487,model-weather-experiment-640618020c918c13b93a05de,ecmwf00-a2d77f25-assumed-7b9a425c47be-1-20260204,2026-02-04T00:00:00+00:00,2026-02-04T10:00:00+00:00
2026-02-04T12:00:00+00:00,turbine-2,2026-02-04T13:00:00+00:00,1,0.058677,model-weather-experiment-640618020c918c13b93a05de,ecmwf00-a2d77f25-assumed-7b9a425c47be-2-20260204,2026-02-04T00:00:00+00:00,2026-02-04T10:00:00+00:00
2026-02-04T12:00:00+00:00,turbine-2,2026-02-04T14:00:00+00:00,2,0.333205,model-weather-experiment-640618020c918c13b93a05de,ecmwf00-a2d77f25-assumed-7b9a425c47be-2-20260204,2026-02-04T00:00:00+00:00,2026-02-04T10:00:00+00:00
2026-02-04T12:00:00+00:00,turbine-2,2026-02-04T15:00:00+00:00,3,0.330551,model-weather-experiment-640618020c918c13b93a05de,ecmwf00-a2d77f25-assumed-7b9a425c47be-2-20260204,2026-02-04T00:00:00+00:00,2026-02-04T10:00:00+00:00
2026-02-04T12:00:00+00:00,turbine-2,2026-02-04T16:00:00+00:00,4,0.563465,model-weather-experiment-640618020c918c13b93a05de,ecmwf00-a2d77f25-assumed-7b9a425c47be-2-20260204,2026-02-04T00:00:00+00:00,2026-02-04T10:00:00+00:00
2026-02-04T12:00:00+00:00,turbine-2,2026-02-04T17:00:00+00:00,5,0.578186,model-weather-experiment-640618020c918c13b93a05de,ecmwf00-a2d77f25-assumed-7b9a425c47be-2-20260204,2026-02-04T00:00:00+00:00,2026-02-04T10:00:00+00:00
2026-02-04T12:00:00+00:00,turbine-2,2026-02-04T18:00:00+00:00,6,0.617321,model-weather-experiment-640618020c918c13b93a05de,ecmwf00-a2d77f25-assumed-7b9a425c47be-2-20260204,2026-02-04T00:00:00+00:00,2026-02-04T10:00:00+00:00
2026-02-04T12:00:00+00:00,turbine-2,2026-02-04T19:00:00+00:00,7,0.733516,model-weather-experiment-640618020c918c13b93a05de,ecmwf00-a2d77f25-assumed-7b9a425c47be-2-20260204,2026-02-04T00:00:00+00:00,2026-02-04T10:00:00+00:00
2026-02-04T12:00:00+00:00,turbine-2,2026-02-04T20:00:00+00:00,8,0.816197,model-weather-experiment-640618020c918c13b93a05de,ecmwf00-a2d77f25-assumed-7b9a425c47be-2-20260204,2026-02-04T00:00:00+00:00,2026-02-04T10:00:00+00:00
2026-02-04T12:00:00+00:00,turbine-2,2026-02-04T21:00:00+00:00,9,0.869405,model-weather-experiment-640618020c918c13b93a05de,ecmwf00-a2d77f25-assumed-7b9a425c47be-2-20260204,2026-02-04T00:00:00+00:00,2026-02-04T10:00:00+00:00
2026-02-04T12:00:00+00:00,turbine-2,2026-02-04T22:00:00+00:00,10,0.965098,model-weather-experiment-640618020c918c13b93a05de,ecmwf00-a2d77f25-assumed-7b9a425c47be-2-20260204,2026-02-04T00:00:00+00:00,2026-02-04T10:00:00+00:00
2026-02-04T12:00:00+00:00,turbine-2,2026-02-04T23:00:00+00:00,11,0.948999,model-weather-experiment-640618020c918c13b93a05de,ecmwf00-a2d77f25-assumed-7b9a425c47be-2-20260204,2026-02-04T00:00:00+00:00,2026-02-04T10:00:00+00:00
2026-02-04T12:00:00+00:00,turbine-2,2026-02-05T00:00:00+00:00,12,0.931926,model-weather-experiment-640618020c918c13b93a05de,ecmwf00-a2d77f25-assumed-7b9a425c47be-2-20260204,2026-02-04T00:00:00+00:00,2026-02-04T10:00:00+00:00
2026-02-04T12:00:00+00:00,turbine-2,2026-02-05T01:00:00+00:00,13,0.925782,model-weather-experiment-640618020c918c13b93a05de,ecmwf00-a2d77f25-assumed-7b9a425c47be-2-20260204,2026-02-04T00:00:00+00:00,2026-02-04T10:00:00+00:00
2026-02-04T12:00:00+00:00,turbine-2,2026-02-05T02:00:00+00:00,14,0.924766,model-weather-experiment-640618020c918c13b93a05de,ecmwf00-a2d77f25-assumed-7b9a425c47be-2-20260204,2026-02-04T00:00:00+00:00,2026-02-04T10:00:00+00:00
2026-02-04T12:00:00+00:00,turbine-2,2026-02-05T03:00:00+00:00,15,0.956756,model-weather-experiment-640618020c918c13b93a05de,ecmwf00-a2d77f25-assumed-7b9a425c47be-2-20260204,2026-02-04T00:00:00+00:00,2026-02-04T10:00:00+00:00
2026-02-04T12:00:00+00:00,turbine-2,2026-02-05T04:00:00+00:00,16,0.933787,model-weather-experiment-640618020c918c13b93a05de,ecmwf00-a2d77f25-assumed-7b9a425c47be-2-20260204,2026-02-04T00:00:00+00:00,2026-02-04T10:00:00+00:00
2026-02-04T12:00:00+00:00,turbine-2,2026-02-05T05:00:00+00:00,17,0.937787,model-weather-experiment-640618020c918c13b93a05de,ecmwf00-a2d77f25-assumed-7b9a425c47be-2-20260204,2026-02-04T00:00:00+00:00,2026-02-04T10:00:00+00:00
2026-02-04T12:00:00+00:00,turbine-2,2026-02-05T06:00:00+00:00,18,0.934862,model-weather-experiment-640618020c918c13b93a05de,ecmwf00-a2d77f25-assumed-7b9a425c47be-2-20260204,2026-02-04T00:00:00+00:00,2026-02-04T10:00:00+00:00
2026-02-04T12:00:00+00:00,turbine-2,2026-02-05T07:00:00+00:00,19,0.940525,model-weather-experiment-640618020c918c13b93a05de,ecmwf00-a2d77f25-assumed-7b9a425c47be-2-20260204,2026-02-04T00:00:00+00:00,2026-02-04T10:00:00+00:00
2026-02-04T12:00:00+00:00,turbine-2,2026-02-05T08:00:00+00:00,20,0.943515,model-weather-experiment-640618020c918c13b93a05de,ecmwf00-a2d77f25-assumed-7b9a425c47be-2-20260204,2026-02-04T00:00:00+00:00,2026-02-04T10:00:00+00:00
2026-02-04T12:00:00+00:00,turbine-2,2026-02-05T09:00:00+00:00,21,0.944796,model-weather-experiment-640618020c918c13b93a05de,ecmwf00-a2d77f25-assumed-7b9a425c47be-2-20260204,2026-02-04T00:00:00+00:00,2026-02-04T10:00:00+00:00
2026-02-04T12:00:00+00:00,turbine-2,2026-02-05T10:00:00+00:00,22,0.882931,model-weather-experiment-640618020c918c13b93a05de,ecmwf00-a2d77f25-assumed-7b9a425c47be-2-20260204,2026-02-04T00:00:00+00:00,2026-02-04T10:00:00+00:00
2026-02-04T12:00:00+00:00,turbine-2,2026-02-05T11:00:00+00:00,23,0.770949,model-weather-experiment-640618020c918c13b93a05de,ecmwf00-a2d77f25-assumed-7b9a425c47be-2-20260204,2026-02-04T00:00:00+00:00,2026-02-04T10:00:00+00:00
2026-02-04T12:00:00+00:00,turbine-2,2026-02-05T12:00:00+00:00,24,0.634601,model-weather-experiment-640618020c918c13b93a05de,ecmwf00-a2d77f25-assumed-7b9a425c47be-2-20260204,2026-02-04T00:00:00+00:00,2026-02-04T10:00:00+00:00
2026-02-04T12:00:00+00:00,turbine-2,2026-02-05T13:00:00+00:00,25,0.592212,model-weather-experiment-640618020c918c13b93a05de,ecmwf00-a2d77f25-assumed-7b9a425c47be-2-20260204,2026-02-04T00:00:00+00:00,2026-02-04T10:00:00+00:00
2026-02-04T12:00:00+00:00,turbine-2,2026-02-05T14:00:00+00:00,26,0.533896,model-weather-experiment-640618020c918c13b93a05de,ecmwf00-a2d77f25-assumed-7b9a425c47be-2-20260204,2026-02-04T00:00:00+00:00,2026-02-04T10:00:00+00:00
2026-02-04T12:00:00+00:00,turbine-2,2026-02-05T15:00:00+00:00,27,0.519425,model-weather-experiment-640618020c918c13b93a05de,ecmwf00-a2d77f25-assumed-7b9a425c47be-2-20260204,2026-02-04T00:00:00+00:00,2026-02-04T10:00:00+00:00
2026-02-04T12:00:00+00:00,turbine-2,2026-02-05T16:00:00+00:00,28,0.419384,model-weather-experiment-640618020c918c13b93a05de,ecmwf00-a2d77f25-assumed-7b9a425c47be-2-20260204,2026-02-04T00:00:00+00:00,2026-02-04T10:00:00+00:00
2026-02-04T12:00:00+00:00,turbine-2,2026-02-05T17:00:00+00:00,29,0.491872,model-weather-experiment-640618020c918c13b93a05de,ecmwf00-a2d77f25-assumed-7b9a425c47be-2-20260204,2026-02-04T00:00:00+00:00,2026-02-04T10:00:00+00:00
2026-02-04T12:00:00+00:00,turbine-2,2026-02-05T18:00:00+00:00,30,0.642742,model-weather-experiment-640618020c918c13b93a05de,ecmwf00-a2d77f25-assumed-7b9a425c47be-2-20260204,2026-02-04T00:00:00+00:00,2026-02-04T10:00:00+00:00
2026-02-04T12:00:00+00:00,turbine-2,2026-02-05T19:00:00+00:00,31,0.579664,model-weather-experiment-640618020c918c13b93a05de,ecmwf00-a2d77f25-assumed-7b9a425c47be-2-20260204,2026-02-04T00:00:00+00:00,2026-02-04T10:00:00+00:00
2026-02-04T12:00:00+00:00,turbine-2,2026-02-05T20:00:00+00:00,32,0.565479,model-weather-experiment-640618020c918c13b93a05de,ecmwf00-a2d77f25-assumed-7b9a425c47be-2-20260204,2026-02-04T00:00:00+00:00,2026-02-04T10:00:00+00:00
2026-02-04T12:00:00+00:00,turbine-2,2026-02-05T21:00:00+00:00,33,0.477298,model-weather-experiment-640618020c918c13b93a05de,ecmwf00-a2d77f25-assumed-7b9a425c47be-2-20260204,2026-02-04T00:00:00+00:00,2026-02-04T10:00:00+00:00
2026-02-04T12:00:00+00:00,turbine-2,2026-02-05T22:00:00+00:00,34,0.25299,model-weather-experiment-640618020c918c13b93a05de,ecmwf00-a2d77f25-assumed-7b9a425c47be-2-20260204,2026-02-04T00:00:00+00:00,2026-02-04T10:00:00+00:00
2026-02-04T12:00:00+00:00,turbine-2,2026-02-05T23:00:00+00:00,35,0.124618,model-weather-experiment-640618020c918c13b93a05de,ecmwf00-a2d77f25-assumed-7b9a425c47be-2-20260204,2026-02-04T00:00:00+00:00,2026-02-04T10:00:00+00:00
2026-02-04T12:00:00+00:00,turbine-2,2026-02-06T00:00:00+00:00,36,0.089736,model-weather-experiment-640618020c918c13b93a05de,ecmwf00-a2d77f25-assumed-7b9a425c47be-2-20260204,2026-02-04T00:00:00+00:00,2026-02-04T10:00:00+00:00
2026-02-04T12:00:00+00:00,turbine-2,2026-02-06T01:00:00+00:00,37,0.744228,model-weather-experiment-640618020c918c13b93a05de,ecmwf00-a2d77f25-assumed-7b9a425c47be-2-20260204,2026-02-04T00:00:00+00:00,2026-02-04T10:00:00+00:00
2026-02-04T12:00:00+00:00,turbine-2,2026-02-06T02:00:00+00:00,38,0.30055,model-weather-experiment-640618020c918c13b93a05de,ecmwf00-a2d77f25-assumed-7b9a425c47be-2-20260204,2026-02-04T00:00:00+00:00,2026-02-04T10:00:00+00:00
2026-02-04T12:00:00+00:00,turbine-2,2026-02-06T03:00:00+00:00,39,0.213363,model-weather-experiment-640618020c918c13b93a05de,ecmwf00-a2d77f25-assumed-7b9a425c47be-2-20260204,2026-02-04T00:00:00+00:00,2026-02-04T10:00:00+00:00
2026-02-04T12:00:00+00:00,turbine-2,2026-02-06T04:00:00+00:00,40,0.821017,model-weather-experiment-640618020c918c13b93a05de,ecmwf00-a2d77f25-assumed-7b9a425c47be-2-20260204,2026-02-04T00:00:00+00:00,2026-02-04T10:00:00+00:00
2026-02-04T12:00:00+00:00,turbine-2,2026-02-06T05:00:00+00:00,41,0.89949,model-weather-experiment-640618020c918c13b93a05de,ecmwf00-a2d77f25-assumed-7b9a425c47be-2-20260204,2026-02-04T00:00:00+00:00,2026-02-04T10:00:00+00:00
2026-02-04T12:00:00+00:00,turbine-2,2026-02-06T06:00:00+00:00,42,0.895799,model-weather-experiment-640618020c918c13b93a05de,ecmwf00-a2d77f25-assumed-7b9a425c47be-2-20260204,2026-02-04T00:00:00+00:00,2026-02-04T10:00:00+00:00
2026-02-04T12:00:00+00:00,turbine-2,2026-02-06T07:00:00+00:00,43,0.894254,model-weather-experiment-640618020c918c13b93a05de,ecmwf00-a2d77f25-assumed-7b9a425c47be-2-20260204,2026-02-04T00:00:00+00:00,2026-02-04T10:00:00+00:00
2026-02-04T12:00:00+00:00,turbine-2,2026-02-06T08:00:00+00:00,44,0.906437,model-weather-experiment-640618020c918c13b93a05de,ecmwf00-a2d77f25-assumed-7b9a425c47be-2-20260204,2026-02-04T00:00:00+00:00,2026-02-04T10:00:00+00:00
2026-02-04T12:00:00+00:00,turbine-2,2026-02-06T09:00:00+00:00,45,0.903814,model-weather-experiment-640618020c918c13b93a05de,ecmwf00-a2d77f25-assumed-7b9a425c47be-2-20260204,2026-02-04T00:00:00+00:00,2026-02-04T10:00:00+00:00
2026-02-04T12:00:00+00:00,turbine-2,2026-02-06T10:00:00+00:00,46,0.906353,model-weather-experiment-640618020c918c13b93a05de,ecmwf00-a2d77f25-assumed-7b9a425c47be-2-20260204,2026-02-04T00:00:00+00:00,2026-02-04T10:00:00+00:00
2026-02-04T12:00:00+00:00,turbine-2,2026-02-06T11:00:00+00:00,47,0.907605,model-weather-experiment-640618020c918c13b93a05de,ecmwf00-a2d77f25-assumed-7b9a425c47be-2-20260204,2026-02-04T00:00:00+00:00,2026-02-04T10:00:00+00:00
2026-02-04T12:00:00+00:00,turbine-2,2026-02-06T12:00:00+00:00,48,0.915403,model-weather-experiment-640618020c918c13b93a05de,ecmwf00-a2d77f25-assumed-7b9a425c47be-2-20260204,2026-02-04T00:00:00+00:00,2026-02-04T10:00:00+00:00
2026-02-05T12:00:00+00:00,turbine-1,2026-02-05T13:00:00+00:00,1,0.577285,model-weather-experiment-640618020c918c13b93a05de,ecmwf00-a2d77f25-assumed-7b9a425c47be-1-20260205,2026-02-05T00:00:00+00:00,2026-02-05T10:00:00+00:00
2026-02-05T12:00:00+00:00,turbine-1,2026-02-05T14:00:00+00:00,2,0.651036,model-weather-experiment-640618020c918c13b93a05de,ecmwf00-a2d77f25-assumed-7b9a425c47be-1-20260205,2026-02-05T00:00:00+00:00,2026-02-05T10:00:00+00:00
2026-02-05T12:00:00+00:00,turbine-1,2026-02-05T15:00:00+00:00,3,0.597986,model-weather-experiment-640618020c918c13b93a05de,ecmwf00-a2d77f25-assumed-7b9a425c47be-1-20260205,2026-02-05T00:00:00+00:00,2026-02-05T10:00:00+00:00
2026-02-05T12:00:00+00:00,turbine-1,2026-02-05T16:00:00+00:00,4,0.554039,model-weather-experiment-640618020c918c13b93a05de,ecmwf00-a2d77f25-assumed-7b9a425c47be-1-20260205,2026-02-05T00:00:00+00:00,2026-02-05T10:00:00+00:00
2026-02-05T12:00:00+00:00,turbine-1,2026-02-05T17:00:00+00:00,5,0.477882,model-weather-experiment-640618020c918c13b93a05de,ecmwf00-a2d77f25-assumed-7b9a425c47be-1-20260205,2026-02-05T00:00:00+00:00,2026-02-05T10:00:00+00:00
2026-02-05T12:00:00+00:00,turbine-1,2026-02-05T18:00:00+00:00,6,0.446183,model-weather-experiment-640618020c918c13b93a05de,ecmwf00-a2d77f25-assumed-7b9a425c47be-1-20260205,2026-02-05T00:00:00+00:00,2026-02-05T10:00:00+00:00
2026-02-05T12:00:00+00:00,turbine-1,2026-02-05T19:00:00+00:00,7,0.411681,model-weather-experiment-640618020c918c13b93a05de,ecmwf00-a2d77f25-assumed-7b9a425c47be-1-20260205,2026-02-05T00:00:00+00:00,2026-02-05T10:00:00+00:00
2026-02-05T12:00:00+00:00,turbine-1,2026-02-05T20:00:00+00:00,8,0.340089,model-weather-experiment-640618020c918c13b93a05de,ecmwf00-a2d77f25-assumed-7b9a425c47be-1-20260205,2026-02-05T00:00:00+00:00,2026-02-05T10:00:00+00:00
2026-02-05T12:00:00+00:00,turbine-1,2026-02-05T21:00:00+00:00,9,0.226278,model-weather-experiment-640618020c918c13b93a05de,ecmwf00-a2d77f25-assumed-7b9a425c47be-1-20260205,2026-02-05T00:00:00+00:00,2026-02-05T10:00:00+00:00
2026-02-05T12:00:00+00:00,turbine-1,2026-02-05T22:00:00+00:00,10,0.210192,model-weather-experiment-640618020c918c13b93a05de,ecmwf00-a2d77f25-assumed-7b9a425c47be-1-20260205,2026-02-05T00:00:00+00:00,2026-02-05T10:00:00+00:00
2026-02-05T12:00:00+00:00,turbine-1,2026-02-05T23:00:00+00:00,11,0.171147,model-weather-experiment-640618020c918c13b93a05de,ecmwf00-a2d77f25-assumed-7b9a425c47be-1-20260205,2026-02-05T00:00:00+00:00,2026-02-05T10:00:00+00:00
2026-02-05T12:00:00+00:00,turbine-1,2026-02-06T00:00:00+00:00,12,0.086164,model-weather-experiment-640618020c918c13b93a05de,ecmwf00-a2d77f25-assumed-7b9a425c47be-1-20260205,2026-02-05T00:00:00+00:00,2026-02-05T10:00:00+00:00
2026-02-05T12:00:00+00:00,turbine-1,2026-02-06T01:00:00+00:00,13,0.020816,model-weather-experiment-640618020c918c13b93a05de,ecmwf00-a2d77f25-assumed-7b9a425c47be-1-20260205,2026-02-05T00:00:00+00:00,2026-02-05T10:00:00+00:00
2026-02-05T12:00:00+00:00,turbine-1,2026-02-06T02:00:00+00:00,14,0.334701,model-weather-experiment-640618020c918c13b93a05de,ecmwf00-a2d77f25-assumed-7b9a425c47be-1-20260205,2026-02-05T00:00:00+00:00,2026-02-05T10:00:00+00:00
2026-02-05T12:00:00+00:00,turbine-1,2026-02-06T03:00:00+00:00,15,0.545216,model-weather-experiment-640618020c918c13b93a05de,ecmwf00-a2d77f25-assumed-7b9a425c47be-1-20260205,2026-02-05T00:00:00+00:00,2026-02-05T10:00:00+00:00
2026-02-05T12:00:00+00:00,turbine-1,2026-02-06T04:00:00+00:00,16,0.260683,model-weather-experiment-640618020c918c13b93a05de,ecmwf00-a2d77f25-assumed-7b9a425c47be-1-20260205,2026-02-05T00:00:00+00:00,2026-02-05T10:00:00+00:00
2026-02-05T12:00:00+00:00,turbine-1,2026-02-06T05:00:00+00:00,17,0.05409,model-weather-experiment-640618020c918c13b93a05de,ecmwf00-a2d77f25-assumed-7b9a425c47be-1-20260205,2026-02-05T00:00:00+00:00,2026-02-05T10:00:00+00:00
2026-02-05T12:00:00+00:00,turbine-1,2026-02-06T06:00:00+00:00,18,0.202416,model-weather-experiment-640618020c918c13b93a05de,ecmwf00-a2d77f25-assumed-7b9a425c47be-1-20260205,2026-02-05T00:00:00+00:00,2026-02-05T10:00:00+00:00
2026-02-05T12:00:00+00:00,turbine-1,2026-02-06T07:00:00+00:00,19,0.869549,model-weather-experiment-640618020c918c13b93a05de,ecmwf00-a2d77f25-assumed-7b9a425c47be-1-20260205,2026-02-05T00:00:00+00:00,2026-02-05T10:00:00+00:00
2026-02-05T12:00:00+00:00,turbine-1,2026-02-06T08:00:00+00:00,20,0.859268,model-weather-experiment-640618020c918c13b93a05de,ecmwf00-a2d77f25-assumed-7b9a425c47be-1-20260205,2026-02-05T00:00:00+00:00,2026-02-05T10:00:00+00:00
2026-02-05T12:00:00+00:00,turbine-1,2026-02-06T09:00:00+00:00,21,0.87964,model-weather-experiment-640618020c918c13b93a05de,ecmwf00-a2d77f25-assumed-7b9a425c47be-1-20260205,2026-02-05T00:00:00+00:00,2026-02-05T10:00:00+00:00
2026-02-05T12:00:00+00:00,turbine-1,2026-02-06T10:00:00+00:00,22,0.913673,model-weather-experiment-640618020c918c13b93a05de,ecmwf00-a2d77f25-assumed-7b9a425c47be-1-20260205,2026-02-05T00:00:00+00:00,2026-02-05T10:00:00+00:00
2026-02-05T12:00:00+00:00,turbine-1,2026-02-06T11:00:00+00:00,23,0.9149,model-weather-experiment-640618020c918c13b93a05de,ecmwf00-a2d77f25-assumed-7b9a425c47be-1-20260205,2026-02-05T00:00:00+00:00,2026-02-05T10:00:00+00:00
2026-02-05T12:00:00+00:00,turbine-1,2026-02-06T12:00:00+00:00,24,0.893545,model-weather-experiment-640618020c918c13b93a05de,ecmwf00-a2d77f25-assumed-7b9a425c47be-1-20260205,2026-02-05T00:00:00+00:00,2026-02-05T10:00:00+00:00
2026-02-05T12:00:00+00:00,turbine-1,2026-02-06T13:00:00+00:00,25,0.886883,model-weather-experiment-640618020c918c13b93a05de,ecmwf00-a2d77f25-assumed-7b9a425c47be-1-20260205,2026-02-05T00:00:00+00:00,2026-02-05T10:00:00+00:00
2026-02-05T12:00:00+00:00,turbine-1,2026-02-06T14:00:00+00:00,26,0.898319,model-weather-experiment-640618020c918c13b93a05de,ecmwf00-a2d77f25-assumed-7b9a425c47be-1-20260205,2026-02-05T00:00:00+00:00,2026-02-05T10:00:00+00:00
2026-02-05T12:00:00+00:00,turbine-1,2026-02-06T15:00:00+00:00,27,0.877155,model-weather-experiment-640618020c918c13b93a05de,ecmwf00-a2d77f25-assumed-7b9a425c47be-1-20260205,2026-02-05T00:00:00+00:00,2026-02-05T10:00:00+00:00
2026-02-05T12:00:00+00:00,turbine-1,2026-02-06T16:00:00+00:00,28,0.878841,model-weather-experiment-640618020c918c13b93a05de,ecmwf00-a2d77f25-assumed-7b9a425c47be-1-20260205,2026-02-05T00:00:00+00:00,2026-02-05T10:00:00+00:00
2026-02-05T12:00:00+00:00,turbine-1,2026-02-06T17:00:00+00:00,29,0.875421,model-weather-experiment-640618020c918c13b93a05de,ecmwf00-a2d77f25-assumed-7b9a425c47be-1-20260205,2026-02-05T00:00:00+00:00,2026-02-05T10:00:00+00:00
2026-02-05T12:00:00+00:00,turbine-1,2026-02-06T18:00:00+00:00,30,0.853684,model-weather-experiment-640618020c918c13b93a05de,ecmwf00-a2d77f25-assumed-7b9a425c47be-1-20260205,2026-02-05T00:00:00+00:00,2026-02-05T10:00:00+00:00
2026-02-05T12:00:00+00:00,turbine-1,2026-02-06T19:00:00+00:00,31,0.832665,model-weather-experiment-640618020c918c13b93a05de,ecmwf00-a2d77f25-assumed-7b9a425c47be-1-20260205,2026-02-05T00:00:00+00:00,2026-02-05T10:00:00+00:00
2026-02-05T12:00:00+00:00,turbine-1,2026-02-06T20:00:00+00:00,32,0.666184,model-weather-experiment-640618020c918c13b93a05de,ecmwf00-a2d77f25-assumed-7b9a425c47be-1-20260205,2026-02-05T00:00:00+00:00,2026-02-05T10:00:00+00:00
2026-02-05T12:00:00+00:00,turbine-1,2026-02-06T21:00:00+00:00,33,0.540248,model-weather-experiment-640618020c918c13b93a05de,ecmwf00-a2d77f25-assumed-7b9a425c47be-1-20260205,2026-02-05T00:00:00+00:00,2026-02-05T10:00:00+00:00
2026-02-05T12:00:00+00:00,turbine-1,2026-02-06T22:00:00+00:00,34,0.436596,model-weather-experiment-640618020c918c13b93a05de,ecmwf00-a2d77f25-assumed-7b9a425c47be-1-20260205,2026-02-05T00:00:00+00:00,2026-02-05T10:00:00+00:00
2026-02-05T12:00:00+00:00,turbine-1,2026-02-06T23:00:00+00:00,35,0.358107,model-weather-experiment-640618020c918c13b93a05de,ecmwf00-a2d77f25-assumed-7b9a425c47be-1-20260205,2026-02-05T00:00:00+00:00,2026-02-05T10:00:00+00:00
2026-02-05T12:00:00+00:00,turbine-1,2026-02-07T00:00:00+00:00,36,0.285118,model-weather-experiment-640618020c918c13b93a05de,ecmwf00-a2d77f25-assumed-7b9a425c47be-1-20260205,2026-02-05T00:00:00+00:00,2026-02-05T10:00:00+00:00
2026-02-05T12:00:00+00:00,turbine-1,2026-02-07T01:00:00+00:00,37,0.16901,model-weather-experiment-640618020c918c13b93a05de,ecmwf00-a2d77f25-assumed-7b9a425c47be-1-20260205,2026-02-05T00:00:00+00:00,2026-02-05T10:00:00+00:00
2026-02-05T12:00:00+00:00,turbine-1,2026-02-07T02:00:00+00:00,38,0.05089,model-weather-experiment-640618020c918c13b93a05de,ecmwf00-a2d77f25-assumed-7b9a425c47be-1-20260205,2026-02-05T00:00:00+00:00,2026-02-05T10:00:00+00:00
2026-02-05T12:00:00+00:00,turbine-1,2026-02-07T03:00:00+00:00,39,0.049638,model-weather-experiment-640618020c918c13b93a05de,ecmwf00-a2d77f25-assumed-7b9a425c47be-1-20260205,2026-02-05T00:00:00+00:00,2026-02-05T10:00:00+00:00
2026-02-05T12:00:00+00:00,turbine-1,2026-02-07T04:00:00+00:00,40,0.050708,model-weather-experiment-640618020c918c13b93a05de,ecmwf00-a2d77f25-assumed-7b9a425c47be-1-20260205,2026-02-05T00:00:00+00:00,2026-02-05T10:00:00+00:00
2026-02-05T12:00:00+00:00,turbine-1,2026-02-07T05:00:00+00:00,41,0.066671,model-weather-experiment-640618020c918c13b93a05de,ecmwf00-a2d77f25-assumed-7b9a425c47be-1-20260205,2026-02-05T00:00:00+00:00,2026-02-05T10:00:00+00:00
2026-02-05T12:00:00+00:00,turbine-1,2026-02-07T06:00:00+00:00,42,0.084977,model-weather-experiment-640618020c918c13b93a05de,ecmwf00-a2d77f25-assumed-7b9a425c47be-1-20260205,2026-02-05T00:00:00+00:00,2026-02-05T10:00:00+00:00
2026-02-05T12:00:00+00:00,turbine-1,2026-02-07T07:00:00+00:00,43,0.174929,model-weather-experiment-640618020c918c13b93a05de,ecmwf00-a2d77f25-assumed-7b9a425c47be-1-20260205,2026-02-05T00:00:00+00:00,2026-02-05T10:00:00+00:00
2026-02-05T12:00:00+00:00,turbine-1,2026-02-07T08:00:00+00:00,44,0.249535,model-weather-experiment-640618020c918c13b93a05de,ecmwf00-a2d77f25-assumed-7b9a425c47be-1-20260205,2026-02-05T00:00:00+00:00,2026-02-05T10:00:00+00:00
2026-02-05T12:00:00+00:00,turbine-1,2026-02-07T09:00:00+00:00,45,0.281048,model-weather-experiment-640618020c918c13b93a05de,ecmwf00-a2d77f25-assumed-7b9a425c47be-1-20260205,2026-02-05T00:00:00+00:00,2026-02-05T10:00:00+00:00
2026-02-05T12:00:00+00:00,turbine-1,2026-02-07T10:00:00+00:00,46,0.234175,model-weather-experiment-640618020c918c13b93a05de,ecmwf00-a2d77f25-assumed-7b9a425c47be-1-20260205,2026-02-05T00:00:00+00:00,2026-02-05T10:00:00+00:00
2026-02-05T12:00:00+00:00,turbine-1,2026-02-07T11:00:00+00:00,47,0.222591,model-weather-experiment-640618020c918c13b93a05de,ecmwf00-a2d77f25-assumed-7b9a425c47be-1-20260205,2026-02-05T00:00:00+00:00,2026-02-05T10:00:00+00:00
2026-02-05T12:00:00+00:00,turbine-1,2026-02-07T12:00:00+00:00,48,0.179985,model-weather-experiment-640618020c918c13b93a05de,ecmwf00-a2d77f25-assumed-7b9a425c47be-1-20260205,2026-02-05T00:00:00+00:00,2026-02-05T10:00:00+00:00
2026-02-05T12:00:00+00:00,turbine-2,2026-02-05T13:00:00+00:00,1,0.523266,model-weather-experiment-640618020c918c13b93a05de,ecmwf00-a2d77f25-assumed-7b9a425c47be-2-20260205,2026-02-05T00:00:00+00:00,2026-02-05T10:00:00+00:00
2026-02-05T12:00:00+00:00,turbine-2,2026-02-05T14:00:00+00:00,2,0.606642,model-weather-experiment-640618020c918c13b93a05de,ecmwf00-a2d77f25-assumed-7b9a425c47be-2-20260205,2026-02-05T00:00:00+00:00,2026-02-05T10:00:00+00:00
2026-02-05T12:00:00+00:00,turbine-2,2026-02-05T15:00:00+00:00,3,0.515861,model-weather-experiment-640618020c918c13b93a05de,ecmwf00-a2d77f25-assumed-7b9a425c47be-2-20260205,2026-02-05T00:00:00+00:00,2026-02-05T10:00:00+00:00
2026-02-05T12:00:00+00:00,turbine-2,2026-02-05T16:00:00+00:00,4,0.471931,model-weather-experiment-640618020c918c13b93a05de,ecmwf00-a2d77f25-assumed-7b9a425c47be-2-20260205,2026-02-05T00:00:00+00:00,2026-02-05T10:00:00+00:00
2026-02-05T12:00:00+00:00,turbine-2,2026-02-05T17:00:00+00:00,5,0.409417,model-weather-experiment-640618020c918c13b93a05de,ecmwf00-a2d77f25-assumed-7b9a425c47be-2-20260205,2026-02-05T00:00:00+00:00,2026-02-05T10:00:00+00:00
2026-02-05T12:00:00+00:00,turbine-2,2026-02-05T18:00:00+00:00,6,0.338044,model-weather-experiment-640618020c918c13b93a05de,ecmwf00-a2d77f25-assumed-7b9a425c47be-2-20260205,2026-02-05T00:00:00+00:00,2026-02-05T10:00:00+00:00
2026-02-05T12:00:00+00:00,turbine-2,2026-02-05T19:00:00+00:00,7,0.381597,model-weather-experiment-640618020c918c13b93a05de,ecmwf00-a2d77f25-assumed-7b9a425c47be-2-20260205,2026-02-05T00:00:00+00:00,2026-02-05T10:00:00+00:00
2026-02-05T12:00:00+00:00,turbine-2,2026-02-05T20:00:00+00:00,8,0.297029,model-weather-experiment-640618020c918c13b93a05de,ecmwf00-a2d77f25-assumed-7b9a425c47be-2-20260205,2026-02-05T00:00:00+00:00,2026-02-05T10:00:00+00:00
2026-02-05T12:00:00+00:00,turbine-2,2026-02-05T21:00:00+00:00,9,0.172442,model-weather-experiment-640618020c918c13b93a05de,ecmwf00-a2d77f25-assumed-7b9a425c47be-2-20260205,2026-02-05T00:00:00+00:00,2026-02-05T10:00:00+00:00
2026-02-05T12:00:00+00:00,turbine-2,2026-02-05T22:00:00+00:00,10,0.175071,model-weather-experiment-640618020c918c13b93a05de,ecmwf00-a2d77f25-assumed-7b9a425c47be-2-20260205,2026-02-05T00:00:00+00:00,2026-02-05T10:00:00+00:00
2026-02-05T12:00:00+00:00,turbine-2,2026-02-05T23:00:00+00:00,11,0.128482,model-weather-experiment-640618020c918c13b93a05de,ecmwf00-a2d77f25-assumed-7b9a425c47be-2-20260205,2026-02-05T00:00:00+00:00,2026-02-05T10:00:00+00:00
2026-02-05T12:00:00+00:00,turbine-2,2026-02-06T00:00:00+00:00,12,0.111264,model-weather-experiment-640618020c918c13b93a05de,ecmwf00-a2d77f25-assumed-7b9a425c47be-2-20260205,2026-02-05T00:00:00+00:00,2026-02-05T10:00:00+00:00
2026-02-05T12:00:00+00:00,turbine-2,2026-02-06T01:00:00+00:00,13,0.067507,model-weather-experiment-640618020c918c13b93a05de,ecmwf00-a2d77f25-assumed-7b9a425c47be-2-20260205,2026-02-05T00:00:00+00:00,2026-02-05T10:00:00+00:00
2026-02-05T12:00:00+00:00,turbine-2,2026-02-06T02:00:00+00:00,14,0.31082,model-weather-experiment-640618020c918c13b93a05de,ecmwf00-a2d77f25-assumed-7b9a425c47be-2-20260205,2026-02-05T00:00:00+00:00,2026-02-05T10:00:00+00:00
2026-02-05T12:00:00+00:00,turbine-2,2026-02-06T03:00:00+00:00,15,0.561075,model-weather-experiment-640618020c918c13b93a05de,ecmwf00-a2d77f25-assumed-7b9a425c47be-2-20260205,2026-02-05T00:00:00+00:00,2026-02-05T10:00:00+00:00
2026-02-05T12:00:00+00:00,turbine-2,2026-02-06T04:00:00+00:00,16,0.204583,model-weather-experiment-640618020c918c13b93a05de,ecmwf00-a2d77f25-assumed-7b9a425c47be-2-20260205,2026-02-05T00:00:00+00:00,2026-02-05T10:00:00+00:00
2026-02-05T12:00:00+00:00,turbine-2,2026-02-06T05:00:00+00:00,17,0.052415,model-weather-experiment-640618020c918c13b93a05de,ecmwf00-a2d77f25-assumed-7b9a425c47be-2-20260205,2026-02-05T00:00:00+00:00,2026-02-05T10:00:00+00:00
2026-02-05T12:00:00+00:00,turbine-2,2026-02-06T06:00:00+00:00,18,0.145916,model-weather-experiment-640618020c918c13b93a05de,ecmwf00-a2d77f25-assumed-7b9a425c47be-2-20260205,2026-02-05T00:00:00+00:00,2026-02-05T10:00:00+00:00
2026-02-05T12:00:00+00:00,turbine-2,2026-02-06T07:00:00+00:00,19,0.934012,model-weather-experiment-640618020c918c13b93a05de,ecmwf00-a2d77f25-assumed-7b9a425c47be-2-20260205,2026-02-05T00:00:00+00:00,2026-02-05T10:00:00+00:00
2026-02-05T12:00:00+00:00,turbine-2,2026-02-06T08:00:00+00:00,20,0.933153,model-weather-experiment-640618020c918c13b93a05de,ecmwf00-a2d77f25-assumed-7b9a425c47be-2-20260205,2026-02-05T00:00:00+00:00,2026-02-05T10:00:00+00:00
2026-02-05T12:00:00+00:00,turbine-2,2026-02-06T09:00:00+00:00,21,0.936097,model-weather-experiment-640618020c918c13b93a05de,ecmwf00-a2d77f25-assumed-7b9a425c47be-2-20260205,2026-02-05T00:00:00+00:00,2026-02-05T10:00:00+00:00
2026-02-05T12:00:00+00:00,turbine-2,2026-02-06T10:00:00+00:00,22,0.929077,model-weather-experiment-640618020c918c13b93a05de,ecmwf00-a2d77f25-assumed-7b9a425c47be-2-20260205,2026-02-05T00:00:00+00:00,2026-02-05T10:00:00+00:00
2026-02-05T12:00:00+00:00,turbine-2,2026-02-06T11:00:00+00:00,23,0.942639,model-weather-experiment-640618020c918c13b93a05de,ecmwf00-a2d77f25-assumed-7b9a425c47be-2-20260205,2026-02-05T00:00:00+00:00,2026-02-05T10:00:00+00:00
2026-02-05T12:00:00+00:00,turbine-2,2026-02-06T12:00:00+00:00,24,0.94835,model-weather-experiment-640618020c918c13b93a05de,ecmwf00-a2d77f25-assumed-7b9a425c47be-2-20260205,2026-02-05T00:00:00+00:00,2026-02-05T10:00:00+00:00
2026-02-05T12:00:00+00:00,turbine-2,2026-02-06T13:00:00+00:00,25,0.946121,model-weather-experiment-640618020c918c13b93a05de,ecmwf00-a2d77f25-assumed-7b9a425c47be-2-20260205,2026-02-05T00:00:00+00:00,2026-02-05T10:00:00+00:00
2026-02-05T12:00:00+00:00,turbine-2,2026-02-06T14:00:00+00:00,26,0.96327,model-weather-experiment-640618020c918c13b93a05de,ecmwf00-a2d77f25-assumed-7b9a425c47be-2-20260205,2026-02-05T00:00:00+00:00,2026-02-05T10:00:00+00:00
2026-02-05T12:00:00+00:00,turbine-2,2026-02-06T15:00:00+00:00,27,0.959815,model-weather-experiment-640618020c918c13b93a05de,ecmwf00-a2d77f25-assumed-7b9a425c47be-2-20260205,2026-02-05T00:00:00+00:00,2026-02-05T10:00:00+00:00
2026-02-05T12:00:00+00:00,turbine-2,2026-02-06T16:00:00+00:00,28,0.948649,model-weather-experiment-640618020c918c13b93a05de,ecmwf00-a2d77f25-assumed-7b9a425c47be-2-20260205,2026-02-05T00:00:00+00:00,2026-02-05T10:00:00+00:00
2026-02-05T12:00:00+00:00,turbine-2,2026-02-06T17:00:00+00:00,29,0.95446,model-weather-experiment-640618020c918c13b93a05de,ecmwf00-a2d77f25-assumed-7b9a425c47be-2-20260205,2026-02-05T00:00:00+00:00,2026-02-05T10:00:00+00:00
2026-02-05T12:00:00+00:00,turbine-2,2026-02-06T18:00:00+00:00,30,0.952895,model-weather-experiment-640618020c918c13b93a05de,ecmwf00-a2d77f25-assumed-7b9a425c47be-2-20260205,2026-02-05T00:00:00+00:00,2026-02-05T10:00:00+00:00
2026-02-05T12:00:00+00:00,turbine-2,2026-02-06T19:00:00+00:00,31,0.909221,model-weather-experiment-640618020c918c13b93a05de,ecmwf00-a2d77f25-assumed-7b9a425c47be-2-20260205,2026-02-05T00:00:00+00:00,2026-02-05T10:00:00+00:00
2026-02-05T12:00:00+00:00,turbine-2,2026-02-06T20:00:00+00:00,32,0.750016,model-weather-experiment-640618020c918c13b93a05de,ecmwf00-a2d77f25-assumed-7b9a425c47be-2-20260205,2026-02-05T00:00:00+00:00,2026-02-05T10:00:00+00:00
2026-02-05T12:00:00+00:00,turbine-2,2026-02-06T21:00:00+00:00,33,0.572627,model-weather-experiment-640618020c918c13b93a05de,ecmwf00-a2d77f25-assumed-7b9a425c47be-2-20260205,2026-02-05T00:00:00+00:00,2026-02-05T10:00:00+00:00
2026-02-05T12:00:00+00:00,turbine-2,2026-02-06T22:00:00+00:00,34,0.384878,model-weather-experiment-640618020c918c13b93a05de,ecmwf00-a2d77f25-assumed-7b9a425c47be-2-20260205,2026-02-05T00:00:00+00:00,2026-02-05T10:00:00+00:00
2026-02-05T12:00:00+00:00,turbine-2,2026-02-06T23:00:00+00:00,35,0.340698,model-weather-experiment-640618020c918c13b93a05de,ecmwf00-a2d77f25-assumed-7b9a425c47be-2-20260205,2026-02-05T00:00:00+00:00,2026-02-05T10:00:00+00:00
2026-02-05T12:00:00+00:00,turbine-2,2026-02-07T00:00:00+00:00,36,0.244412,model-weather-experiment-640618020c918c13b93a05de,ecmwf00-a2d77f25-assumed-7b9a425c47be-2-20260205,2026-02-05T00:00:00+00:00,2026-02-05T10:00:00+00:00
2026-02-05T12:00:00+00:00,turbine-2,2026-02-07T01:00:00+00:00,37,0.153801,model-weather-experiment-640618020c918c13b93a05de,ecmwf00-a2d77f25-assumed-7b9a425c47be-2-20260205,2026-02-05T00:00:00+00:00,2026-02-05T10:00:00+00:00
2026-02-05T12:00:00+00:00,turbine-2,2026-02-07T02:00:00+00:00,38,0.062783,model-weather-experiment-640618020c918c13b93a05de,ecmwf00-a2d77f25-assumed-7b9a425c47be-2-20260205,2026-02-05T00:00:00+00:00,2026-02-05T10:00:00+00:00
2026-02-05T12:00:00+00:00,turbine-2,2026-02-07T03:00:00+00:00,39,0.040811,model-weather-experiment-640618020c918c13b93a05de,ecmwf00-a2d77f25-assumed-7b9a425c47be-2-20260205,2026-02-05T00:00:00+00:00,2026-02-05T10:00:00+00:00
2026-02-05T12:00:00+00:00,turbine-2,2026-02-07T04:00:00+00:00,40,0.039685,model-weather-experiment-640618020c918c13b93a05de,ecmwf00-a2d77f25-assumed-7b9a425c47be-2-20260205,2026-02-05T00:00:00+00:00,2026-02-05T10:00:00+00:00
2026-02-05T12:00:00+00:00,turbine-2,2026-02-07T05:00:00+00:00,41,0.040326,model-weather-experiment-640618020c918c13b93a05de,ecmwf00-a2d77f25-assumed-7b9a425c47be-2-20260205,2026-02-05T00:00:00+00:00,2026-02-05T10:00:00+00:00
2026-02-05T12:00:00+00:00,turbine-2,2026-02-07T06:00:00+00:00,42,0.090248,model-weather-experiment-640618020c918c13b93a05de,ecmwf00-a2d77f25-assumed-7b9a425c47be-2-20260205,2026-02-05T00:00:00+00:00,2026-02-05T10:00:00+00:00
2026-02-05T12:00:00+00:00,turbine-2,2026-02-07T07:00:00+00:00,43,0.179054,model-weather-experiment-640618020c918c13b93a05de,ecmwf00-a2d77f25-assumed-7b9a425c47be-2-20260205,2026-02-05T00:00:00+00:00,2026-02-05T10:00:00+00:00
2026-02-05T12:00:00+00:00,turbine-2,2026-02-07T08:00:00+00:00,44,0.233216,model-weather-experiment-640618020c918c13b93a05de,ecmwf00-a2d77f25-assumed-7b9a425c47be-2-20260205,2026-02-05T00:00:00+00:00,2026-02-05T10:00:00+00:00
2026-02-05T12:00:00+00:00,turbine-2,2026-02-07T09:00:00+00:00,45,0.279663,model-weather-experiment-640618020c918c13b93a05de,ecmwf00-a2d77f25-assumed-7b9a425c47be-2-20260205,2026-02-05T00:00:00+00:00,2026-02-05T10:00:00+00:00
2026-02-05T12:00:00+00:00,turbine-2,2026-02-07T10:00:00+00:00,46,0.214651,model-weather-experiment-640618020c918c13b93a05de,ecmwf00-a2d77f25-assumed-7b9a425c47be-2-20260205,2026-02-05T00:00:00+00:00,2026-02-05T10:00:00+00:00
2026-02-05T12:00:00+00:00,turbine-2,2026-02-07T11:00:00+00:00,47,0.186009,model-weather-experiment-640618020c918c13b93a05de,ecmwf00-a2d77f25-assumed-7b9a425c47be-2-20260205,2026-02-05T00:00:00+00:00,2026-02-05T10:00:00+00:00
2026-02-05T12:00:00+00:00,turbine-2,2026-02-07T12:00:00+00:00,48,0.173818,model-weather-experiment-640618020c918c13b93a05de,ecmwf00-a2d77f25-assumed-7b9a425c47be-2-20260205,2026-02-05T00:00:00+00:00,2026-02-05T10:00:00+00:00
2026-02-06T12:00:00+00:00,turbine-1,2026-02-06T13:00:00+00:00,1,0.850118,model-weather-experiment-640618020c918c13b93a05de,ecmwf00-a2d77f25-assumed-7b9a425c47be-1-20260206,2026-02-06T00:00:00+00:00,2026-02-06T10:00:00+00:00
2026-02-06T12:00:00+00:00,turbine-1,2026-02-06T14:00:00+00:00,2,0.836675,model-weather-experiment-640618020c918c13b93a05de,ecmwf00-a2d77f25-assumed-7b9a425c47be-1-20260206,2026-02-06T00:00:00+00:00,2026-02-06T10:00:00+00:00
2026-02-06T12:00:00+00:00,turbine-1,2026-02-06T15:00:00+00:00,3,0.81442,model-weather-experiment-640618020c918c13b93a05de,ecmwf00-a2d77f25-assumed-7b9a425c47be-1-20260206,2026-02-06T00:00:00+00:00,2026-02-06T10:00:00+00:00
2026-02-06T12:00:00+00:00,turbine-1,2026-02-06T16:00:00+00:00,4,0.829858,model-weather-experiment-640618020c918c13b93a05de,ecmwf00-a2d77f25-assumed-7b9a425c47be-1-20260206,2026-02-06T00:00:00+00:00,2026-02-06T10:00:00+00:00
2026-02-06T12:00:00+00:00,turbine-1,2026-02-06T17:00:00+00:00,5,0.822179,model-weather-experiment-640618020c918c13b93a05de,ecmwf00-a2d77f25-assumed-7b9a425c47be-1-20260206,2026-02-06T00:00:00+00:00,2026-02-06T10:00:00+00:00
2026-02-06T12:00:00+00:00,turbine-1,2026-02-06T18:00:00+00:00,6,0.726435,model-weather-experiment-640618020c918c13b93a05de,ecmwf00-a2d77f25-assumed-7b9a425c47be-1-20260206,2026-02-06T00:00:00+00:00,2026-02-06T10:00:00+00:00
2026-02-06T12:00:00+00:00,turbine-1,2026-02-06T19:00:00+00:00,7,0.385439,model-weather-experiment-640618020c918c13b93a05de,ecmwf00-a2d77f25-assumed-7b9a425c47be-1-20260206,2026-02-06T00:00:00+00:00,2026-02-06T10:00:00+00:00
2026-02-06T12:00:00+00:00,turbine-1,2026-02-06T20:00:00+00:00,8,0.220658,model-weather-experiment-640618020c918c13b93a05de,ecmwf00-a2d77f25-assumed-7b9a425c47be-1-20260206,2026-02-06T00:00:00+00:00,2026-02-06T10:00:00+00:00
2026-02-06T12:00:00+00:00,turbine-1,2026-02-06T21:00:00+00:00,9,0.222411,model-weather-experiment-640618020c918c13b93a05de,ecmwf00-a2d77f25-assumed-7b9a425c47be-1-20260206,2026-02-06T00:00:00+00:00,2026-02-06T10:00:00+00:00
2026-02-06T12:00:00+00:00,turbine-1,2026-02-06T22:00:00+00:00,10,0.19468,model-weather-experiment-640618020c918c13b93a05de,ecmwf00-a2d77f25-assumed-7b9a425c47be-1-20260206,2026-02-06T00:00:00+00:00,2026-02-06T10:00:00+00:00
2026-02-06T12:00:00+00:00,turbine-1,2026-02-06T23:00:00+00:00,11,0.14545,model-weather-experiment-640618020c918c13b93a05de,ecmwf00-a2d77f25-assumed-7b9a425c47be-1-20260206,2026-02-06T00:00:00+00:00,2026-02-06T10:00:00+00:00
2026-02-06T12:00:00+00:00,turbine-1,2026-02-07T00:00:00+00:00,12,0.10069,model-weather-experiment-640618020c918c13b93a05de,ecmwf00-a2d77f25-assumed-7b9a425c47be-1-20260206,2026-02-06T00:00:00+00:00,2026-02-06T10:00:00+00:00
2026-02-06T12:00:00+00:00,turbine-1,2026-02-07T01:00:00+00:00,13,0.022899,model-weather-experiment-640618020c918c13b93a05de,ecmwf00-a2d77f25-assumed-7b9a425c47be-1-20260206,2026-02-06T00:00:00+00:00,2026-02-06T10:00:00+00:00
2026-02-06T12:00:00+00:00,turbine-1,2026-02-07T02:00:00+00:00,14,0.00384,model-weather-experiment-640618020c918c13b93a05de,ecmwf00-a2d77f25-assumed-7b9a425c47be-1-20260206,2026-02-06T00:00:00+00:00,2026-02-06T10:00:00+00:00
2026-02-06T12:00:00+00:00,turbine-1,2026-02-07T03:00:00+00:00,15,0.022709,model-weather-experiment-640618020c918c13b93a05de,ecmwf00-a2d77f25-assumed-7b9a425c47be-1-20260206,2026-02-06T00:00:00+00:00,2026-02-06T10:00:00+00:00
2026-02-06T12:00:00+00:00,turbine-1,2026-02-07T04:00:00+00:00,16,0.023787,model-weather-experiment-640618020c918c13b93a05de,ecmwf00-a2d77f25-assumed-7b9a425c47be-1-20260206,2026-02-06T00:00:00+00:00,2026-02-06T10:00:00+00:00
2026-02-06T12:00:00+00:00,turbine-1,2026-02-07T05:00:00+00:00,17,0.078683,model-weather-experiment-640618020c918c13b93a05de,ecmwf00-a2d77f25-assumed-7b9a425c47be-1-20260206,2026-02-06T00:00:00+00:00,2026-02-06T10:00:00+00:00
2026-02-06T12:00:00+00:00,turbine-1,2026-02-07T06:00:00+00:00,18,0.256931,model-weather-experiment-640618020c918c13b93a05de,ecmwf00-a2d77f25-assumed-7b9a425c47be-1-20260206,2026-02-06T00:00:00+00:00,2026-02-06T10:00:00+00:00
2026-02-06T12:00:00+00:00,turbine-1,2026-02-07T07:00:00+00:00,19,0.386897,model-weather-experiment-640618020c918c13b93a05de,ecmwf00-a2d77f25-assumed-7b9a425c47be-1-20260206,2026-02-06T00:00:00+00:00,2026-02-06T10:00:00+00:00
2026-02-06T12:00:00+00:00,turbine-1,2026-02-07T08:00:00+00:00,20,0.377148,model-weather-experiment-640618020c918c13b93a05de,ecmwf00-a2d77f25-assumed-7b9a425c47be-1-20260206,2026-02-06T00:00:00+00:00,2026-02-06T10:00:00+00:00
2026-02-06T12:00:00+00:00,turbine-1,2026-02-07T09:00:00+00:00,21,0.241972,model-weather-experiment-640618020c918c13b93a05de,ecmwf00-a2d77f25-assumed-7b9a425c47be-1-20260206,2026-02-06T00:00:00+00:00,2026-02-06T10:00:00+00:00
2026-02-06T12:00:00+00:00,turbine-1,2026-02-07T10:00:00+00:00,22,0.185168,model-weather-experiment-640618020c918c13b93a05de,ecmwf00-a2d77f25-assumed-7b9a425c47be-1-20260206,2026-02-06T00:00:00+00:00,2026-02-06T10:00:00+00:00
2026-02-06T12:00:00+00:00,turbine-1,2026-02-07T11:00:00+00:00,23,0.082682,model-weather-experiment-640618020c918c13b93a05de,ecmwf00-a2d77f25-assumed-7b9a425c47be-1-20260206,2026-02-06T00:00:00+00:00,2026-02-06T10:00:00+00:00
2026-02-06T12:00:00+00:00,turbine-1,2026-02-07T12:00:00+00:00,24,0.05604,model-weather-experiment-640618020c918c13b93a05de,ecmwf00-a2d77f25-assumed-7b9a425c47be-1-20260206,2026-02-06T00:00:00+00:00,2026-02-06T10:00:00+00:00
2026-02-06T12:00:00+00:00,turbine-1,2026-02-07T13:00:00+00:00,25,0.152656,model-weather-experiment-640618020c918c13b93a05de,ecmwf00-a2d77f25-assumed-7b9a425c47be-1-20260206,2026-02-06T00:00:00+00:00,2026-02-06T10:00:00+00:00
2026-02-06T12:00:00+00:00,turbine-1,2026-02-07T14:00:00+00:00,26,0.45219,model-weather-experiment-640618020c918c13b93a05de,ecmwf00-a2d77f25-assumed-7b9a425c47be-1-20260206,2026-02-06T00:00:00+00:00,2026-02-06T10:00:00+00:00
2026-02-06T12:00:00+00:00,turbine-1,2026-02-07T15:00:00+00:00,27,0.653558,model-weather-experiment-640618020c918c13b93a05de,ecmwf00-a2d77f25-assumed-7b9a425c47be-1-20260206,2026-02-06T00:00:00+00:00,2026-02-06T10:00:00+00:00
2026-02-06T12:00:00+00:00,turbine-1,2026-02-07T16:00:00+00:00,28,0.848576,model-weather-experiment-640618020c918c13b93a05de,ecmwf00-a2d77f25-assumed-7b9a425c47be-1-20260206,2026-02-06T00:00:00+00:00,2026-02-06T10:00:00+00:00
2026-02-06T12:00:00+00:00,turbine-1,2026-02-07T17:00:00+00:00,29,0.883663,model-weather-experiment-640618020c918c13b93a05de,ecmwf00-a2d77f25-assumed-7b9a425c47be-1-20260206,2026-02-06T00:00:00+00:00,2026-02-06T10:00:00+00:00
2026-02-06T12:00:00+00:00,turbine-1,2026-02-07T18:00:00+00:00,30,0.892137,model-weather-experiment-640618020c918c13b93a05de,ecmwf00-a2d77f25-assumed-7b9a425c47be-1-20260206,2026-02-06T00:00:00+00:00,2026-02-06T10:00:00+00:00
2026-02-06T12:00:00+00:00,turbine-1,2026-02-07T19:00:00+00:00,31,0.89234,model-weather-experiment-640618020c918c13b93a05de,ecmwf00-a2d77f25-assumed-7b9a425c47be-1-20260206,2026-02-06T00:00:00+00:00,2026-02-06T10:00:00+00:00
2026-02-06T12:00:00+00:00,turbine-1,2026-02-07T20:00:00+00:00,32,0.859806,model-weather-experiment-640618020c918c13b93a05de,ecmwf00-a2d77f25-assumed-7b9a425c47be-1-20260206,2026-02-06T00:00:00+00:00,2026-02-06T10:00:00+00:00
2026-02-06T12:00:00+00:00,turbine-1,2026-02-07T21:00:00+00:00,33,0.835671,model-weather-experiment-640618020c918c13b93a05de,ecmwf00-a2d77f25-assumed-7b9a425c47be-1-20260206,2026-02-06T00:00:00+00:00,2026-02-06T10:00:00+00:00
2026-02-06T12:00:00+00:00,turbine-1,2026-02-07T22:00:00+00:00,34,0.782965,model-weather-experiment-640618020c918c13b93a05de,ecmwf00-a2d77f25-assumed-7b9a425c47be-1-20260206,2026-02-06T00:00:00+00:00,2026-02-06T10:00:00+00:00
2026-02-06T12:00:00+00:00,turbine-1,2026-02-07T23:00:00+00:00,35,0.708934,model-weather-experiment-640618020c918c13b93a05de,ecmwf00-a2d77f25-assumed-7b9a425c47be-1-20260206,2026-02-06T00:00:00+00:00,2026-02-06T10:00:00+00:00
2026-02-06T12:00:00+00:00,turbine-1,2026-02-08T00:00:00+00:00,36,0.579142,model-weather-experiment-640618020c918c13b93a05de,ecmwf00-a2d77f25-assumed-7b9a425c47be-1-20260206,2026-02-06T00:00:00+00:00,2026-02-06T10:00:00+00:00
2026-02-06T12:00:00+00:00,turbine-1,2026-02-08T01:00:00+00:00,37,0.478458,model-weather-experiment-640618020c918c13b93a05de,ecmwf00-a2d77f25-assumed-7b9a425c47be-1-20260206,2026-02-06T00:00:00+00:00,2026-02-06T10:00:00+00:00
2026-02-06T12:00:00+00:00,turbine-1,2026-02-08T02:00:00+00:00,38,0.414691,model-weather-experiment-640618020c918c13b93a05de,ecmwf00-a2d77f25-assumed-7b9a425c47be-1-20260206,2026-02-06T00:00:00+00:00,2026-02-06T10:00:00+00:00
2026-02-06T12:00:00+00:00,turbine-1,2026-02-08T03:00:00+00:00,39,0.352771,model-weather-experiment-640618020c918c13b93a05de,ecmwf00-a2d77f25-assumed-7b9a425c47be-1-20260206,2026-02-06T00:00:00+00:00,2026-02-06T10:00:00+00:00
2026-02-06T12:00:00+00:00,turbine-1,2026-02-08T04:00:00+00:00,40,0.183837,model-weather-experiment-640618020c918c13b93a05de,ecmwf00-a2d77f25-assumed-7b9a425c47be-1-20260206,2026-02-06T00:00:00+00:00,2026-02-06T10:00:00+00:00
2026-02-06T12:00:00+00:00,turbine-1,2026-02-08T05:00:00+00:00,41,0.126431,model-weather-experiment-640618020c918c13b93a05de,ecmwf00-a2d77f25-assumed-7b9a425c47be-1-20260206,2026-02-06T00:00:00+00:00,2026-02-06T10:00:00+00:00
2026-02-06T12:00:00+00:00,turbine-1,2026-02-08T06:00:00+00:00,42,0.072369,model-weather-experiment-640618020c918c13b93a05de,ecmwf00-a2d77f25-assumed-7b9a425c47be-1-20260206,2026-02-06T00:00:00+00:00,2026-02-06T10:00:00+00:00
2026-02-06T12:00:00+00:00,turbine-1,2026-02-08T07:00:00+00:00,43,0.06289,model-weather-experiment-640618020c918c13b93a05de,ecmwf00-a2d77f25-assumed-7b9a425c47be-1-20260206,2026-02-06T00:00:00+00:00,2026-02-06T10:00:00+00:00
2026-02-06T12:00:00+00:00,turbine-1,2026-02-08T08:00:00+00:00,44,0.072699,model-weather-experiment-640618020c918c13b93a05de,ecmwf00-a2d77f25-assumed-7b9a425c47be-1-20260206,2026-02-06T00:00:00+00:00,2026-02-06T10:00:00+00:00
2026-02-06T12:00:00+00:00,turbine-1,2026-02-08T09:00:00+00:00,45,0.178712,model-weather-experiment-640618020c918c13b93a05de,ecmwf00-a2d77f25-assumed-7b9a425c47be-1-20260206,2026-02-06T00:00:00+00:00,2026-02-06T10:00:00+00:00
2026-02-06T12:00:00+00:00,turbine-1,2026-02-08T10:00:00+00:00,46,0.448205,model-weather-experiment-640618020c918c13b93a05de,ecmwf00-a2d77f25-assumed-7b9a425c47be-1-20260206,2026-02-06T00:00:00+00:00,2026-02-06T10:00:00+00:00
2026-02-06T12:00:00+00:00,turbine-1,2026-02-08T11:00:00+00:00,47,0.960358,model-weather-experiment-640618020c918c13b93a05de,ecmwf00-a2d77f25-assumed-7b9a425c47be-1-20260206,2026-02-06T00:00:00+00:00,2026-02-06T10:00:00+00:00
2026-02-06T12:00:00+00:00,turbine-1,2026-02-08T12:00:00+00:00,48,0.928776,model-weather-experiment-640618020c918c13b93a05de,ecmwf00-a2d77f25-assumed-7b9a425c47be-1-20260206,2026-02-06T00:00:00+00:00,2026-02-06T10:00:00+00:00
2026-02-06T12:00:00+00:00,turbine-2,2026-02-06T13:00:00+00:00,1,0.858731,model-weather-experiment-640618020c918c13b93a05de,ecmwf00-a2d77f25-assumed-7b9a425c47be-2-20260206,2026-02-06T00:00:00+00:00,2026-02-06T10:00:00+00:00
2026-02-06T12:00:00+00:00,turbine-2,2026-02-06T14:00:00+00:00,2,0.887146,model-weather-experiment-640618020c918c13b93a05de,ecmwf00-a2d77f25-assumed-7b9a425c47be-2-20260206,2026-02-06T00:00:00+00:00,2026-02-06T10:00:00+00:00
2026-02-06T12:00:00+00:00,turbine-2,2026-02-06T15:00:00+00:00,3,0.89051,model-weather-experiment-640618020c918c13b93a05de,ecmwf00-a2d77f25-assumed-7b9a425c47be-2-20260206,2026-02-06T00:00:00+00:00,2026-02-06T10:00:00+00:00
2026-02-06T12:00:00+00:00,turbine-2,2026-02-06T16:00:00+00:00,4,0.891325,model-weather-experiment-640618020c918c13b93a05de,ecmwf00-a2d77f25-assumed-7b9a425c47be-2-20260206,2026-02-06T00:00:00+00:00,2026-02-06T10:00:00+00:00
2026-02-06T12:00:00+00:00,turbine-2,2026-02-06T17:00:00+00:00,5,0.935065,model-weather-experiment-640618020c918c13b93a05de,ecmwf00-a2d77f25-assumed-7b9a425c47be-2-20260206,2026-02-06T00:00:00+00:00,2026-02-06T10:00:00+00:00
2026-02-06T12:00:00+00:00,turbine-2,2026-02-06T18:00:00+00:00,6,0.768008,model-weather-experiment-640618020c918c13b93a05de,ecmwf00-a2d77f25-assumed-7b9a425c47be-2-20260206,2026-02-06T00:00:00+00:00,2026-02-06T10:00:00+00:00
2026-02-06T12:00:00+00:00,turbine-2,2026-02-06T19:00:00+00:00,7,0.345479,model-weather-experiment-640618020c918c13b93a05de,ecmwf00-a2d77f25-assumed-7b9a425c47be-2-20260206,2026-02-06T00:00:00+00:00,2026-02-06T10:00:00+00:00
2026-02-06T12:00:00+00:00,turbine-2,2026-02-06T20:00:00+00:00,8,0.175848,model-weather-experiment-640618020c918c13b93a05de,ecmwf00-a2d77f25-assumed-7b9a425c47be-2-20260206,2026-02-06T00:00:00+00:00,2026-02-06T10:00:00+00:00
2026-02-06T12:00:00+00:00,turbine-2,2026-02-06T21:00:00+00:00,9,0.179944,model-weather-experiment-640618020c918c13b93a05de,ecmwf00-a2d77f25-assumed-7b9a425c47be-2-20260206,2026-02-06T00:00:00+00:00,2026-02-06T10:00:00+00:00
2026-02-06T12:00:00+00:00,turbine-2,2026-02-06T22:00:00+00:00,10,0.165589,model-weather-experiment-640618020c918c13b93a05de,ecmwf00-a2d77f25-assumed-7b9a425c47be-2-20260206,2026-02-06T00:00:00+00:00,2026-02-06T10:00:00+00:00
2026-02-06T12:00:00+00:00,turbine-2,2026-02-06T23:00:00+00:00,11,0.113603,model-weather-experiment-640618020c918c13b93a05de,ecmwf00-a2d77f25-assumed-7b9a425c47be-2-20260206,2026-02-06T00:00:00+00:00,2026-02-06T10:00:00+00:00
2026-02-06T12:00:00+00:00,turbine-2,2026-02-07T00:00:00+00:00,12,0.094438,model-weather-experiment-640618020c918c13b93a05de,ecmwf00-a2d77f25-assumed-7b9a425c47be-2-20260206,2026-02-06T00:00:00+00:00,2026-02-06T10:00:00+00:00
2026-02-06T12:00:00+00:00,turbine-2,2026-02-07T01:00:00+00:00,13,0.041813,model-weather-experiment-640618020c918c13b93a05de,ecmwf00-a2d77f25-assumed-7b9a425c47be-2-20260206,2026-02-06T00:00:00+00:00,2026-02-06T10:00:00+00:00
2026-02-06T12:00:00+00:00,turbine-2,2026-02-07T02:00:00+00:00,14,0.050231,model-weather-experiment-640618020c918c13b93a05de,ecmwf00-a2d77f25-assumed-7b9a425c47be-2-20260206,2026-02-06T00:00:00+00:00,2026-02-06T10:00:00+00:00
2026-02-06T12:00:00+00:00,turbine-2,2026-02-07T03:00:00+00:00,15,0.030267,model-weather-experiment-640618020c918c13b93a05de,ecmwf00-a2d77f25-assumed-7b9a425c47be-2-20260206,2026-02-06T00:00:00+00:00,2026-02-06T10:00:00+00:00
2026-02-06T12:00:00+00:00,turbine-2,2026-02-07T04:00:00+00:00,16,0.068972,model-weather-experiment-640618020c918c13b93a05de,ecmwf00-a2d77f25-assumed-7b9a425c47be-2-20260206,2026-02-06T00:00:00+00:00,2026-02-06T10:00:00+00:00
2026-02-06T12:00:00+00:00,turbine-2,2026-02-07T05:00:00+00:00,17,0.086023,model-weather-experiment-640618020c918c13b93a05de,ecmwf00-a2d77f25-assumed-7b9a425c47be-2-20260206,2026-02-06T00:00:00+00:00,2026-02-06T10:00:00+00:00
2026-02-06T12:00:00+00:00,turbine-2,2026-02-07T06:00:00+00:00,18,0.222616,model-weather-experiment-640618020c918c13b93a05de,ecmwf00-a2d77f25-assumed-7b9a425c47be-2-20260206,2026-02-06T00:00:00+00:00,2026-02-06T10:00:00+00:00
2026-02-06T12:00:00+00:00,turbine-2,2026-02-07T07:00:00+00:00,19,0.351774,model-weather-experiment-640618020c918c13b93a05de,ecmwf00-a2d77f25-assumed-7b9a425c47be-2-20260206,2026-02-06T00:00:00+00:00,2026-02-06T10:00:00+00:00
2026-02-06T12:00:00+00:00,turbine-2,2026-02-07T08:00:00+00:00,20,0.331875,model-weather-experiment-640618020c918c13b93a05de,ecmwf00-a2d77f25-assumed-7b9a425c47be-2-20260206,2026-02-06T00:00:00+00:00,2026-02-06T10:00:00+00:00
2026-02-06T12:00:00+00:00,turbine-2,2026-02-07T09:00:00+00:00,21,0.206286,model-weather-experiment-640618020c918c13b93a05de,ecmwf00-a2d77f25-assumed-7b9a425c47be-2-20260206,2026-02-06T00:00:00+00:00,2026-02-06T10:00:00+00:00
2026-02-06T12:00:00+00:00,turbine-2,2026-02-07T10:00:00+00:00,22,0.158484,model-weather-experiment-640618020c918c13b93a05de,ecmwf00-a2d77f25-assumed-7b9a425c47be-2-20260206,2026-02-06T00:00:00+00:00,2026-02-06T10:00:00+00:00
2026-02-06T12:00:00+00:00,turbine-2,2026-02-07T11:00:00+00:00,23,0.091487,model-weather-experiment-640618020c918c13b93a05de,ecmwf00-a2d77f25-assumed-7b9a425c47be-2-20260206,2026-02-06T00:00:00+00:00,2026-02-06T10:00:00+00:00
2026-02-06T12:00:00+00:00,turbine-2,2026-02-07T12:00:00+00:00,24,0.107299,model-weather-experiment-640618020c918c13b93a05de,ecmwf00-a2d77f25-assumed-7b9a425c47be-2-20260206,2026-02-06T00:00:00+00:00,2026-02-06T10:00:00+00:00
2026-02-06T12:00:00+00:00,turbine-2,2026-02-07T13:00:00+00:00,25,0.12977,model-weather-experiment-640618020c918c13b93a05de,ecmwf00-a2d77f25-assumed-7b9a425c47be-2-20260206,2026-02-06T00:00:00+00:00,2026-02-06T10:00:00+00:00
2026-02-06T12:00:00+00:00,turbine-2,2026-02-07T14:00:00+00:00,26,0.413535,model-weather-experiment-640618020c918c13b93a05de,ecmwf00-a2d77f25-assumed-7b9a425c47be-2-20260206,2026-02-06T00:00:00+00:00,2026-02-06T10:00:00+00:00
2026-02-06T12:00:00+00:00,turbine-2,2026-02-07T15:00:00+00:00,27,0.638235,model-weather-experiment-640618020c918c13b93a05de,ecmwf00-a2d77f25-assumed-7b9a425c47be-2-20260206,2026-02-06T00:00:00+00:00,2026-02-06T10:00:00+00:00
2026-02-06T12:00:00+00:00,turbine-2,2026-02-07T16:00:00+00:00,28,0.906535,model-weather-experiment-640618020c918c13b93a05de,ecmwf00-a2d77f25-assumed-7b9a425c47be-2-20260206,2026-02-06T00:00:00+00:00,2026-02-06T10:00:00+00:00
2026-02-06T12:00:00+00:00,turbine-2,2026-02-07T17:00:00+00:00,29,0.959294,model-weather-experiment-640618020c918c13b93a05de,ecmwf00-a2d77f25-assumed-7b9a425c47be-2-20260206,2026-02-06T00:00:00+00:00,2026-02-06T10:00:00+00:00
2026-02-06T12:00:00+00:00,turbine-2,2026-02-07T18:00:00+00:00,30,0.951463,model-weather-experiment-640618020c918c13b93a05de,ecmwf00-a2d77f25-assumed-7b9a425c47be-2-20260206,2026-02-06T00:00:00+00:00,2026-02-06T10:00:00+00:00
2026-02-06T12:00:00+00:00,turbine-2,2026-02-07T19:00:00+00:00,31,0.945517,model-weather-experiment-640618020c918c13b93a05de,ecmwf00-a2d77f25-assumed-7b9a425c47be-2-20260206,2026-02-06T00:00:00+00:00,2026-02-06T10:00:00+00:00
2026-02-06T12:00:00+00:00,turbine-2,2026-02-07T20:00:00+00:00,32,0.901405,model-weather-experiment-640618020c918c13b93a05de,ecmwf00-a2d77f25-assumed-7b9a425c47be-2-20260206,2026-02-06T00:00:00+00:00,2026-02-06T10:00:00+00:00
2026-02-06T12:00:00+00:00,turbine-2,2026-02-07T21:00:00+00:00,33,0.882735,model-weather-experiment-640618020c918c13b93a05de,ecmwf00-a2d77f25-assumed-7b9a425c47be-2-20260206,2026-02-06T00:00:00+00:00,2026-02-06T10:00:00+00:00
2026-02-06T12:00:00+00:00,turbine-2,2026-02-07T22:00:00+00:00,34,0.816423,model-weather-experiment-640618020c918c13b93a05de,ecmwf00-a2d77f25-assumed-7b9a425c47be-2-20260206,2026-02-06T00:00:00+00:00,2026-02-06T10:00:00+00:00
2026-02-06T12:00:00+00:00,turbine-2,2026-02-07T23:00:00+00:00,35,0.751248,model-weather-experiment-640618020c918c13b93a05de,ecmwf00-a2d77f25-assumed-7b9a425c47be-2-20260206,2026-02-06T00:00:00+00:00,2026-02-06T10:00:00+00:00
2026-02-06T12:00:00+00:00,turbine-2,2026-02-08T00:00:00+00:00,36,0.602894,model-weather-experiment-640618020c918c13b93a05de,ecmwf00-a2d77f25-assumed-7b9a425c47be-2-20260206,2026-02-06T00:00:00+00:00,2026-02-06T10:00:00+00:00
2026-02-06T12:00:00+00:00,turbine-2,2026-02-08T01:00:00+00:00,37,0.488906,model-weather-experiment-640618020c918c13b93a05de,ecmwf00-a2d77f25-assumed-7b9a425c47be-2-20260206,2026-02-06T00:00:00+00:00,2026-02-06T10:00:00+00:00
2026-02-06T12:00:00+00:00,turbine-2,2026-02-08T02:00:00+00:00,38,0.367408,model-weather-experiment-640618020c918c13b93a05de,ecmwf00-a2d77f25-assumed-7b9a425c47be-2-20260206,2026-02-06T00:00:00+00:00,2026-02-06T10:00:00+00:00
2026-02-06T12:00:00+00:00,turbine-2,2026-02-08T03:00:00+00:00,39,0.325577,model-weather-experiment-640618020c918c13b93a05de,ecmwf00-a2d77f25-assumed-7b9a425c47be-2-20260206,2026-02-06T00:00:00+00:00,2026-02-06T10:00:00+00:00
2026-02-06T12:00:00+00:00,turbine-2,2026-02-08T04:00:00+00:00,40,0.213632,model-weather-experiment-640618020c918c13b93a05de,ecmwf00-a2d77f25-assumed-7b9a425c47be-2-20260206,2026-02-06T00:00:00+00:00,2026-02-06T10:00:00+00:00
2026-02-06T12:00:00+00:00,turbine-2,2026-02-08T05:00:00+00:00,41,0.08502,model-weather-experiment-640618020c918c13b93a05de,ecmwf00-a2d77f25-assumed-7b9a425c47be-2-20260206,2026-02-06T00:00:00+00:00,2026-02-06T10:00:00+00:00
2026-02-06T12:00:00+00:00,turbine-2,2026-02-08T06:00:00+00:00,42,0.048116,model-weather-experiment-640618020c918c13b93a05de,ecmwf00-a2d77f25-assumed-7b9a425c47be-2-20260206,2026-02-06T00:00:00+00:00,2026-02-06T10:00:00+00:00
2026-02-06T12:00:00+00:00,turbine-2,2026-02-08T07:00:00+00:00,43,0.039767,model-weather-experiment-640618020c918c13b93a05de,ecmwf00-a2d77f25-assumed-7b9a425c47be-2-20260206,2026-02-06T00:00:00+00:00,2026-02-06T10:00:00+00:00
2026-02-06T12:00:00+00:00,turbine-2,2026-02-08T08:00:00+00:00,44,0.08189,model-weather-experiment-640618020c918c13b93a05de,ecmwf00-a2d77f25-assumed-7b9a425c47be-2-20260206,2026-02-06T00:00:00+00:00,2026-02-06T10:00:00+00:00
2026-02-06T12:00:00+00:00,turbine-2,2026-02-08T09:00:00+00:00,45,0.175381,model-weather-experiment-640618020c918c13b93a05de,ecmwf00-a2d77f25-assumed-7b9a425c47be-2-20260206,2026-02-06T00:00:00+00:00,2026-02-06T10:00:00+00:00
2026-02-06T12:00:00+00:00,turbine-2,2026-02-08T10:00:00+00:00,46,0.42005,model-weather-experiment-640618020c918c13b93a05de,ecmwf00-a2d77f25-assumed-7b9a425c47be-2-20260206,2026-02-06T00:00:00+00:00,2026-02-06T10:00:00+00:00
2026-02-06T12:00:00+00:00,turbine-2,2026-02-08T11:00:00+00:00,47,0.984793,model-weather-experiment-640618020c918c13b93a05de,ecmwf00-a2d77f25-assumed-7b9a425c47be-2-20260206,2026-02-06T00:00:00+00:00,2026-02-06T10:00:00+00:00
2026-02-06T12:00:00+00:00,turbine-2,2026-02-08T12:00:00+00:00,48,0.964083,model-weather-experiment-640618020c918c13b93a05de,ecmwf00-a2d77f25-assumed-7b9a425c47be-2-20260206,2026-02-06T00:00:00+00:00,2026-02-06T10:00:00+00:00
2026-02-07T12:00:00+00:00,turbine-1,2026-02-07T13:00:00+00:00,1,0.367457,model-weather-experiment-640618020c918c13b93a05de,ecmwf00-a2d77f25-assumed-7b9a425c47be-1-20260207,2026-02-07T00:00:00+00:00,2026-02-07T10:00:00+00:00
2026-02-07T12:00:00+00:00,turbine-1,2026-02-07T14:00:00+00:00,2,0.441632,model-weather-experiment-640618020c918c13b93a05de,ecmwf00-a2d77f25-assumed-7b9a425c47be-1-20260207,2026-02-07T00:00:00+00:00,2026-02-07T10:00:00+00:00
2026-02-07T12:00:00+00:00,turbine-1,2026-02-07T15:00:00+00:00,3,0.556675,model-weather-experiment-640618020c918c13b93a05de,ecmwf00-a2d77f25-assumed-7b9a425c47be-1-20260207,2026-02-07T00:00:00+00:00,2026-02-07T10:00:00+00:00
2026-02-07T12:00:00+00:00,turbine-1,2026-02-07T16:00:00+00:00,4,0.802759,model-weather-experiment-640618020c918c13b93a05de,ecmwf00-a2d77f25-assumed-7b9a425c47be-1-20260207,2026-02-07T00:00:00+00:00,2026-02-07T10:00:00+00:00
2026-02-07T12:00:00+00:00,turbine-1,2026-02-07T17:00:00+00:00,5,0.828759,model-weather-experiment-640618020c918c13b93a05de,ecmwf00-a2d77f25-assumed-7b9a425c47be-1-20260207,2026-02-07T00:00:00+00:00,2026-02-07T10:00:00+00:00
2026-02-07T12:00:00+00:00,turbine-1,2026-02-07T18:00:00+00:00,6,0.833388,model-weather-experiment-640618020c918c13b93a05de,ecmwf00-a2d77f25-assumed-7b9a425c47be-1-20260207,2026-02-07T00:00:00+00:00,2026-02-07T10:00:00+00:00
2026-02-07T12:00:00+00:00,turbine-1,2026-02-07T19:00:00+00:00,7,0.830823,model-weather-experiment-640618020c918c13b93a05de,ecmwf00-a2d77f25-assumed-7b9a425c47be-1-20260207,2026-02-07T00:00:00+00:00,2026-02-07T10:00:00+00:00
2026-02-07T12:00:00+00:00,turbine-1,2026-02-07T20:00:00+00:00,8,0.834453,model-weather-experiment-640618020c918c13b93a05de,ecmwf00-a2d77f25-assumed-7b9a425c47be-1-20260207,2026-02-07T00:00:00+00:00,2026-02-07T10:00:00+00:00
2026-02-07T12:00:00+00:00,turbine-1,2026-02-07T21:00:00+00:00,9,0.833296,model-weather-experiment-640618020c918c13b93a05de,ecmwf00-a2d77f25-assumed-7b9a425c47be-1-20260207,2026-02-07T00:00:00+00:00,2026-02-07T10:00:00+00:00
2026-02-07T12:00:00+00:00,turbine-1,2026-02-07T22:00:00+00:00,10,0.779803,model-weather-experiment-640618020c918c13b93a05de,ecmwf00-a2d77f25-assumed-7b9a425c47be-1-20260207,2026-02-07T00:00:00+00:00,2026-02-07T10:00:00+00:00
2026-02-07T12:00:00+00:00,turbine-1,2026-02-07T23:00:00+00:00,11,0.741458,model-weather-experiment-640618020c918c13b93a05de,ecmwf00-a2d77f25-assumed-7b9a425c47be-1-20260207,2026-02-07T00:00:00+00:00,2026-02-07T10:00:00+00:00
2026-02-07T12:00:00+00:00,turbine-1,2026-02-08T00:00:00+00:00,12,0.679598,model-weather-experiment-640618020c918c13b93a05de,ecmwf00-a2d77f25-assumed-7b9a425c47be-1-20260207,2026-02-07T00:00:00+00:00,2026-02-07T10:00:00+00:00
2026-02-07T12:00:00+00:00,turbine-1,2026-02-08T01:00:00+00:00,13,0.575967,model-weather-experiment-640618020c918c13b93a05de,ecmwf00-a2d77f25-assumed-7b9a425c47be-1-20260207,2026-02-07T00:00:00+00:00,2026-02-07T10:00:00+00:00
2026-02-07T12:00:00+00:00,turbine-1,2026-02-08T02:00:00+00:00,14,0.426556,model-weather-experiment-640618020c918c13b93a05de,ecmwf00-a2d77f25-assumed-7b9a425c47be-1-20260207,2026-02-07T00:00:00+00:00,2026-02-07T10:00:00+00:00
2026-02-07T12:00:00+00:00,turbine-1,2026-02-08T03:00:00+00:00,15,0.167312,model-weather-experiment-640618020c918c13b93a05de,ecmwf00-a2d77f25-assumed-7b9a425c47be-1-20260207,2026-02-07T00:00:00+00:00,2026-02-07T10:00:00+00:00
2026-02-07T12:00:00+00:00,turbine-1,2026-02-08T04:00:00+00:00,16,0.074399,model-weather-experiment-640618020c918c13b93a05de,ecmwf00-a2d77f25-assumed-7b9a425c47be-1-20260207,2026-02-07T00:00:00+00:00,2026-02-07T10:00:00+00:00
2026-02-07T12:00:00+00:00,turbine-1,2026-02-08T05:00:00+00:00,17,0.050448,model-weather-experiment-640618020c918c13b93a05de,ecmwf00-a2d77f25-assumed-7b9a425c47be-1-20260207,2026-02-07T00:00:00+00:00,2026-02-07T10:00:00+00:00
2026-02-07T12:00:00+00:00,turbine-1,2026-02-08T06:00:00+00:00,18,0.037666,model-weather-experiment-640618020c918c13b93a05de,ecmwf00-a2d77f25-assumed-7b9a425c47be-1-20260207,2026-02-07T00:00:00+00:00,2026-02-07T10:00:00+00:00
2026-02-07T12:00:00+00:00,turbine-1,2026-02-08T07:00:00+00:00,19,0.041051,model-weather-experiment-640618020c918c13b93a05de,ecmwf00-a2d77f25-assumed-7b9a425c47be-1-20260207,2026-02-07T00:00:00+00:00,2026-02-07T10:00:00+00:00
2026-02-07T12:00:00+00:00,turbine-1,2026-02-08T08:00:00+00:00,20,0.059501,model-weather-experiment-640618020c918c13b93a05de,ecmwf00-a2d77f25-assumed-7b9a425c47be-1-20260207,2026-02-07T00:00:00+00:00,2026-02-07T10:00:00+00:00
2026-02-07T12:00:00+00:00,turbine-1,2026-02-08T09:00:00+00:00,21,0.168425,model-weather-experiment-640618020c918c13b93a05de,ecmwf00-a2d77f25-assumed-7b9a425c47be-1-20260207,2026-02-07T00:00:00+00:00,2026-02-07T10:00:00+00:00
2026-02-07T12:00:00+00:00,turbine-1,2026-02-08T10:00:00+00:00,22,0.503955,model-weather-experiment-640618020c918c13b93a05de,ecmwf00-a2d77f25-assumed-7b9a425c47be-1-20260207,2026-02-07T00:00:00+00:00,2026-02-07T10:00:00+00:00
2026-02-07T12:00:00+00:00,turbine-1,2026-02-08T11:00:00+00:00,23,0.968982,model-weather-experiment-640618020c918c13b93a05de,ecmwf00-a2d77f25-assumed-7b9a425c47be-1-20260207,2026-02-07T00:00:00+00:00,2026-02-07T10:00:00+00:00
2026-02-07T12:00:00+00:00,turbine-1,2026-02-08T12:00:00+00:00,24,0.906262,model-weather-experiment-640618020c918c13b93a05de,ecmwf00-a2d77f25-assumed-7b9a425c47be-1-20260207,2026-02-07T00:00:00+00:00,2026-02-07T10:00:00+00:00
2026-02-07T12:00:00+00:00,turbine-1,2026-02-08T13:00:00+00:00,25,0.895493,model-weather-experiment-640618020c918c13b93a05de,ecmwf00-a2d77f25-assumed-7b9a425c47be-1-20260207,2026-02-07T00:00:00+00:00,2026-02-07T10:00:00+00:00
2026-02-07T12:00:00+00:00,turbine-1,2026-02-08T14:00:00+00:00,26,0.895615,model-weather-experiment-640618020c918c13b93a05de,ecmwf00-a2d77f25-assumed-7b9a425c47be-1-20260207,2026-02-07T00:00:00+00:00,2026-02-07T10:00:00+00:00
2026-02-07T12:00:00+00:00,turbine-1,2026-02-08T15:00:00+00:00,27,0.890698,model-weather-experiment-640618020c918c13b93a05de,ecmwf00-a2d77f25-assumed-7b9a425c47be-1-20260207,2026-02-07T00:00:00+00:00,2026-02-07T10:00:00+00:00
2026-02-07T12:00:00+00:00,turbine-1,2026-02-08T16:00:00+00:00,28,0.890045,model-weather-experiment-640618020c918c13b93a05de,ecmwf00-a2d77f25-assumed-7b9a425c47be-1-20260207,2026-02-07T00:00:00+00:00,2026-02-07T10:00:00+00:00
2026-02-07T12:00:00+00:00,turbine-1,2026-02-08T17:00:00+00:00,29,0.888266,model-weather-experiment-640618020c918c13b93a05de,ecmwf00-a2d77f25-assumed-7b9a425c47be-1-20260207,2026-02-07T00:00:00+00:00,2026-02-07T10:00:00+00:00
2026-02-07T12:00:00+00:00,turbine-1,2026-02-08T18:00:00+00:00,30,0.907282,model-weather-experiment-640618020c918c13b93a05de,ecmwf00-a2d77f25-assumed-7b9a425c47be-1-20260207,2026-02-07T00:00:00+00:00,2026-02-07T10:00:00+00:00
2026-02-07T12:00:00+00:00,turbine-1,2026-02-08T19:00:00+00:00,31,0.912078,model-weather-experiment-640618020c918c13b93a05de,ecmwf00-a2d77f25-assumed-7b9a425c47be-1-20260207,2026-02-07T00:00:00+00:00,2026-02-07T10:00:00+00:00
2026-02-07T12:00:00+00:00,turbine-1,2026-02-08T20:00:00+00:00,32,0.9152,model-weather-experiment-640618020c918c13b93a05de,ecmwf00-a2d77f25-assumed-7b9a425c47be-1-20260207,2026-02-07T00:00:00+00:00,2026-02-07T10:00:00+00:00
2026-02-07T12:00:00+00:00,turbine-1,2026-02-08T21:00:00+00:00,33,0.921519,model-weather-experiment-640618020c918c13b93a05de,ecmwf00-a2d77f25-assumed-7b9a425c47be-1-20260207,2026-02-07T00:00:00+00:00,2026-02-07T10:00:00+00:00
2026-02-07T12:00:00+00:00,turbine-1,2026-02-08T22:00:00+00:00,34,0.917376,model-weather-experiment-640618020c918c13b93a05de,ecmwf00-a2d77f25-assumed-7b9a425c47be-1-20260207,2026-02-07T00:00:00+00:00,2026-02-07T10:00:00+00:00
2026-02-07T12:00:00+00:00,turbine-1,2026-02-08T23:00:00+00:00,35,0.901589,model-weather-experiment-640618020c918c13b93a05de,ecmwf00-a2d77f25-assumed-7b9a425c47be-1-20260207,2026-02-07T00:00:00+00:00,2026-02-07T10:00:00+00:00
2026-02-07T12:00:00+00:00,turbine-1,2026-02-09T00:00:00+00:00,36,0.897584,model-weather-experiment-640618020c918c13b93a05de,ecmwf00-a2d77f25-assumed-7b9a425c47be-1-20260207,2026-02-07T00:00:00+00:00,2026-02-07T10:00:00+00:00
2026-02-07T12:00:00+00:00,turbine-1,2026-02-09T01:00:00+00:00,37,0.91781,model-weather-experiment-640618020c918c13b93a05de,ecmwf00-a2d77f25-assumed-7b9a425c47be-1-20260207,2026-02-07T00:00:00+00:00,2026-02-07T10:00:00+00:00
2026-02-07T12:00:00+00:00,turbine-1,2026-02-09T02:00:00+00:00,38,0.90468,model-weather-experiment-640618020c918c13b93a05de,ecmwf00-a2d77f25-assumed-7b9a425c47be-1-20260207,2026-02-07T00:00:00+00:00,2026-02-07T10:00:00+00:00
2026-02-07T12:00:00+00:00,turbine-1,2026-02-09T03:00:00+00:00,39,0.948154,model-weather-experiment-640618020c918c13b93a05de,ecmwf00-a2d77f25-assumed-7b9a425c47be-1-20260207,2026-02-07T00:00:00+00:00,2026-02-07T10:00:00+00:00
2026-02-07T12:00:00+00:00,turbine-1,2026-02-09T04:00:00+00:00,40,0.935511,model-weather-experiment-640618020c918c13b93a05de,ecmwf00-a2d77f25-assumed-7b9a425c47be-1-20260207,2026-02-07T00:00:00+00:00,2026-02-07T10:00:00+00:00
2026-02-07T12:00:00+00:00,turbine-1,2026-02-09T05:00:00+00:00,41,0.908891,model-weather-experiment-640618020c918c13b93a05de,ecmwf00-a2d77f25-assumed-7b9a425c47be-1-20260207,2026-02-07T00:00:00+00:00,2026-02-07T10:00:00+00:00
2026-02-07T12:00:00+00:00,turbine-1,2026-02-09T06:00:00+00:00,42,0.933322,model-weather-experiment-640618020c918c13b93a05de,ecmwf00-a2d77f25-assumed-7b9a425c47be-1-20260207,2026-02-07T00:00:00+00:00,2026-02-07T10:00:00+00:00
2026-02-07T12:00:00+00:00,turbine-1,2026-02-09T07:00:00+00:00,43,0.939821,model-weather-experiment-640618020c918c13b93a05de,ecmwf00-a2d77f25-assumed-7b9a425c47be-1-20260207,2026-02-07T00:00:00+00:00,2026-02-07T10:00:00+00:00
2026-02-07T12:00:00+00:00,turbine-1,2026-02-09T08:00:00+00:00,44,0.912269,model-weather-experiment-640618020c918c13b93a05de,ecmwf00-a2d77f25-assumed-7b9a425c47be-1-20260207,2026-02-07T00:00:00+00:00,2026-02-07T10:00:00+00:00
2026-02-07T12:00:00+00:00,turbine-1,2026-02-09T09:00:00+00:00,45,0.952349,model-weather-experiment-640618020c918c13b93a05de,ecmwf00-a2d77f25-assumed-7b9a425c47be-1-20260207,2026-02-07T00:00:00+00:00,2026-02-07T10:00:00+00:00
2026-02-07T12:00:00+00:00,turbine-1,2026-02-09T10:00:00+00:00,46,0.926561,model-weather-experiment-640618020c918c13b93a05de,ecmwf00-a2d77f25-assumed-7b9a425c47be-1-20260207,2026-02-07T00:00:00+00:00,2026-02-07T10:00:00+00:00
2026-02-07T12:00:00+00:00,turbine-1,2026-02-09T11:00:00+00:00,47,1.0,model-weather-experiment-640618020c918c13b93a05de,ecmwf00-a2d77f25-assumed-7b9a425c47be-1-20260207,2026-02-07T00:00:00+00:00,2026-02-07T10:00:00+00:00
2026-02-07T12:00:00+00:00,turbine-1,2026-02-09T12:00:00+00:00,48,1.0,model-weather-experiment-640618020c918c13b93a05de,ecmwf00-a2d77f25-assumed-7b9a425c47be-1-20260207,2026-02-07T00:00:00+00:00,2026-02-07T10:00:00+00:00
2026-02-07T12:00:00+00:00,turbine-2,2026-02-07T13:00:00+00:00,1,0.317534,model-weather-experiment-640618020c918c13b93a05de,ecmwf00-a2d77f25-assumed-7b9a425c47be-2-20260207,2026-02-07T00:00:00+00:00,2026-02-07T10:00:00+00:00
2026-02-07T12:00:00+00:00,turbine-2,2026-02-07T14:00:00+00:00,2,0.430194,model-weather-experiment-640618020c918c13b93a05de,ecmwf00-a2d77f25-assumed-7b9a425c47be-2-20260207,2026-02-07T00:00:00+00:00,2026-02-07T10:00:00+00:00
2026-02-07T12:00:00+00:00,turbine-2,2026-02-07T15:00:00+00:00,3,0.547491,model-weather-experiment-640618020c918c13b93a05de,ecmwf00-a2d77f25-assumed-7b9a425c47be-2-20260207,2026-02-07T00:00:00+00:00,2026-02-07T10:00:00+00:00
2026-02-07T12:00:00+00:00,turbine-2,2026-02-07T16:00:00+00:00,4,0.856855,model-weather-experiment-640618020c918c13b93a05de,ecmwf00-a2d77f25-assumed-7b9a425c47be-2-20260207,2026-02-07T00:00:00+00:00,2026-02-07T10:00:00+00:00
2026-02-07T12:00:00+00:00,turbine-2,2026-02-07T17:00:00+00:00,5,0.937228,model-weather-experiment-640618020c918c13b93a05de,ecmwf00-a2d77f25-assumed-7b9a425c47be-2-20260207,2026-02-07T00:00:00+00:00,2026-02-07T10:00:00+00:00
2026-02-07T12:00:00+00:00,turbine-2,2026-02-07T18:00:00+00:00,6,0.927646,model-weather-experiment-640618020c918c13b93a05de,ecmwf00-a2d77f25-assumed-7b9a425c47be-2-20260207,2026-02-07T00:00:00+00:00,2026-02-07T10:00:00+00:00
2026-02-07T12:00:00+00:00,turbine-2,2026-02-07T19:00:00+00:00,7,0.926565,model-weather-experiment-640618020c918c13b93a05de,ecmwf00-a2d77f25-assumed-7b9a425c47be-2-20260207,2026-02-07T00:00:00+00:00,2026-02-07T10:00:00+00:00
2026-02-07T12:00:00+00:00,turbine-2,2026-02-07T20:00:00+00:00,8,0.931495,model-weather-experiment-640618020c918c13b93a05de,ecmwf00-a2d77f25-assumed-7b9a425c47be-2-20260207,2026-02-07T00:00:00+00:00,2026-02-07T10:00:00+00:00
2026-02-07T12:00:00+00:00,turbine-2,2026-02-07T21:00:00+00:00,9,0.939529,model-weather-experiment-640618020c918c13b93a05de,ecmwf00-a2d77f25-assumed-7b9a425c47be-2-20260207,2026-02-07T00:00:00+00:00,2026-02-07T10:00:00+00:00
2026-02-07T12:00:00+00:00,turbine-2,2026-02-07T22:00:00+00:00,10,0.836461,model-weather-experiment-640618020c918c13b93a05de,ecmwf00-a2d77f25-assumed-7b9a425c47be-2-20260207,2026-02-07T00:00:00+00:00,2026-02-07T10:00:00+00:00
2026-02-07T12:00:00+00:00,turbine-2,2026-02-07T23:00:00+00:00,11,0.792865,model-weather-experiment-640618020c918c13b93a05de,ecmwf00-a2d77f25-assumed-7b9a425c47be-2-20260207,2026-02-07T00:00:00+00:00,2026-02-07T10:00:00+00:00
2026-02-07T12:00:00+00:00,turbine-2,2026-02-08T00:00:00+00:00,12,0.694902,model-weather-experiment-640618020c918c13b93a05de,ecmwf00-a2d77f25-assumed-7b9a425c47be-2-20260207,2026-02-07T00:00:00+00:00,2026-02-07T10:00:00+00:00
2026-02-07T12:00:00+00:00,turbine-2,2026-02-08T01:00:00+00:00,13,0.629566,model-weather-experiment-640618020c918c13b93a05de,ecmwf00-a2d77f25-assumed-7b9a425c47be-2-20260207,2026-02-07T00:00:00+00:00,2026-02-07T10:00:00+00:00
2026-02-07T12:00:00+00:00,turbine-2,2026-02-08T02:00:00+00:00,14,0.416094,model-weather-experiment-640618020c918c13b93a05de,ecmwf00-a2d77f25-assumed-7b9a425c47be-2-20260207,2026-02-07T00:00:00+00:00,2026-02-07T10:00:00+00:00
2026-02-07T12:00:00+00:00,turbine-2,2026-02-08T03:00:00+00:00,15,0.188713,model-weather-experiment-640618020c918c13b93a05de,ecmwf00-a2d77f25-assumed-7b9a425c47be-2-20260207,2026-02-07T00:00:00+00:00,2026-02-07T10:00:00+00:00
2026-02-07T12:00:00+00:00,turbine-2,2026-02-08T04:00:00+00:00,16,0.087042,model-weather-experiment-640618020c918c13b93a05de,ecmwf00-a2d77f25-assumed-7b9a425c47be-2-20260207,2026-02-07T00:00:00+00:00,2026-02-07T10:00:00+00:00
2026-02-07T12:00:00+00:00,turbine-2,2026-02-08T05:00:00+00:00,17,0.051498,model-weather-experiment-640618020c918c13b93a05de,ecmwf00-a2d77f25-assumed-7b9a425c47be-2-20260207,2026-02-07T00:00:00+00:00,2026-02-07T10:00:00+00:00
2026-02-07T12:00:00+00:00,turbine-2,2026-02-08T06:00:00+00:00,18,0.043345,model-weather-experiment-640618020c918c13b93a05de,ecmwf00-a2d77f25-assumed-7b9a425c47be-2-20260207,2026-02-07T00:00:00+00:00,2026-02-07T10:00:00+00:00
2026-02-07T12:00:00+00:00,turbine-2,2026-02-08T07:00:00+00:00,19,0.032342,model-weather-experiment-640618020c918c13b93a05de,ecmwf00-a2d77f25-assumed-7b9a425c47be-2-20260207,2026-02-07T00:00:00+00:00,2026-02-07T10:00:00+00:00
2026-02-07T12:00:00+00:00,turbine-2,2026-02-08T08:00:00+00:00,20,0.07576,model-weather-experiment-640618020c918c13b93a05de,ecmwf00-a2d77f25-assumed-7b9a425c47be-2-20260207,2026-02-07T00:00:00+00:00,2026-02-07T10:00:00+00:00
2026-02-07T12:00:00+00:00,turbine-2,2026-02-08T09:00:00+00:00,21,0.138059,model-weather-experiment-640618020c918c13b93a05de,ecmwf00-a2d77f25-assumed-7b9a425c47be-2-20260207,2026-02-07T00:00:00+00:00,2026-02-07T10:00:00+00:00
2026-02-07T12:00:00+00:00,turbine-2,2026-02-08T10:00:00+00:00,22,0.46813,model-weather-experiment-640618020c918c13b93a05de,ecmwf00-a2d77f25-assumed-7b9a425c47be-2-20260207,2026-02-07T00:00:00+00:00,2026-02-07T10:00:00+00:00
2026-02-07T12:00:00+00:00,turbine-2,2026-02-08T11:00:00+00:00,23,0.954994,model-weather-experiment-640618020c918c13b93a05de,ecmwf00-a2d77f25-assumed-7b9a425c47be-2-20260207,2026-02-07T00:00:00+00:00,2026-02-07T10:00:00+00:00
2026-02-07T12:00:00+00:00,turbine-2,2026-02-08T12:00:00+00:00,24,0.986697,model-weather-experiment-640618020c918c13b93a05de,ecmwf00-a2d77f25-assumed-7b9a425c47be-2-20260207,2026-02-07T00:00:00+00:00,2026-02-07T10:00:00+00:00
2026-02-07T12:00:00+00:00,turbine-2,2026-02-08T13:00:00+00:00,25,0.97254,model-weather-experiment-640618020c918c13b93a05de,ecmwf00-a2d77f25-assumed-7b9a425c47be-2-20260207,2026-02-07T00:00:00+00:00,2026-02-07T10:00:00+00:00
2026-02-07T12:00:00+00:00,turbine-2,2026-02-08T14:00:00+00:00,26,0.957226,model-weather-experiment-640618020c918c13b93a05de,ecmwf00-a2d77f25-assumed-7b9a425c47be-2-20260207,2026-02-07T00:00:00+00:00,2026-02-07T10:00:00+00:00
2026-02-07T12:00:00+00:00,turbine-2,2026-02-08T15:00:00+00:00,27,0.949471,model-weather-experiment-640618020c918c13b93a05de,ecmwf00-a2d77f25-assumed-7b9a425c47be-2-20260207,2026-02-07T00:00:00+00:00,2026-02-07T10:00:00+00:00
2026-02-07T12:00:00+00:00,turbine-2,2026-02-08T16:00:00+00:00,28,0.953026,model-weather-experiment-640618020c918c13b93a05de,ecmwf00-a2d77f25-assumed-7b9a425c47be-2-20260207,2026-02-07T00:00:00+00:00,2026-02-07T10:00:00+00:00
2026-02-07T12:00:00+00:00,turbine-2,2026-02-08T17:00:00+00:00,29,0.954669,model-weather-experiment-640618020c918c13b93a05de,ecmwf00-a2d77f25-assumed-7b9a425c47be-2-20260207,2026-02-07T00:00:00+00:00,2026-02-07T10:00:00+00:00
2026-02-07T12:00:00+00:00,turbine-2,2026-02-08T18:00:00+00:00,30,0.965292,model-weather-experiment-640618020c918c13b93a05de,ecmwf00-a2d77f25-assumed-7b9a425c47be-2-20260207,2026-02-07T00:00:00+00:00,2026-02-07T10:00:00+00:00
2026-02-07T12:00:00+00:00,turbine-2,2026-02-08T19:00:00+00:00,31,0.964395,model-weather-experiment-640618020c918c13b93a05de,ecmwf00-a2d77f25-assumed-7b9a425c47be-2-20260207,2026-02-07T00:00:00+00:00,2026-02-07T10:00:00+00:00
2026-02-07T12:00:00+00:00,turbine-2,2026-02-08T20:00:00+00:00,32,0.960819,model-weather-experiment-640618020c918c13b93a05de,ecmwf00-a2d77f25-assumed-7b9a425c47be-2-20260207,2026-02-07T00:00:00+00:00,2026-02-07T10:00:00+00:00
2026-02-07T12:00:00+00:00,turbine-2,2026-02-08T21:00:00+00:00,33,0.959418,model-weather-experiment-640618020c918c13b93a05de,ecmwf00-a2d77f25-assumed-7b9a425c47be-2-20260207,2026-02-07T00:00:00+00:00,2026-02-07T10:00:00+00:00
2026-02-07T12:00:00+00:00,turbine-2,2026-02-08T22:00:00+00:00,34,0.949609,model-weather-experiment-640618020c918c13b93a05de,ecmwf00-a2d77f25-assumed-7b9a425c47be-2-20260207,2026-02-07T00:00:00+00:00,2026-02-07T10:00:00+00:00
2026-02-07T12:00:00+00:00,turbine-2,2026-02-08T23:00:00+00:00,35,0.954097,model-weather-experiment-640618020c918c13b93a05de,ecmwf00-a2d77f25-assumed-7b9a425c47be-2-20260207,2026-02-07T00:00:00+00:00,2026-02-07T10:00:00+00:00
2026-02-07T12:00:00+00:00,turbine-2,2026-02-09T00:00:00+00:00,36,0.944063,model-weather-experiment-640618020c918c13b93a05de,ecmwf00-a2d77f25-assumed-7b9a425c47be-2-20260207,2026-02-07T00:00:00+00:00,2026-02-07T10:00:00+00:00
2026-02-07T12:00:00+00:00,turbine-2,2026-02-09T01:00:00+00:00,37,0.948271,model-weather-experiment-640618020c918c13b93a05de,ecmwf00-a2d77f25-assumed-7b9a425c47be-2-20260207,2026-02-07T00:00:00+00:00,2026-02-07T10:00:00+00:00
2026-02-07T12:00:00+00:00,turbine-2,2026-02-09T02:00:00+00:00,38,0.962097,model-weather-experiment-640618020c918c13b93a05de,ecmwf00-a2d77f25-assumed-7b9a425c47be-2-20260207,2026-02-07T00:00:00+00:00,2026-02-07T10:00:00+00:00
2026-02-07T12:00:00+00:00,turbine-2,2026-02-09T03:00:00+00:00,39,0.959707,model-weather-experiment-640618020c918c13b93a05de,ecmwf00-a2d77f25-assumed-7b9a425c47be-2-20260207,2026-02-07T00:00:00+00:00,2026-02-07T10:00:00+00:00
2026-02-07T12:00:00+00:00,turbine-2,2026-02-09T04:00:00+00:00,40,0.949925,model-weather-experiment-640618020c918c13b93a05de,ecmwf00-a2d77f25-assumed-7b9a425c47be-2-20260207,2026-02-07T00:00:00+00:00,2026-02-07T10:00:00+00:00
2026-02-07T12:00:00+00:00,turbine-2,2026-02-09T05:00:00+00:00,41,0.959073,model-weather-experiment-640618020c918c13b93a05de,ecmwf00-a2d77f25-assumed-7b9a425c47be-2-20260207,2026-02-07T00:00:00+00:00,2026-02-07T10:00:00+00:00
2026-02-07T12:00:00+00:00,turbine-2,2026-02-09T06:00:00+00:00,42,0.986871,model-weather-experiment-640618020c918c13b93a05de,ecmwf00-a2d77f25-assumed-7b9a425c47be-2-20260207,2026-02-07T00:00:00+00:00,2026-02-07T10:00:00+00:00
2026-02-07T12:00:00+00:00,turbine-2,2026-02-09T07:00:00+00:00,43,0.96774,model-weather-experiment-640618020c918c13b93a05de,ecmwf00-a2d77f25-assumed-7b9a425c47be-2-20260207,2026-02-07T00:00:00+00:00,2026-02-07T10:00:00+00:00
2026-02-07T12:00:00+00:00,turbine-2,2026-02-09T08:00:00+00:00,44,0.936937,model-weather-experiment-640618020c918c13b93a05de,ecmwf00-a2d77f25-assumed-7b9a425c47be-2-20260207,2026-02-07T00:00:00+00:00,2026-02-07T10:00:00+00:00
2026-02-07T12:00:00+00:00,turbine-2,2026-02-09T09:00:00+00:00,45,0.956646,model-weather-experiment-640618020c918c13b93a05de,ecmwf00-a2d77f25-assumed-7b9a425c47be-2-20260207,2026-02-07T00:00:00+00:00,2026-02-07T10:00:00+00:00
2026-02-07T12:00:00+00:00,turbine-2,2026-02-09T10:00:00+00:00,46,0.90096,model-weather-experiment-640618020c918c13b93a05de,ecmwf00-a2d77f25-assumed-7b9a425c47be-2-20260207,2026-02-07T00:00:00+00:00,2026-02-07T10:00:00+00:00
2026-02-07T12:00:00+00:00,turbine-2,2026-02-09T11:00:00+00:00,47,1.0,model-weather-experiment-640618020c918c13b93a05de,ecmwf00-a2d77f25-assumed-7b9a425c47be-2-20260207,2026-02-07T00:00:00+00:00,2026-02-07T10:00:00+00:00
2026-02-07T12:00:00+00:00,turbine-2,2026-02-09T12:00:00+00:00,48,1.0,model-weather-experiment-640618020c918c13b93a05de,ecmwf00-a2d77f25-assumed-7b9a425c47be-2-20260207,2026-02-07T00:00:00+00:00,2026-02-07T10:00:00+00:00
2026-02-08T12:00:00+00:00,turbine-1,2026-02-08T13:00:00+00:00,1,0.83128,model-weather-experiment-640618020c918c13b93a05de,ecmwf00-a2d77f25-assumed-7b9a425c47be-1-20260208,2026-02-08T00:00:00+00:00,2026-02-08T10:00:00+00:00
2026-02-08T12:00:00+00:00,turbine-1,2026-02-08T14:00:00+00:00,2,0.841212,model-weather-experiment-640618020c918c13b93a05de,ecmwf00-a2d77f25-assumed-7b9a425c47be-1-20260208,2026-02-08T00:00:00+00:00,2026-02-08T10:00:00+00:00
2026-02-08T12:00:00+00:00,turbine-1,2026-02-08T15:00:00+00:00,3,0.852371,model-weather-experiment-640618020c918c13b93a05de,ecmwf00-a2d77f25-assumed-7b9a425c47be-1-20260208,2026-02-08T00:00:00+00:00,2026-02-08T10:00:00+00:00
2026-02-08T12:00:00+00:00,turbine-1,2026-02-08T16:00:00+00:00,4,0.860234,model-weather-experiment-640618020c918c13b93a05de,ecmwf00-a2d77f25-assumed-7b9a425c47be-1-20260208,2026-02-08T00:00:00+00:00,2026-02-08T10:00:00+00:00
2026-02-08T12:00:00+00:00,turbine-1,2026-02-08T17:00:00+00:00,5,0.880609,model-weather-experiment-640618020c918c13b93a05de,ecmwf00-a2d77f25-assumed-7b9a425c47be-1-20260208,2026-02-08T00:00:00+00:00,2026-02-08T10:00:00+00:00
2026-02-08T12:00:00+00:00,turbine-1,2026-02-08T18:00:00+00:00,6,0.880353,model-weather-experiment-640618020c918c13b93a05de,ecmwf00-a2d77f25-assumed-7b9a425c47be-1-20260208,2026-02-08T00:00:00+00:00,2026-02-08T10:00:00+00:00
2026-02-08T12:00:00+00:00,turbine-1,2026-02-08T19:00:00+00:00,7,0.882537,model-weather-experiment-640618020c918c13b93a05de,ecmwf00-a2d77f25-assumed-7b9a425c47be-1-20260208,2026-02-08T00:00:00+00:00,2026-02-08T10:00:00+00:00
2026-02-08T12:00:00+00:00,turbine-1,2026-02-08T20:00:00+00:00,8,0.881548,model-weather-experiment-640618020c918c13b93a05de,ecmwf00-a2d77f25-assumed-7b9a425c47be-1-20260208,2026-02-08T00:00:00+00:00,2026-02-08T10:00:00+00:00
2026-02-08T12:00:00+00:00,turbine-1,2026-02-08T21:00:00+00:00,9,0.883206,model-weather-experiment-640618020c918c13b93a05de,ecmwf00-a2d77f25-assumed-7b9a425c47be-1-20260208,2026-02-08T00:00:00+00:00,2026-02-08T10:00:00+00:00
2026-02-08T12:00:00+00:00,turbine-1,2026-02-08T22:00:00+00:00,10,0.879966,model-weather-experiment-640618020c918c13b93a05de,ecmwf00-a2d77f25-assumed-7b9a425c47be-1-20260208,2026-02-08T00:00:00+00:00,2026-02-08T10:00:00+00:00
2026-02-08T12:00:00+00:00,turbine-1,2026-02-08T23:00:00+00:00,11,0.856604,model-weather-experiment-640618020c918c13b93a05de,ecmwf00-a2d77f25-assumed-7b9a425c47be-1-20260208,2026-02-08T00:00:00+00:00,2026-02-08T10:00:00+00:00
2026-02-08T12:00:00+00:00,turbine-1,2026-02-09T00:00:00+00:00,12,0.859719,model-weather-experiment-640618020c918c13b93a05de,ecmwf00-a2d77f25-assumed-7b9a425c47be-1-20260208,2026-02-08T00:00:00+00:00,2026-02-08T10:00:00+00:00
2026-02-08T12:00:00+00:00,turbine-1,2026-02-09T01:00:00+00:00,13,0.893384,model-weather-experiment-640618020c918c13b93a05de,ecmwf00-a2d77f25-assumed-7b9a425c47be-1-20260208,2026-02-08T00:00:00+00:00,2026-02-08T10:00:00+00:00
2026-02-08T12:00:00+00:00,turbine-1,2026-02-09T02:00:00+00:00,14,0.88535,model-weather-experiment-640618020c918c13b93a05de,ecmwf00-a2d77f25-assumed-7b9a425c47be-1-20260208,2026-02-08T00:00:00+00:00,2026-02-08T10:00:00+00:00
2026-02-08T12:00:00+00:00,turbine-1,2026-02-09T03:00:00+00:00,15,0.897398,model-weather-experiment-640618020c918c13b93a05de,ecmwf00-a2d77f25-assumed-7b9a425c47be-1-20260208,2026-02-08T00:00:00+00:00,2026-02-08T10:00:00+00:00
2026-02-08T12:00:00+00:00,turbine-1,2026-02-09T04:00:00+00:00,16,0.874893,model-weather-experiment-640618020c918c13b93a05de,ecmwf00-a2d77f25-assumed-7b9a425c47be-1-20260208,2026-02-08T00:00:00+00:00,2026-02-08T10:00:00+00:00
2026-02-08T12:00:00+00:00,turbine-1,2026-02-09T05:00:00+00:00,17,0.916379,model-weather-experiment-640618020c918c13b93a05de,ecmwf00-a2d77f25-assumed-7b9a425c47be-1-20260208,2026-02-08T00:00:00+00:00,2026-02-08T10:00:00+00:00
2026-02-08T12:00:00+00:00,turbine-1,2026-02-09T06:00:00+00:00,18,0.906036,model-weather-experiment-640618020c918c13b93a05de,ecmwf00-a2d77f25-assumed-7b9a425c47be-1-20260208,2026-02-08T00:00:00+00:00,2026-02-08T10:00:00+00:00
2026-02-08T12:00:00+00:00,turbine-1,2026-02-09T07:00:00+00:00,19,0.913348,model-weather-experiment-640618020c918c13b93a05de,ecmwf00-a2d77f25-assumed-7b9a425c47be-1-20260208,2026-02-08T00:00:00+00:00,2026-02-08T10:00:00+00:00
2026-02-08T12:00:00+00:00,turbine-1,2026-02-09T08:00:00+00:00,20,0.922426,model-weather-experiment-640618020c918c13b93a05de,ecmwf00-a2d77f25-assumed-7b9a425c47be-1-20260208,2026-02-08T00:00:00+00:00,2026-02-08T10:00:00+00:00
2026-02-08T12:00:00+00:00,turbine-1,2026-02-09T09:00:00+00:00,21,0.91711,model-weather-experiment-640618020c918c13b93a05de,ecmwf00-a2d77f25-assumed-7b9a425c47be-1-20260208,2026-02-08T00:00:00+00:00,2026-02-08T10:00:00+00:00
2026-02-08T12:00:00+00:00,turbine-1,2026-02-09T10:00:00+00:00,22,0.986527,model-weather-experiment-640618020c918c13b93a05de,ecmwf00-a2d77f25-assumed-7b9a425c47be-1-20260208,2026-02-08T00:00:00+00:00,2026-02-08T10:00:00+00:00
2026-02-08T12:00:00+00:00,turbine-1,2026-02-09T11:00:00+00:00,23,0.976076,model-weather-experiment-640618020c918c13b93a05de,ecmwf00-a2d77f25-assumed-7b9a425c47be-1-20260208,2026-02-08T00:00:00+00:00,2026-02-08T10:00:00+00:00
2026-02-08T12:00:00+00:00,turbine-1,2026-02-09T12:00:00+00:00,24,0.939581,model-weather-experiment-640618020c918c13b93a05de,ecmwf00-a2d77f25-assumed-7b9a425c47be-1-20260208,2026-02-08T00:00:00+00:00,2026-02-08T10:00:00+00:00
2026-02-08T12:00:00+00:00,turbine-1,2026-02-09T13:00:00+00:00,25,0.631322,model-weather-experiment-640618020c918c13b93a05de,ecmwf00-a2d77f25-assumed-7b9a425c47be-1-20260208,2026-02-08T00:00:00+00:00,2026-02-08T10:00:00+00:00
2026-02-08T12:00:00+00:00,turbine-1,2026-02-09T14:00:00+00:00,26,0.394413,model-weather-experiment-640618020c918c13b93a05de,ecmwf00-a2d77f25-assumed-7b9a425c47be-1-20260208,2026-02-08T00:00:00+00:00,2026-02-08T10:00:00+00:00
2026-02-08T12:00:00+00:00,turbine-1,2026-02-09T15:00:00+00:00,27,0.140601,model-weather-experiment-640618020c918c13b93a05de,ecmwf00-a2d77f25-assumed-7b9a425c47be-1-20260208,2026-02-08T00:00:00+00:00,2026-02-08T10:00:00+00:00
2026-02-08T12:00:00+00:00,turbine-1,2026-02-09T16:00:00+00:00,28,0.089083,model-weather-experiment-640618020c918c13b93a05de,ecmwf00-a2d77f25-assumed-7b9a425c47be-1-20260208,2026-02-08T00:00:00+00:00,2026-02-08T10:00:00+00:00
2026-02-08T12:00:00+00:00,turbine-1,2026-02-09T17:00:00+00:00,29,0.0904,model-weather-experiment-640618020c918c13b93a05de,ecmwf00-a2d77f25-assumed-7b9a425c47be-1-20260208,2026-02-08T00:00:00+00:00,2026-02-08T10:00:00+00:00
2026-02-08T12:00:00+00:00,turbine-1,2026-02-09T18:00:00+00:00,30,0.155623,model-weather-experiment-640618020c918c13b93a05de,ecmwf00-a2d77f25-assumed-7b9a425c47be-1-20260208,2026-02-08T00:00:00+00:00,2026-02-08T10:00:00+00:00
2026-02-08T12:00:00+00:00,turbine-1,2026-02-09T19:00:00+00:00,31,0.256711,model-weather-experiment-640618020c918c13b93a05de,ecmwf00-a2d77f25-assumed-7b9a425c47be-1-20260208,2026-02-08T00:00:00+00:00,2026-02-08T10:00:00+00:00
2026-02-08T12:00:00+00:00,turbine-1,2026-02-09T20:00:00+00:00,32,0.20528,model-weather-experiment-640618020c918c13b93a05de,ecmwf00-a2d77f25-assumed-7b9a425c47be-1-20260208,2026-02-08T00:00:00+00:00,2026-02-08T10:00:00+00:00
2026-02-08T12:00:00+00:00,turbine-1,2026-02-09T21:00:00+00:00,33,0.232988,model-weather-experiment-640618020c918c13b93a05de,ecmwf00-a2d77f25-assumed-7b9a425c47be-1-20260208,2026-02-08T00:00:00+00:00,2026-02-08T10:00:00+00:00
2026-02-08T12:00:00+00:00,turbine-1,2026-02-09T22:00:00+00:00,34,0.289685,model-weather-experiment-640618020c918c13b93a05de,ecmwf00-a2d77f25-assumed-7b9a425c47be-1-20260208,2026-02-08T00:00:00+00:00,2026-02-08T10:00:00+00:00
2026-02-08T12:00:00+00:00,turbine-1,2026-02-09T23:00:00+00:00,35,0.24628,model-weather-experiment-640618020c918c13b93a05de,ecmwf00-a2d77f25-assumed-7b9a425c47be-1-20260208,2026-02-08T00:00:00+00:00,2026-02-08T10:00:00+00:00
2026-02-08T12:00:00+00:00,turbine-1,2026-02-10T00:00:00+00:00,36,0.260791,model-weather-experiment-640618020c918c13b93a05de,ecmwf00-a2d77f25-assumed-7b9a425c47be-1-20260208,2026-02-08T00:00:00+00:00,2026-02-08T10:00:00+00:00
2026-02-08T12:00:00+00:00,turbine-1,2026-02-10T01:00:00+00:00,37,0.433777,model-weather-experiment-640618020c918c13b93a05de,ecmwf00-a2d77f25-assumed-7b9a425c47be-1-20260208,2026-02-08T00:00:00+00:00,2026-02-08T10:00:00+00:00
2026-02-08T12:00:00+00:00,turbine-1,2026-02-10T02:00:00+00:00,38,0.101924,model-weather-experiment-640618020c918c13b93a05de,ecmwf00-a2d77f25-assumed-7b9a425c47be-1-20260208,2026-02-08T00:00:00+00:00,2026-02-08T10:00:00+00:00
2026-02-08T12:00:00+00:00,turbine-1,2026-02-10T03:00:00+00:00,39,0.297065,model-weather-experiment-640618020c918c13b93a05de,ecmwf00-a2d77f25-assumed-7b9a425c47be-1-20260208,2026-02-08T00:00:00+00:00,2026-02-08T10:00:00+00:00
2026-02-08T12:00:00+00:00,turbine-1,2026-02-10T04:00:00+00:00,40,0.117181,model-weather-experiment-640618020c918c13b93a05de,ecmwf00-a2d77f25-assumed-7b9a425c47be-1-20260208,2026-02-08T00:00:00+00:00,2026-02-08T10:00:00+00:00
2026-02-08T12:00:00+00:00,turbine-1,2026-02-10T05:00:00+00:00,41,0.237382,model-weather-experiment-640618020c918c13b93a05de,ecmwf00-a2d77f25-assumed-7b9a425c47be-1-20260208,2026-02-08T00:00:00+00:00,2026-02-08T10:00:00+00:00
2026-02-08T12:00:00+00:00,turbine-1,2026-02-10T06:00:00+00:00,42,0.432819,model-weather-experiment-640618020c918c13b93a05de,ecmwf00-a2d77f25-assumed-7b9a425c47be-1-20260208,2026-02-08T00:00:00+00:00,2026-02-08T10:00:00+00:00
2026-02-08T12:00:00+00:00,turbine-1,2026-02-10T07:00:00+00:00,43,0.377852,model-weather-experiment-640618020c918c13b93a05de,ecmwf00-a2d77f25-assumed-7b9a425c47be-1-20260208,2026-02-08T00:00:00+00:00,2026-02-08T10:00:00+00:00
2026-02-08T12:00:00+00:00,turbine-1,2026-02-10T08:00:00+00:00,44,0.744337,model-weather-experiment-640618020c918c13b93a05de,ecmwf00-a2d77f25-assumed-7b9a425c47be-1-20260208,2026-02-08T00:00:00+00:00,2026-02-08T10:00:00+00:00
2026-02-08T12:00:00+00:00,turbine-1,2026-02-10T09:00:00+00:00,45,0.633072,model-weather-experiment-640618020c918c13b93a05de,ecmwf00-a2d77f25-assumed-7b9a425c47be-1-20260208,2026-02-08T00:00:00+00:00,2026-02-08T10:00:00+00:00
2026-02-08T12:00:00+00:00,turbine-1,2026-02-10T10:00:00+00:00,46,0.514658,model-weather-experiment-640618020c918c13b93a05de,ecmwf00-a2d77f25-assumed-7b9a425c47be-1-20260208,2026-02-08T00:00:00+00:00,2026-02-08T10:00:00+00:00
2026-02-08T12:00:00+00:00,turbine-1,2026-02-10T11:00:00+00:00,47,0.506172,model-weather-experiment-640618020c918c13b93a05de,ecmwf00-a2d77f25-assumed-7b9a425c47be-1-20260208,2026-02-08T00:00:00+00:00,2026-02-08T10:00:00+00:00
2026-02-08T12:00:00+00:00,turbine-1,2026-02-10T12:00:00+00:00,48,0.354136,model-weather-experiment-640618020c918c13b93a05de,ecmwf00-a2d77f25-assumed-7b9a425c47be-1-20260208,2026-02-08T00:00:00+00:00,2026-02-08T10:00:00+00:00
2026-02-08T12:00:00+00:00,turbine-2,2026-02-08T13:00:00+00:00,1,0.895309,model-weather-experiment-640618020c918c13b93a05de,ecmwf00-a2d77f25-assumed-7b9a425c47be-2-20260208,2026-02-08T00:00:00+00:00,2026-02-08T10:00:00+00:00
2026-02-08T12:00:00+00:00,turbine-2,2026-02-08T14:00:00+00:00,2,0.882372,model-weather-experiment-640618020c918c13b93a05de,ecmwf00-a2d77f25-assumed-7b9a425c47be-2-20260208,2026-02-08T00:00:00+00:00,2026-02-08T10:00:00+00:00
2026-02-08T12:00:00+00:00,turbine-2,2026-02-08T15:00:00+00:00,3,0.877231,model-weather-experiment-640618020c918c13b93a05de,ecmwf00-a2d77f25-assumed-7b9a425c47be-2-20260208,2026-02-08T00:00:00+00:00,2026-02-08T10:00:00+00:00
2026-02-08T12:00:00+00:00,turbine-2,2026-02-08T16:00:00+00:00,4,0.888079,model-weather-experiment-640618020c918c13b93a05de,ecmwf00-a2d77f25-assumed-7b9a425c47be-2-20260208,2026-02-08T00:00:00+00:00,2026-02-08T10:00:00+00:00
2026-02-08T12:00:00+00:00,turbine-2,2026-02-08T17:00:00+00:00,5,0.93466,model-weather-experiment-640618020c918c13b93a05de,ecmwf00-a2d77f25-assumed-7b9a425c47be-2-20260208,2026-02-08T00:00:00+00:00,2026-02-08T10:00:00+00:00
2026-02-08T12:00:00+00:00,turbine-2,2026-02-08T18:00:00+00:00,6,0.934915,model-weather-experiment-640618020c918c13b93a05de,ecmwf00-a2d77f25-assumed-7b9a425c47be-2-20260208,2026-02-08T00:00:00+00:00,2026-02-08T10:00:00+00:00
2026-02-08T12:00:00+00:00,turbine-2,2026-02-08T19:00:00+00:00,7,0.93874,model-weather-experiment-640618020c918c13b93a05de,ecmwf00-a2d77f25-assumed-7b9a425c47be-2-20260208,2026-02-08T00:00:00+00:00,2026-02-08T10:00:00+00:00
2026-02-08T12:00:00+00:00,turbine-2,2026-02-08T20:00:00+00:00,8,0.936962,model-weather-experiment-640618020c918c13b93a05de,ecmwf00-a2d77f25-assumed-7b9a425c47be-2-20260208,2026-02-08T00:00:00+00:00,2026-02-08T10:00:00+00:00
2026-02-08T12:00:00+00:00,turbine-2,2026-02-08T21:00:00+00:00,9,0.942129,model-weather-experiment-640618020c918c13b93a05de,ecmwf00-a2d77f25-assumed-7b9a425c47be-2-20260208,2026-02-08T00:00:00+00:00,2026-02-08T10:00:00+00:00
2026-02-08T12:00:00+00:00,turbine-2,2026-02-08T22:00:00+00:00,10,0.936379,model-weather-experiment-640618020c918c13b93a05de,ecmwf00-a2d77f25-assumed-7b9a425c47be-2-20260208,2026-02-08T00:00:00+00:00,2026-02-08T10:00:00+00:00
2026-02-08T12:00:00+00:00,turbine-2,2026-02-08T23:00:00+00:00,11,0.936956,model-weather-experiment-640618020c918c13b93a05de,ecmwf00-a2d77f25-assumed-7b9a425c47be-2-20260208,2026-02-08T00:00:00+00:00,2026-02-08T10:00:00+00:00
2026-02-08T12:00:00+00:00,turbine-2,2026-02-09T00:00:00+00:00,12,0.93254,model-weather-experiment-640618020c918c13b93a05de,ecmwf00-a2d77f25-assumed-7b9a425c47be-2-20260208,2026-02-08T00:00:00+00:00,2026-02-08T10:00:00+00:00
2026-02-08T12:00:00+00:00,turbine-2,2026-02-09T01:00:00+00:00,13,0.949253,model-weather-experiment-640618020c918c13b93a05de,ecmwf00-a2d77f25-assumed-7b9a425c47be-2-20260208,2026-02-08T00:00:00+00:00,2026-02-08T10:00:00+00:00
2026-02-08T12:00:00+00:00,turbine-2,2026-02-09T02:00:00+00:00,14,0.967792,model-weather-experiment-640618020c918c13b93a05de,ecmwf00-a2d77f25-assumed-7b9a425c47be-2-20260208,2026-02-08T00:00:00+00:00,2026-02-08T10:00:00+00:00
2026-02-08T12:00:00+00:00,turbine-2,2026-02-09T03:00:00+00:00,15,0.975934,model-weather-experiment-640618020c918c13b93a05de,ecmwf00-a2d77f25-assumed-7b9a425c47be-2-20260208,2026-02-08T00:00:00+00:00,2026-02-08T10:00:00+00:00
2026-02-08T12:00:00+00:00,turbine-2,2026-02-09T04:00:00+00:00,16,0.937757,model-weather-experiment-640618020c918c13b93a05de,ecmwf00-a2d77f25-assumed-7b9a425c47be-2-20260208,2026-02-08T00:00:00+00:00,2026-02-08T10:00:00+00:00
2026-02-08T12:00:00+00:00,turbine-2,2026-02-09T05:00:00+00:00,17,0.971358,model-weather-experiment-640618020c918c13b93a05de,ecmwf00-a2d77f25-assumed-7b9a425c47be-2-20260208,2026-02-08T00:00:00+00:00,2026-02-08T10:00:00+00:00
2026-02-08T12:00:00+00:00,turbine-2,2026-02-09T06:00:00+00:00,18,0.976632,model-weather-experiment-640618020c918c13b93a05de,ecmwf00-a2d77f25-assumed-7b9a425c47be-2-20260208,2026-02-08T00:00:00+00:00,2026-02-08T10:00:00+00:00
2026-02-08T12:00:00+00:00,turbine-2,2026-02-09T07:00:00+00:00,19,0.966681,model-weather-experiment-640618020c918c13b93a05de,ecmwf00-a2d77f25-assumed-7b9a425c47be-2-20260208,2026-02-08T00:00:00+00:00,2026-02-08T10:00:00+00:00
2026-02-08T12:00:00+00:00,turbine-2,2026-02-09T08:00:00+00:00,20,0.961021,model-weather-experiment-640618020c918c13b93a05de,ecmwf00-a2d77f25-assumed-7b9a425c47be-2-20260208,2026-02-08T00:00:00+00:00,2026-02-08T10:00:00+00:00
2026-02-08T12:00:00+00:00,turbine-2,2026-02-09T09:00:00+00:00,21,0.965032,model-weather-experiment-640618020c918c13b93a05de,ecmwf00-a2d77f25-assumed-7b9a425c47be-2-20260208,2026-02-08T00:00:00+00:00,2026-02-08T10:00:00+00:00
2026-02-08T12:00:00+00:00,turbine-2,2026-02-09T10:00:00+00:00,22,1.0,model-weather-experiment-640618020c918c13b93a05de,ecmwf00-a2d77f25-assumed-7b9a425c47be-2-20260208,2026-02-08T00:00:00+00:00,2026-02-08T10:00:00+00:00
2026-02-08T12:00:00+00:00,turbine-2,2026-02-09T11:00:00+00:00,23,1.0,model-weather-experiment-640618020c918c13b93a05de,ecmwf00-a2d77f25-assumed-7b9a425c47be-2-20260208,2026-02-08T00:00:00+00:00,2026-02-08T10:00:00+00:00
2026-02-08T12:00:00+00:00,turbine-2,2026-02-09T12:00:00+00:00,24,0.951219,model-weather-experiment-640618020c918c13b93a05de,ecmwf00-a2d77f25-assumed-7b9a425c47be-2-20260208,2026-02-08T00:00:00+00:00,2026-02-08T10:00:00+00:00
2026-02-08T12:00:00+00:00,turbine-2,2026-02-09T13:00:00+00:00,25,0.561539,model-weather-experiment-640618020c918c13b93a05de,ecmwf00-a2d77f25-assumed-7b9a425c47be-2-20260208,2026-02-08T00:00:00+00:00,2026-02-08T10:00:00+00:00
2026-02-08T12:00:00+00:00,turbine-2,2026-02-09T14:00:00+00:00,26,0.336926,model-weather-experiment-640618020c918c13b93a05de,ecmwf00-a2d77f25-assumed-7b9a425c47be-2-20260208,2026-02-08T00:00:00+00:00,2026-02-08T10:00:00+00:00
2026-02-08T12:00:00+00:00,turbine-2,2026-02-09T15:00:00+00:00,27,0.118464,model-weather-experiment-640618020c918c13b93a05de,ecmwf00-a2d77f25-assumed-7b9a425c47be-2-20260208,2026-02-08T00:00:00+00:00,2026-02-08T10:00:00+00:00
2026-02-08T12:00:00+00:00,turbine-2,2026-02-09T16:00:00+00:00,28,0.117423,model-weather-experiment-640618020c918c13b93a05de,ecmwf00-a2d77f25-assumed-7b9a425c47be-2-20260208,2026-02-08T00:00:00+00:00,2026-02-08T10:00:00+00:00
2026-02-08T12:00:00+00:00,turbine-2,2026-02-09T17:00:00+00:00,29,0.119662,model-weather-experiment-640618020c918c13b93a05de,ecmwf00-a2d77f25-assumed-7b9a425c47be-2-20260208,2026-02-08T00:00:00+00:00,2026-02-08T10:00:00+00:00
2026-02-08T12:00:00+00:00,turbine-2,2026-02-09T18:00:00+00:00,30,0.141442,model-weather-experiment-640618020c918c13b93a05de,ecmwf00-a2d77f25-assumed-7b9a425c47be-2-20260208,2026-02-08T00:00:00+00:00,2026-02-08T10:00:00+00:00
2026-02-08T12:00:00+00:00,turbine-2,2026-02-09T19:00:00+00:00,31,0.212496,model-weather-experiment-640618020c918c13b93a05de,ecmwf00-a2d77f25-assumed-7b9a425c47be-2-20260208,2026-02-08T00:00:00+00:00,2026-02-08T10:00:00+00:00
2026-02-08T12:00:00+00:00,turbine-2,2026-02-09T20:00:00+00:00,32,0.167524,model-weather-experiment-640618020c918c13b93a05de,ecmwf00-a2d77f25-assumed-7b9a425c47be-2-20260208,2026-02-08T00:00:00+00:00,2026-02-08T10:00:00+00:00
2026-02-08T12:00:00+00:00,turbine-2,2026-02-09T21:00:00+00:00,33,0.179395,model-weather-experiment-640618020c918c13b93a05de,ecmwf00-a2d77f25-assumed-7b9a425c47be-2-20260208,2026-02-08T00:00:00+00:00,2026-02-08T10:00:00+00:00
2026-02-08T12:00:00+00:00,turbine-2,2026-02-09T22:00:00+00:00,34,0.21978,model-weather-experiment-640618020c918c13b93a05de,ecmwf00-a2d77f25-assumed-7b9a425c47be-2-20260208,2026-02-08T00:00:00+00:00,2026-02-08T10:00:00+00:00
2026-02-08T12:00:00+00:00,turbine-2,2026-02-09T23:00:00+00:00,35,0.187458,model-weather-experiment-640618020c918c13b93a05de,ecmwf00-a2d77f25-assumed-7b9a425c47be-2-20260208,2026-02-08T00:00:00+00:00,2026-02-08T10:00:00+00:00
2026-02-08T12:00:00+00:00,turbine-2,2026-02-10T00:00:00+00:00,36,0.212251,model-weather-experiment-640618020c918c13b93a05de,ecmwf00-a2d77f25-assumed-7b9a425c47be-2-20260208,2026-02-08T00:00:00+00:00,2026-02-08T10:00:00+00:00
2026-02-08T12:00:00+00:00,turbine-2,2026-02-10T01:00:00+00:00,37,0.351354,model-weather-experiment-640618020c918c13b93a05de,ecmwf00-a2d77f25-assumed-7b9a425c47be-2-20260208,2026-02-08T00:00:00+00:00,2026-02-08T10:00:00+00:00
2026-02-08T12:00:00+00:00,turbine-2,2026-02-10T02:00:00+00:00,38,0.093278,model-weather-experiment-640618020c918c13b93a05de,ecmwf00-a2d77f25-assumed-7b9a425c47be-2-20260208,2026-02-08T00:00:00+00:00,2026-02-08T10:00:00+00:00
2026-02-08T12:00:00+00:00,turbine-2,2026-02-10T03:00:00+00:00,39,0.245552,model-weather-experiment-640618020c918c13b93a05de,ecmwf00-a2d77f25-assumed-7b9a425c47be-2-20260208,2026-02-08T00:00:00+00:00,2026-02-08T10:00:00+00:00
2026-02-08T12:00:00+00:00,turbine-2,2026-02-10T04:00:00+00:00,40,0.086488,model-weather-experiment-640618020c918c13b93a05de,ecmwf00-a2d77f25-assumed-7b9a425c47be-2-20260208,2026-02-08T00:00:00+00:00,2026-02-08T10:00:00+00:00
2026-02-08T12:00:00+00:00,turbine-2,2026-02-10T05:00:00+00:00,41,0.193625,model-weather-experiment-640618020c918c13b93a05de,ecmwf00-a2d77f25-assumed-7b9a425c47be-2-20260208,2026-02-08T00:00:00+00:00,2026-02-08T10:00:00+00:00
2026-02-08T12:00:00+00:00,turbine-2,2026-02-10T06:00:00+00:00,42,0.358249,model-weather-experiment-640618020c918c13b93a05de,ecmwf00-a2d77f25-assumed-7b9a425c47be-2-20260208,2026-02-08T00:00:00+00:00,2026-02-08T10:00:00+00:00
2026-02-08T12:00:00+00:00,turbine-2,2026-02-10T07:00:00+00:00,43,0.347398,model-weather-experiment-640618020c918c13b93a05de,ecmwf00-a2d77f25-assumed-7b9a425c47be-2-20260208,2026-02-08T00:00:00+00:00,2026-02-08T10:00:00+00:00
2026-02-08T12:00:00+00:00,turbine-2,2026-02-10T08:00:00+00:00,44,0.735269,model-weather-experiment-640618020c918c13b93a05de,ecmwf00-a2d77f25-assumed-7b9a425c47be-2-20260208,2026-02-08T00:00:00+00:00,2026-02-08T10:00:00+00:00
2026-02-08T12:00:00+00:00,turbine-2,2026-02-10T09:00:00+00:00,45,0.674582,model-weather-experiment-640618020c918c13b93a05de,ecmwf00-a2d77f25-assumed-7b9a425c47be-2-20260208,2026-02-08T00:00:00+00:00,2026-02-08T10:00:00+00:00
2026-02-08T12:00:00+00:00,turbine-2,2026-02-10T10:00:00+00:00,46,0.488619,model-weather-experiment-640618020c918c13b93a05de,ecmwf00-a2d77f25-assumed-7b9a425c47be-2-20260208,2026-02-08T00:00:00+00:00,2026-02-08T10:00:00+00:00
2026-02-08T12:00:00+00:00,turbine-2,2026-02-10T11:00:00+00:00,47,0.481977,model-weather-experiment-640618020c918c13b93a05de,ecmwf00-a2d77f25-assumed-7b9a425c47be-2-20260208,2026-02-08T00:00:00+00:00,2026-02-08T10:00:00+00:00
2026-02-08T12:00:00+00:00,turbine-2,2026-02-10T12:00:00+00:00,48,0.328299,model-weather-experiment-640618020c918c13b93a05de,ecmwf00-a2d77f25-assumed-7b9a425c47be-2-20260208,2026-02-08T00:00:00+00:00,2026-02-08T10:00:00+00:00
2026-02-09T12:00:00+00:00,turbine-1,2026-02-09T13:00:00+00:00,1,0.721318,model-weather-experiment-640618020c918c13b93a05de,ecmwf00-a2d77f25-assumed-7b9a425c47be-1-20260209,2026-02-09T00:00:00+00:00,2026-02-09T10:00:00+00:00
2026-02-09T12:00:00+00:00,turbine-1,2026-02-09T14:00:00+00:00,2,0.641124,model-weather-experiment-640618020c918c13b93a05de,ecmwf00-a2d77f25-assumed-7b9a425c47be-1-20260209,2026-02-09T00:00:00+00:00,2026-02-09T10:00:00+00:00
2026-02-09T12:00:00+00:00,turbine-1,2026-02-09T15:00:00+00:00,3,0.510502,model-weather-experiment-640618020c918c13b93a05de,ecmwf00-a2d77f25-assumed-7b9a425c47be-1-20260209,2026-02-09T00:00:00+00:00,2026-02-09T10:00:00+00:00
2026-02-09T12:00:00+00:00,turbine-1,2026-02-09T16:00:00+00:00,4,0.295033,model-weather-experiment-640618020c918c13b93a05de,ecmwf00-a2d77f25-assumed-7b9a425c47be-1-20260209,2026-02-09T00:00:00+00:00,2026-02-09T10:00:00+00:00
2026-02-09T12:00:00+00:00,turbine-1,2026-02-09T17:00:00+00:00,5,0.125681,model-weather-experiment-640618020c918c13b93a05de,ecmwf00-a2d77f25-assumed-7b9a425c47be-1-20260209,2026-02-09T00:00:00+00:00,2026-02-09T10:00:00+00:00
2026-02-09T12:00:00+00:00,turbine-1,2026-02-09T18:00:00+00:00,6,0.042302,model-weather-experiment-640618020c918c13b93a05de,ecmwf00-a2d77f25-assumed-7b9a425c47be-1-20260209,2026-02-09T00:00:00+00:00,2026-02-09T10:00:00+00:00
2026-02-09T12:00:00+00:00,turbine-1,2026-02-09T19:00:00+00:00,7,0.016388,model-weather-experiment-640618020c918c13b93a05de,ecmwf00-a2d77f25-assumed-7b9a425c47be-1-20260209,2026-02-09T00:00:00+00:00,2026-02-09T10:00:00+00:00
2026-02-09T12:00:00+00:00,turbine-1,2026-02-09T20:00:00+00:00,8,0.06639,model-weather-experiment-640618020c918c13b93a05de,ecmwf00-a2d77f25-assumed-7b9a425c47be-1-20260209,2026-02-09T00:00:00+00:00,2026-02-09T10:00:00+00:00
2026-02-09T12:00:00+00:00,turbine-1,2026-02-09T21:00:00+00:00,9,0.104684,model-weather-experiment-640618020c918c13b93a05de,ecmwf00-a2d77f25-assumed-7b9a425c47be-1-20260209,2026-02-09T00:00:00+00:00,2026-02-09T10:00:00+00:00
2026-02-09T12:00:00+00:00,turbine-1,2026-02-09T22:00:00+00:00,10,0.092737,model-weather-experiment-640618020c918c13b93a05de,ecmwf00-a2d77f25-assumed-7b9a425c47be-1-20260209,2026-02-09T00:00:00+00:00,2026-02-09T10:00:00+00:00
2026-02-09T12:00:00+00:00,turbine-1,2026-02-09T23:00:00+00:00,11,0.058905,model-weather-experiment-640618020c918c13b93a05de,ecmwf00-a2d77f25-assumed-7b9a425c47be-1-20260209,2026-02-09T00:00:00+00:00,2026-02-09T10:00:00+00:00
2026-02-09T12:00:00+00:00,turbine-1,2026-02-10T00:00:00+00:00,12,0.045553,model-weather-experiment-640618020c918c13b93a05de,ecmwf00-a2d77f25-assumed-7b9a425c47be-1-20260209,2026-02-09T00:00:00+00:00,2026-02-09T10:00:00+00:00
2026-02-09T12:00:00+00:00,turbine-1,2026-02-10T01:00:00+00:00,13,0.077511,model-weather-experiment-640618020c918c13b93a05de,ecmwf00-a2d77f25-assumed-7b9a425c47be-1-20260209,2026-02-09T00:00:00+00:00,2026-02-09T10:00:00+00:00
2026-02-09T12:00:00+00:00,turbine-1,2026-02-10T02:00:00+00:00,14,0.142441,model-weather-experiment-640618020c918c13b93a05de,ecmwf00-a2d77f25-assumed-7b9a425c47be-1-20260209,2026-02-09T00:00:00+00:00,2026-02-09T10:00:00+00:00
2026-02-09T12:00:00+00:00,turbine-1,2026-02-10T03:00:00+00:00,15,0.258081,model-weather-experiment-640618020c918c13b93a05de,ecmwf00-a2d77f25-assumed-7b9a425c47be-1-20260209,2026-02-09T00:00:00+00:00,2026-02-09T10:00:00+00:00
2026-02-09T12:00:00+00:00,turbine-1,2026-02-10T04:00:00+00:00,16,0.162779,model-weather-experiment-640618020c918c13b93a05de,ecmwf00-a2d77f25-assumed-7b9a425c47be-1-20260209,2026-02-09T00:00:00+00:00,2026-02-09T10:00:00+00:00
2026-02-09T12:00:00+00:00,turbine-1,2026-02-10T05:00:00+00:00,17,0.250559,model-weather-experiment-640618020c918c13b93a05de,ecmwf00-a2d77f25-assumed-7b9a425c47be-1-20260209,2026-02-09T00:00:00+00:00,2026-02-09T10:00:00+00:00
2026-02-09T12:00:00+00:00,turbine-1,2026-02-10T06:00:00+00:00,18,0.665424,model-weather-experiment-640618020c918c13b93a05de,ecmwf00-a2d77f25-assumed-7b9a425c47be-1-20260209,2026-02-09T00:00:00+00:00,2026-02-09T10:00:00+00:00
2026-02-09T12:00:00+00:00,turbine-1,2026-02-10T07:00:00+00:00,19,0.83409,model-weather-experiment-640618020c918c13b93a05de,ecmwf00-a2d77f25-assumed-7b9a425c47be-1-20260209,2026-02-09T00:00:00+00:00,2026-02-09T10:00:00+00:00
2026-02-09T12:00:00+00:00,turbine-1,2026-02-10T08:00:00+00:00,20,0.78175,model-weather-experiment-640618020c918c13b93a05de,ecmwf00-a2d77f25-assumed-7b9a425c47be-1-20260209,2026-02-09T00:00:00+00:00,2026-02-09T10:00:00+00:00
2026-02-09T12:00:00+00:00,turbine-1,2026-02-10T09:00:00+00:00,21,0.748117,model-weather-experiment-640618020c918c13b93a05de,ecmwf00-a2d77f25-assumed-7b9a425c47be-1-20260209,2026-02-09T00:00:00+00:00,2026-02-09T10:00:00+00:00
2026-02-09T12:00:00+00:00,turbine-1,2026-02-10T10:00:00+00:00,22,0.444587,model-weather-experiment-640618020c918c13b93a05de,ecmwf00-a2d77f25-assumed-7b9a425c47be-1-20260209,2026-02-09T00:00:00+00:00,2026-02-09T10:00:00+00:00
2026-02-09T12:00:00+00:00,turbine-1,2026-02-10T11:00:00+00:00,23,0.489543,model-weather-experiment-640618020c918c13b93a05de,ecmwf00-a2d77f25-assumed-7b9a425c47be-1-20260209,2026-02-09T00:00:00+00:00,2026-02-09T10:00:00+00:00
2026-02-09T12:00:00+00:00,turbine-1,2026-02-10T12:00:00+00:00,24,0.508779,model-weather-experiment-640618020c918c13b93a05de,ecmwf00-a2d77f25-assumed-7b9a425c47be-1-20260209,2026-02-09T00:00:00+00:00,2026-02-09T10:00:00+00:00
2026-02-09T12:00:00+00:00,turbine-1,2026-02-10T13:00:00+00:00,25,0.380754,model-weather-experiment-640618020c918c13b93a05de,ecmwf00-a2d77f25-assumed-7b9a425c47be-1-20260209,2026-02-09T00:00:00+00:00,2026-02-09T10:00:00+00:00
2026-02-09T12:00:00+00:00,turbine-1,2026-02-10T14:00:00+00:00,26,0.175277,model-weather-experiment-640618020c918c13b93a05de,ecmwf00-a2d77f25-assumed-7b9a425c47be-1-20260209,2026-02-09T00:00:00+00:00,2026-02-09T10:00:00+00:00
2026-02-09T12:00:00+00:00,turbine-1,2026-02-10T15:00:00+00:00,27,0.526821,model-weather-experiment-640618020c918c13b93a05de,ecmwf00-a2d77f25-assumed-7b9a425c47be-1-20260209,2026-02-09T00:00:00+00:00,2026-02-09T10:00:00+00:00
2026-02-09T12:00:00+00:00,turbine-1,2026-02-10T16:00:00+00:00,28,0.93449,model-weather-experiment-640618020c918c13b93a05de,ecmwf00-a2d77f25-assumed-7b9a425c47be-1-20260209,2026-02-09T00:00:00+00:00,2026-02-09T10:00:00+00:00
2026-02-09T12:00:00+00:00,turbine-1,2026-02-10T17:00:00+00:00,29,0.923031,model-weather-experiment-640618020c918c13b93a05de,ecmwf00-a2d77f25-assumed-7b9a425c47be-1-20260209,2026-02-09T00:00:00+00:00,2026-02-09T10:00:00+00:00
2026-02-09T12:00:00+00:00,turbine-1,2026-02-10T18:00:00+00:00,30,0.868459,model-weather-experiment-640618020c918c13b93a05de,ecmwf00-a2d77f25-assumed-7b9a425c47be-1-20260209,2026-02-09T00:00:00+00:00,2026-02-09T10:00:00+00:00
2026-02-09T12:00:00+00:00,turbine-1,2026-02-10T19:00:00+00:00,31,0.873704,model-weather-experiment-640618020c918c13b93a05de,ecmwf00-a2d77f25-assumed-7b9a425c47be-1-20260209,2026-02-09T00:00:00+00:00,2026-02-09T10:00:00+00:00
2026-02-09T12:00:00+00:00,turbine-1,2026-02-10T20:00:00+00:00,32,0.905123,model-weather-experiment-640618020c918c13b93a05de,ecmwf00-a2d77f25-assumed-7b9a425c47be-1-20260209,2026-02-09T00:00:00+00:00,2026-02-09T10:00:00+00:00
2026-02-09T12:00:00+00:00,turbine-1,2026-02-10T21:00:00+00:00,33,0.969706,model-weather-experiment-640618020c918c13b93a05de,ecmwf00-a2d77f25-assumed-7b9a425c47be-1-20260209,2026-02-09T00:00:00+00:00,2026-02-09T10:00:00+00:00
2026-02-09T12:00:00+00:00,turbine-1,2026-02-10T22:00:00+00:00,34,0.779126,model-weather-experiment-640618020c918c13b93a05de,ecmwf00-a2d77f25-assumed-7b9a425c47be-1-20260209,2026-02-09T00:00:00+00:00,2026-02-09T10:00:00+00:00
2026-02-09T12:00:00+00:00,turbine-1,2026-02-10T23:00:00+00:00,35,0.608154,model-weather-experiment-640618020c918c13b93a05de,ecmwf00-a2d77f25-assumed-7b9a425c47be-1-20260209,2026-02-09T00:00:00+00:00,2026-02-09T10:00:00+00:00
2026-02-09T12:00:00+00:00,turbine-1,2026-02-11T00:00:00+00:00,36,0.163556,model-weather-experiment-640618020c918c13b93a05de,ecmwf00-a2d77f25-assumed-7b9a425c47be-1-20260209,2026-02-09T00:00:00+00:00,2026-02-09T10:00:00+00:00
2026-02-09T12:00:00+00:00,turbine-1,2026-02-11T01:00:00+00:00,37,0.06293,model-weather-experiment-640618020c918c13b93a05de,ecmwf00-a2d77f25-assumed-7b9a425c47be-1-20260209,2026-02-09T00:00:00+00:00,2026-02-09T10:00:00+00:00
2026-02-09T12:00:00+00:00,turbine-1,2026-02-11T02:00:00+00:00,38,0.057227,model-weather-experiment-640618020c918c13b93a05de,ecmwf00-a2d77f25-assumed-7b9a425c47be-1-20260209,2026-02-09T00:00:00+00:00,2026-02-09T10:00:00+00:00
2026-02-09T12:00:00+00:00,turbine-1,2026-02-11T03:00:00+00:00,39,0.059948,model-weather-experiment-640618020c918c13b93a05de,ecmwf00-a2d77f25-assumed-7b9a425c47be-1-20260209,2026-02-09T00:00:00+00:00,2026-02-09T10:00:00+00:00
2026-02-09T12:00:00+00:00,turbine-1,2026-02-11T04:00:00+00:00,40,0.166243,model-weather-experiment-640618020c918c13b93a05de,ecmwf00-a2d77f25-assumed-7b9a425c47be-1-20260209,2026-02-09T00:00:00+00:00,2026-02-09T10:00:00+00:00
2026-02-09T12:00:00+00:00,turbine-1,2026-02-11T05:00:00+00:00,41,0.075239,model-weather-experiment-640618020c918c13b93a05de,ecmwf00-a2d77f25-assumed-7b9a425c47be-1-20260209,2026-02-09T00:00:00+00:00,2026-02-09T10:00:00+00:00
2026-02-09T12:00:00+00:00,turbine-1,2026-02-11T06:00:00+00:00,42,0.082324,model-weather-experiment-640618020c918c13b93a05de,ecmwf00-a2d77f25-assumed-7b9a425c47be-1-20260209,2026-02-09T00:00:00+00:00,2026-02-09T10:00:00+00:00
2026-02-09T12:00:00+00:00,turbine-1,2026-02-11T07:00:00+00:00,43,0.093264,model-weather-experiment-640618020c918c13b93a05de,ecmwf00-a2d77f25-assumed-7b9a425c47be-1-20260209,2026-02-09T00:00:00+00:00,2026-02-09T10:00:00+00:00
2026-02-09T12:00:00+00:00,turbine-1,2026-02-11T08:00:00+00:00,44,0.387467,model-weather-experiment-640618020c918c13b93a05de,ecmwf00-a2d77f25-assumed-7b9a425c47be-1-20260209,2026-02-09T00:00:00+00:00,2026-02-09T10:00:00+00:00
2026-02-09T12:00:00+00:00,turbine-1,2026-02-11T09:00:00+00:00,45,0.915827,model-weather-experiment-640618020c918c13b93a05de,ecmwf00-a2d77f25-assumed-7b9a425c47be-1-20260209,2026-02-09T00:00:00+00:00,2026-02-09T10:00:00+00:00
2026-02-09T12:00:00+00:00,turbine-1,2026-02-11T10:00:00+00:00,46,0.898051,model-weather-experiment-640618020c918c13b93a05de,ecmwf00-a2d77f25-assumed-7b9a425c47be-1-20260209,2026-02-09T00:00:00+00:00,2026-02-09T10:00:00+00:00
2026-02-09T12:00:00+00:00,turbine-1,2026-02-11T11:00:00+00:00,47,0.88376,model-weather-experiment-640618020c918c13b93a05de,ecmwf00-a2d77f25-assumed-7b9a425c47be-1-20260209,2026-02-09T00:00:00+00:00,2026-02-09T10:00:00+00:00
2026-02-09T12:00:00+00:00,turbine-1,2026-02-11T12:00:00+00:00,48,0.88787,model-weather-experiment-640618020c918c13b93a05de,ecmwf00-a2d77f25-assumed-7b9a425c47be-1-20260209,2026-02-09T00:00:00+00:00,2026-02-09T10:00:00+00:00
2026-02-09T12:00:00+00:00,turbine-2,2026-02-09T13:00:00+00:00,1,0.713288,model-weather-experiment-640618020c918c13b93a05de,ecmwf00-a2d77f25-assumed-7b9a425c47be-2-20260209,2026-02-09T00:00:00+00:00,2026-02-09T10:00:00+00:00
2026-02-09T12:00:00+00:00,turbine-2,2026-02-09T14:00:00+00:00,2,0.623934,model-weather-experiment-640618020c918c13b93a05de,ecmwf00-a2d77f25-assumed-7b9a425c47be-2-20260209,2026-02-09T00:00:00+00:00,2026-02-09T10:00:00+00:00
2026-02-09T12:00:00+00:00,turbine-2,2026-02-09T15:00:00+00:00,3,0.453869,model-weather-experiment-640618020c918c13b93a05de,ecmwf00-a2d77f25-assumed-7b9a425c47be-2-20260209,2026-02-09T00:00:00+00:00,2026-02-09T10:00:00+00:00
2026-02-09T12:00:00+00:00,turbine-2,2026-02-09T16:00:00+00:00,4,0.238735,model-weather-experiment-640618020c918c13b93a05de,ecmwf00-a2d77f25-assumed-7b9a425c47be-2-20260209,2026-02-09T00:00:00+00:00,2026-02-09T10:00:00+00:00
2026-02-09T12:00:00+00:00,turbine-2,2026-02-09T17:00:00+00:00,5,0.123659,model-weather-experiment-640618020c918c13b93a05de,ecmwf00-a2d77f25-assumed-7b9a425c47be-2-20260209,2026-02-09T00:00:00+00:00,2026-02-09T10:00:00+00:00
2026-02-09T12:00:00+00:00,turbine-2,2026-02-09T18:00:00+00:00,6,0.061579,model-weather-experiment-640618020c918c13b93a05de,ecmwf00-a2d77f25-assumed-7b9a425c47be-2-20260209,2026-02-09T00:00:00+00:00,2026-02-09T10:00:00+00:00
2026-02-09T12:00:00+00:00,turbine-2,2026-02-09T19:00:00+00:00,7,0.083635,model-weather-experiment-640618020c918c13b93a05de,ecmwf00-a2d77f25-assumed-7b9a425c47be-2-20260209,2026-02-09T00:00:00+00:00,2026-02-09T10:00:00+00:00
2026-02-09T12:00:00+00:00,turbine-2,2026-02-09T20:00:00+00:00,8,0.095577,model-weather-experiment-640618020c918c13b93a05de,ecmwf00-a2d77f25-assumed-7b9a425c47be-2-20260209,2026-02-09T00:00:00+00:00,2026-02-09T10:00:00+00:00
2026-02-09T12:00:00+00:00,turbine-2,2026-02-09T21:00:00+00:00,9,0.10879,model-weather-experiment-640618020c918c13b93a05de,ecmwf00-a2d77f25-assumed-7b9a425c47be-2-20260209,2026-02-09T00:00:00+00:00,2026-02-09T10:00:00+00:00
2026-02-09T12:00:00+00:00,turbine-2,2026-02-09T22:00:00+00:00,10,0.098607,model-weather-experiment-640618020c918c13b93a05de,ecmwf00-a2d77f25-assumed-7b9a425c47be-2-20260209,2026-02-09T00:00:00+00:00,2026-02-09T10:00:00+00:00
2026-02-09T12:00:00+00:00,turbine-2,2026-02-09T23:00:00+00:00,11,0.09148,model-weather-experiment-640618020c918c13b93a05de,ecmwf00-a2d77f25-assumed-7b9a425c47be-2-20260209,2026-02-09T00:00:00+00:00,2026-02-09T10:00:00+00:00
2026-02-09T12:00:00+00:00,turbine-2,2026-02-10T00:00:00+00:00,12,0.086764,model-weather-experiment-640618020c918c13b93a05de,ecmwf00-a2d77f25-assumed-7b9a425c47be-2-20260209,2026-02-09T00:00:00+00:00,2026-02-09T10:00:00+00:00
2026-02-09T12:00:00+00:00,turbine-2,2026-02-10T01:00:00+00:00,13,0.069962,model-weather-experiment-640618020c918c13b93a05de,ecmwf00-a2d77f25-assumed-7b9a425c47be-2-20260209,2026-02-09T00:00:00+00:00,2026-02-09T10:00:00+00:00
2026-02-09T12:00:00+00:00,turbine-2,2026-02-10T02:00:00+00:00,14,0.118968,model-weather-experiment-640618020c918c13b93a05de,ecmwf00-a2d77f25-assumed-7b9a425c47be-2-20260209,2026-02-09T00:00:00+00:00,2026-02-09T10:00:00+00:00
2026-02-09T12:00:00+00:00,turbine-2,2026-02-10T03:00:00+00:00,15,0.225235,model-weather-experiment-640618020c918c13b93a05de,ecmwf00-a2d77f25-assumed-7b9a425c47be-2-20260209,2026-02-09T00:00:00+00:00,2026-02-09T10:00:00+00:00
2026-02-09T12:00:00+00:00,turbine-2,2026-02-10T04:00:00+00:00,16,0.111743,model-weather-experiment-640618020c918c13b93a05de,ecmwf00-a2d77f25-assumed-7b9a425c47be-2-20260209,2026-02-09T00:00:00+00:00,2026-02-09T10:00:00+00:00
2026-02-09T12:00:00+00:00,turbine-2,2026-02-10T05:00:00+00:00,17,0.19498,model-weather-experiment-640618020c918c13b93a05de,ecmwf00-a2d77f25-assumed-7b9a425c47be-2-20260209,2026-02-09T00:00:00+00:00,2026-02-09T10:00:00+00:00
2026-02-09T12:00:00+00:00,turbine-2,2026-02-10T06:00:00+00:00,18,0.690536,model-weather-experiment-640618020c918c13b93a05de,ecmwf00-a2d77f25-assumed-7b9a425c47be-2-20260209,2026-02-09T00:00:00+00:00,2026-02-09T10:00:00+00:00
2026-02-09T12:00:00+00:00,turbine-2,2026-02-10T07:00:00+00:00,19,0.926962,model-weather-experiment-640618020c918c13b93a05de,ecmwf00-a2d77f25-assumed-7b9a425c47be-2-20260209,2026-02-09T00:00:00+00:00,2026-02-09T10:00:00+00:00
2026-02-09T12:00:00+00:00,turbine-2,2026-02-10T08:00:00+00:00,20,0.826134,model-weather-experiment-640618020c918c13b93a05de,ecmwf00-a2d77f25-assumed-7b9a425c47be-2-20260209,2026-02-09T00:00:00+00:00,2026-02-09T10:00:00+00:00
2026-02-09T12:00:00+00:00,turbine-2,2026-02-10T09:00:00+00:00,21,0.768137,model-weather-experiment-640618020c918c13b93a05de,ecmwf00-a2d77f25-assumed-7b9a425c47be-2-20260209,2026-02-09T00:00:00+00:00,2026-02-09T10:00:00+00:00
2026-02-09T12:00:00+00:00,turbine-2,2026-02-10T10:00:00+00:00,22,0.40627,model-weather-experiment-640618020c918c13b93a05de,ecmwf00-a2d77f25-assumed-7b9a425c47be-2-20260209,2026-02-09T00:00:00+00:00,2026-02-09T10:00:00+00:00
2026-02-09T12:00:00+00:00,turbine-2,2026-02-10T11:00:00+00:00,23,0.463374,model-weather-experiment-640618020c918c13b93a05de,ecmwf00-a2d77f25-assumed-7b9a425c47be-2-20260209,2026-02-09T00:00:00+00:00,2026-02-09T10:00:00+00:00
2026-02-09T12:00:00+00:00,turbine-2,2026-02-10T12:00:00+00:00,24,0.492106,model-weather-experiment-640618020c918c13b93a05de,ecmwf00-a2d77f25-assumed-7b9a425c47be-2-20260209,2026-02-09T00:00:00+00:00,2026-02-09T10:00:00+00:00
2026-02-09T12:00:00+00:00,turbine-2,2026-02-10T13:00:00+00:00,25,0.364198,model-weather-experiment-640618020c918c13b93a05de,ecmwf00-a2d77f25-assumed-7b9a425c47be-2-20260209,2026-02-09T00:00:00+00:00,2026-02-09T10:00:00+00:00
2026-02-09T12:00:00+00:00,turbine-2,2026-02-10T14:00:00+00:00,26,0.187921,model-weather-experiment-640618020c918c13b93a05de,ecmwf00-a2d77f25-assumed-7b9a425c47be-2-20260209,2026-02-09T00:00:00+00:00,2026-02-09T10:00:00+00:00
2026-02-09T12:00:00+00:00,turbine-2,2026-02-10T15:00:00+00:00,27,0.445666,model-weather-experiment-640618020c918c13b93a05de,ecmwf00-a2d77f25-assumed-7b9a425c47be-2-20260209,2026-02-09T00:00:00+00:00,2026-02-09T10:00:00+00:00
2026-02-09T12:00:00+00:00,turbine-2,2026-02-10T16:00:00+00:00,28,0.905235,model-weather-experiment-640618020c918c13b93a05de,ecmwf00-a2d77f25-assumed-7b9a425c47be-2-20260209,2026-02-09T00:00:00+00:00,2026-02-09T10:00:00+00:00
2026-02-09T12:00:00+00:00,turbine-2,2026-02-10T17:00:00+00:00,29,0.986188,model-weather-experiment-640618020c918c13b93a05de,ecmwf00-a2d77f25-assumed-7b9a425c47be-2-20260209,2026-02-09T00:00:00+00:00,2026-02-09T10:00:00+00:00
2026-02-09T12:00:00+00:00,turbine-2,2026-02-10T18:00:00+00:00,30,0.949667,model-weather-experiment-640618020c918c13b93a05de,ecmwf00-a2d77f25-assumed-7b9a425c47be-2-20260209,2026-02-09T00:00:00+00:00,2026-02-09T10:00:00+00:00
2026-02-09T12:00:00+00:00,turbine-2,2026-02-10T19:00:00+00:00,31,0.949101,model-weather-experiment-640618020c918c13b93a05de,ecmwf00-a2d77f25-assumed-7b9a425c47be-2-20260209,2026-02-09T00:00:00+00:00,2026-02-09T10:00:00+00:00
2026-02-09T12:00:00+00:00,turbine-2,2026-02-10T20:00:00+00:00,32,0.969474,model-weather-experiment-640618020c918c13b93a05de,ecmwf00-a2d77f25-assumed-7b9a425c47be-2-20260209,2026-02-09T00:00:00+00:00,2026-02-09T10:00:00+00:00
2026-02-09T12:00:00+00:00,turbine-2,2026-02-10T21:00:00+00:00,33,0.948105,model-weather-experiment-640618020c918c13b93a05de,ecmwf00-a2d77f25-assumed-7b9a425c47be-2-20260209,2026-02-09T00:00:00+00:00,2026-02-09T10:00:00+00:00
2026-02-09T12:00:00+00:00,turbine-2,2026-02-10T22:00:00+00:00,34,0.731259,model-weather-experiment-640618020c918c13b93a05de,ecmwf00-a2d77f25-assumed-7b9a425c47be-2-20260209,2026-02-09T00:00:00+00:00,2026-02-09T10:00:00+00:00
2026-02-09T12:00:00+00:00,turbine-2,2026-02-10T23:00:00+00:00,35,0.520387,model-weather-experiment-640618020c918c13b93a05de,ecmwf00-a2d77f25-assumed-7b9a425c47be-2-20260209,2026-02-09T00:00:00+00:00,2026-02-09T10:00:00+00:00
2026-02-09T12:00:00+00:00,turbine-2,2026-02-11T00:00:00+00:00,36,0.144276,model-weather-experiment-640618020c918c13b93a05de,ecmwf00-a2d77f25-assumed-7b9a425c47be-2-20260209,2026-02-09T00:00:00+00:00,2026-02-09T10:00:00+00:00
2026-02-09T12:00:00+00:00,turbine-2,2026-02-11T01:00:00+00:00,37,0.089836,model-weather-experiment-640618020c918c13b93a05de,ecmwf00-a2d77f25-assumed-7b9a425c47be-2-20260209,2026-02-09T00:00:00+00:00,2026-02-09T10:00:00+00:00
2026-02-09T12:00:00+00:00,turbine-2,2026-02-11T02:00:00+00:00,38,0.095067,model-weather-experiment-640618020c918c13b93a05de,ecmwf00-a2d77f25-assumed-7b9a425c47be-2-20260209,2026-02-09T00:00:00+00:00,2026-02-09T10:00:00+00:00
2026-02-09T12:00:00+00:00,turbine-2,2026-02-11T03:00:00+00:00,39,0.064899,model-weather-experiment-640618020c918c13b93a05de,ecmwf00-a2d77f25-assumed-7b9a425c47be-2-20260209,2026-02-09T00:00:00+00:00,2026-02-09T10:00:00+00:00
2026-02-09T12:00:00+00:00,turbine-2,2026-02-11T04:00:00+00:00,40,0.171827,model-weather-experiment-640618020c918c13b93a05de,ecmwf00-a2d77f25-assumed-7b9a425c47be-2-20260209,2026-02-09T00:00:00+00:00,2026-02-09T10:00:00+00:00
2026-02-09T12:00:00+00:00,turbine-2,2026-02-11T05:00:00+00:00,41,0.057467,model-weather-experiment-640618020c918c13b93a05de,ecmwf00-a2d77f25-assumed-7b9a425c47be-2-20260209,2026-02-09T00:00:00+00:00,2026-02-09T10:00:00+00:00
2026-02-09T12:00:00+00:00,turbine-2,2026-02-11T06:00:00+00:00,42,0.03911,model-weather-experiment-640618020c918c13b93a05de,ecmwf00-a2d77f25-assumed-7b9a425c47be-2-20260209,2026-02-09T00:00:00+00:00,2026-02-09T10:00:00+00:00
2026-02-09T12:00:00+00:00,turbine-2,2026-02-11T07:00:00+00:00,43,0.0565,model-weather-experiment-640618020c918c13b93a05de,ecmwf00-a2d77f25-assumed-7b9a425c47be-2-20260209,2026-02-09T00:00:00+00:00,2026-02-09T10:00:00+00:00
2026-02-09T12:00:00+00:00,turbine-2,2026-02-11T08:00:00+00:00,44,0.323219,model-weather-experiment-640618020c918c13b93a05de,ecmwf00-a2d77f25-assumed-7b9a425c47be-2-20260209,2026-02-09T00:00:00+00:00,2026-02-09T10:00:00+00:00
2026-02-09T12:00:00+00:00,turbine-2,2026-02-11T09:00:00+00:00,45,0.904676,model-weather-experiment-640618020c918c13b93a05de,ecmwf00-a2d77f25-assumed-7b9a425c47be-2-20260209,2026-02-09T00:00:00+00:00,2026-02-09T10:00:00+00:00
2026-02-09T12:00:00+00:00,turbine-2,2026-02-11T10:00:00+00:00,46,0.906306,model-weather-experiment-640618020c918c13b93a05de,ecmwf00-a2d77f25-assumed-7b9a425c47be-2-20260209,2026-02-09T00:00:00+00:00,2026-02-09T10:00:00+00:00
2026-02-09T12:00:00+00:00,turbine-2,2026-02-11T11:00:00+00:00,47,0.911758,model-weather-experiment-640618020c918c13b93a05de,ecmwf00-a2d77f25-assumed-7b9a425c47be-2-20260209,2026-02-09T00:00:00+00:00,2026-02-09T10:00:00+00:00
2026-02-09T12:00:00+00:00,turbine-2,2026-02-11T12:00:00+00:00,48,0.910908,model-weather-experiment-640618020c918c13b93a05de,ecmwf00-a2d77f25-assumed-7b9a425c47be-2-20260209,2026-02-09T00:00:00+00:00,2026-02-09T10:00:00+00:00
2026-02-10T12:00:00+00:00,turbine-1,2026-02-10T13:00:00+00:00,1,0.132099,model-weather-experiment-640618020c918c13b93a05de,ecmwf00-a2d77f25-assumed-7b9a425c47be-1-20260210,2026-02-10T00:00:00+00:00,2026-02-10T10:00:00+00:00
2026-02-10T12:00:00+00:00,turbine-1,2026-02-10T14:00:00+00:00,2,0.054368,model-weather-experiment-640618020c918c13b93a05de,ecmwf00-a2d77f25-assumed-7b9a425c47be-1-20260210,2026-02-10T00:00:00+00:00,2026-02-10T10:00:00+00:00
2026-02-10T12:00:00+00:00,turbine-1,2026-02-10T15:00:00+00:00,3,0.588019,model-weather-experiment-640618020c918c13b93a05de,ecmwf00-a2d77f25-assumed-7b9a425c47be-1-20260210,2026-02-10T00:00:00+00:00,2026-02-10T10:00:00+00:00
2026-02-10T12:00:00+00:00,turbine-1,2026-02-10T16:00:00+00:00,4,0.927914,model-weather-experiment-640618020c918c13b93a05de,ecmwf00-a2d77f25-assumed-7b9a425c47be-1-20260210,2026-02-10T00:00:00+00:00,2026-02-10T10:00:00+00:00
2026-02-10T12:00:00+00:00,turbine-1,2026-02-10T17:00:00+00:00,5,0.820811,model-weather-experiment-640618020c918c13b93a05de,ecmwf00-a2d77f25-assumed-7b9a425c47be-1-20260210,2026-02-10T00:00:00+00:00,2026-02-10T10:00:00+00:00
2026-02-10T12:00:00+00:00,turbine-1,2026-02-10T18:00:00+00:00,6,0.848652,model-weather-experiment-640618020c918c13b93a05de,ecmwf00-a2d77f25-assumed-7b9a425c47be-1-20260210,2026-02-10T00:00:00+00:00,2026-02-10T10:00:00+00:00
2026-02-10T12:00:00+00:00,turbine-1,2026-02-10T19:00:00+00:00,7,0.850907,model-weather-experiment-640618020c918c13b93a05de,ecmwf00-a2d77f25-assumed-7b9a425c47be-1-20260210,2026-02-10T00:00:00+00:00,2026-02-10T10:00:00+00:00
2026-02-10T12:00:00+00:00,turbine-1,2026-02-10T20:00:00+00:00,8,0.859822,model-weather-experiment-640618020c918c13b93a05de,ecmwf00-a2d77f25-assumed-7b9a425c47be-1-20260210,2026-02-10T00:00:00+00:00,2026-02-10T10:00:00+00:00
2026-02-10T12:00:00+00:00,turbine-1,2026-02-10T21:00:00+00:00,9,0.871107,model-weather-experiment-640618020c918c13b93a05de,ecmwf00-a2d77f25-assumed-7b9a425c47be-1-20260210,2026-02-10T00:00:00+00:00,2026-02-10T10:00:00+00:00
2026-02-10T12:00:00+00:00,turbine-1,2026-02-10T22:00:00+00:00,10,0.874169,model-weather-experiment-640618020c918c13b93a05de,ecmwf00-a2d77f25-assumed-7b9a425c47be-1-20260210,2026-02-10T00:00:00+00:00,2026-02-10T10:00:00+00:00
2026-02-10T12:00:00+00:00,turbine-1,2026-02-10T23:00:00+00:00,11,0.806508,model-weather-experiment-640618020c918c13b93a05de,ecmwf00-a2d77f25-assumed-7b9a425c47be-1-20260210,2026-02-10T00:00:00+00:00,2026-02-10T10:00:00+00:00
2026-02-10T12:00:00+00:00,turbine-1,2026-02-11T00:00:00+00:00,12,0.173315,model-weather-experiment-640618020c918c13b93a05de,ecmwf00-a2d77f25-assumed-7b9a425c47be-1-20260210,2026-02-10T00:00:00+00:00,2026-02-10T10:00:00+00:00
2026-02-10T12:00:00+00:00,turbine-1,2026-02-11T01:00:00+00:00,13,0.049989,model-weather-experiment-640618020c918c13b93a05de,ecmwf00-a2d77f25-assumed-7b9a425c47be-1-20260210,2026-02-10T00:00:00+00:00,2026-02-10T10:00:00+00:00
2026-02-10T12:00:00+00:00,turbine-1,2026-02-11T02:00:00+00:00,14,0.052356,model-weather-experiment-640618020c918c13b93a05de,ecmwf00-a2d77f25-assumed-7b9a425c47be-1-20260210,2026-02-10T00:00:00+00:00,2026-02-10T10:00:00+00:00
2026-02-10T12:00:00+00:00,turbine-1,2026-02-11T03:00:00+00:00,15,0.143621,model-weather-experiment-640618020c918c13b93a05de,ecmwf00-a2d77f25-assumed-7b9a425c47be-1-20260210,2026-02-10T00:00:00+00:00,2026-02-10T10:00:00+00:00
2026-02-10T12:00:00+00:00,turbine-1,2026-02-11T04:00:00+00:00,16,0.067273,model-weather-experiment-640618020c918c13b93a05de,ecmwf00-a2d77f25-assumed-7b9a425c47be-1-20260210,2026-02-10T00:00:00+00:00,2026-02-10T10:00:00+00:00
2026-02-10T12:00:00+00:00,turbine-1,2026-02-11T05:00:00+00:00,17,0.033829,model-weather-experiment-640618020c918c13b93a05de,ecmwf00-a2d77f25-assumed-7b9a425c47be-1-20260210,2026-02-10T00:00:00+00:00,2026-02-10T10:00:00+00:00
2026-02-10T12:00:00+00:00,turbine-1,2026-02-11T06:00:00+00:00,18,0.047101,model-weather-experiment-640618020c918c13b93a05de,ecmwf00-a2d77f25-assumed-7b9a425c47be-1-20260210,2026-02-10T00:00:00+00:00,2026-02-10T10:00:00+00:00
2026-02-10T12:00:00+00:00,turbine-1,2026-02-11T07:00:00+00:00,19,0.045469,model-weather-experiment-640618020c918c13b93a05de,ecmwf00-a2d77f25-assumed-7b9a425c47be-1-20260210,2026-02-10T00:00:00+00:00,2026-02-10T10:00:00+00:00
2026-02-10T12:00:00+00:00,turbine-1,2026-02-11T08:00:00+00:00,20,0.061815,model-weather-experiment-640618020c918c13b93a05de,ecmwf00-a2d77f25-assumed-7b9a425c47be-1-20260210,2026-02-10T00:00:00+00:00,2026-02-10T10:00:00+00:00
2026-02-10T12:00:00+00:00,turbine-1,2026-02-11T09:00:00+00:00,21,0.789506,model-weather-experiment-640618020c918c13b93a05de,ecmwf00-a2d77f25-assumed-7b9a425c47be-1-20260210,2026-02-10T00:00:00+00:00,2026-02-10T10:00:00+00:00
2026-02-10T12:00:00+00:00,turbine-1,2026-02-11T10:00:00+00:00,22,0.922279,model-weather-experiment-640618020c918c13b93a05de,ecmwf00-a2d77f25-assumed-7b9a425c47be-1-20260210,2026-02-10T00:00:00+00:00,2026-02-10T10:00:00+00:00
2026-02-10T12:00:00+00:00,turbine-1,2026-02-11T11:00:00+00:00,23,0.907271,model-weather-experiment-640618020c918c13b93a05de,ecmwf00-a2d77f25-assumed-7b9a425c47be-1-20260210,2026-02-10T00:00:00+00:00,2026-02-10T10:00:00+00:00
2026-02-10T12:00:00+00:00,turbine-1,2026-02-11T12:00:00+00:00,24,0.87124,model-weather-experiment-640618020c918c13b93a05de,ecmwf00-a2d77f25-assumed-7b9a425c47be-1-20260210,2026-02-10T00:00:00+00:00,2026-02-10T10:00:00+00:00
2026-02-10T12:00:00+00:00,turbine-1,2026-02-11T13:00:00+00:00,25,0.853255,model-weather-experiment-640618020c918c13b93a05de,ecmwf00-a2d77f25-assumed-7b9a425c47be-1-20260210,2026-02-10T00:00:00+00:00,2026-02-10T10:00:00+00:00
2026-02-10T12:00:00+00:00,turbine-1,2026-02-11T14:00:00+00:00,26,0.871548,model-weather-experiment-640618020c918c13b93a05de,ecmwf00-a2d77f25-assumed-7b9a425c47be-1-20260210,2026-02-10T00:00:00+00:00,2026-02-10T10:00:00+00:00
2026-02-10T12:00:00+00:00,turbine-1,2026-02-11T15:00:00+00:00,27,0.86329,model-weather-experiment-640618020c918c13b93a05de,ecmwf00-a2d77f25-assumed-7b9a425c47be-1-20260210,2026-02-10T00:00:00+00:00,2026-02-10T10:00:00+00:00
2026-02-10T12:00:00+00:00,turbine-1,2026-02-11T16:00:00+00:00,28,0.882307,model-weather-experiment-640618020c918c13b93a05de,ecmwf00-a2d77f25-assumed-7b9a425c47be-1-20260210,2026-02-10T00:00:00+00:00,2026-02-10T10:00:00+00:00
2026-02-10T12:00:00+00:00,turbine-1,2026-02-11T17:00:00+00:00,29,0.846472,model-weather-experiment-640618020c918c13b93a05de,ecmwf00-a2d77f25-assumed-7b9a425c47be-1-20260210,2026-02-10T00:00:00+00:00,2026-02-10T10:00:00+00:00
2026-02-10T12:00:00+00:00,turbine-1,2026-02-11T18:00:00+00:00,30,0.797737,model-weather-experiment-640618020c918c13b93a05de,ecmwf00-a2d77f25-assumed-7b9a425c47be-1-20260210,2026-02-10T00:00:00+00:00,2026-02-10T10:00:00+00:00
2026-02-10T12:00:00+00:00,turbine-1,2026-02-11T19:00:00+00:00,31,0.800398,model-weather-experiment-640618020c918c13b93a05de,ecmwf00-a2d77f25-assumed-7b9a425c47be-1-20260210,2026-02-10T00:00:00+00:00,2026-02-10T10:00:00+00:00
2026-02-10T12:00:00+00:00,turbine-1,2026-02-11T20:00:00+00:00,32,0.590856,model-weather-experiment-640618020c918c13b93a05de,ecmwf00-a2d77f25-assumed-7b9a425c47be-1-20260210,2026-02-10T00:00:00+00:00,2026-02-10T10:00:00+00:00
2026-02-10T12:00:00+00:00,turbine-1,2026-02-11T21:00:00+00:00,33,0.625804,model-weather-experiment-640618020c918c13b93a05de,ecmwf00-a2d77f25-assumed-7b9a425c47be-1-20260210,2026-02-10T00:00:00+00:00,2026-02-10T10:00:00+00:00
2026-02-10T12:00:00+00:00,turbine-1,2026-02-11T22:00:00+00:00,34,0.588583,model-weather-experiment-640618020c918c13b93a05de,ecmwf00-a2d77f25-assumed-7b9a425c47be-1-20260210,2026-02-10T00:00:00+00:00,2026-02-10T10:00:00+00:00
2026-02-10T12:00:00+00:00,turbine-1,2026-02-11T23:00:00+00:00,35,0.555912,model-weather-experiment-640618020c918c13b93a05de,ecmwf00-a2d77f25-assumed-7b9a425c47be-1-20260210,2026-02-10T00:00:00+00:00,2026-02-10T10:00:00+00:00
2026-02-10T12:00:00+00:00,turbine-1,2026-02-12T00:00:00+00:00,36,0.480162,model-weather-experiment-640618020c918c13b93a05de,ecmwf00-a2d77f25-assumed-7b9a425c47be-1-20260210,2026-02-10T00:00:00+00:00,2026-02-10T10:00:00+00:00
2026-02-10T12:00:00+00:00,turbine-1,2026-02-12T01:00:00+00:00,37,0.273308,model-weather-experiment-640618020c918c13b93a05de,ecmwf00-a2d77f25-assumed-7b9a425c47be-1-20260210,2026-02-10T00:00:00+00:00,2026-02-10T10:00:00+00:00
2026-02-10T12:00:00+00:00,turbine-1,2026-02-12T02:00:00+00:00,38,0.113986,model-weather-experiment-640618020c918c13b93a05de,ecmwf00-a2d77f25-assumed-7b9a425c47be-1-20260210,2026-02-10T00:00:00+00:00,2026-02-10T10:00:00+00:00
2026-02-10T12:00:00+00:00,turbine-1,2026-02-12T03:00:00+00:00,39,0.046358,model-weather-experiment-640618020c918c13b93a05de,ecmwf00-a2d77f25-assumed-7b9a425c47be-1-20260210,2026-02-10T00:00:00+00:00,2026-02-10T10:00:00+00:00
2026-02-10T12:00:00+00:00,turbine-1,2026-02-12T04:00:00+00:00,40,0.034441,model-weather-experiment-640618020c918c13b93a05de,ecmwf00-a2d77f25-assumed-7b9a425c47be-1-20260210,2026-02-10T00:00:00+00:00,2026-02-10T10:00:00+00:00
2026-02-10T12:00:00+00:00,turbine-1,2026-02-12T05:00:00+00:00,41,0.043164,model-weather-experiment-640618020c918c13b93a05de,ecmwf00-a2d77f25-assumed-7b9a425c47be-1-20260210,2026-02-10T00:00:00+00:00,2026-02-10T10:00:00+00:00
2026-02-10T12:00:00+00:00,turbine-1,2026-02-12T06:00:00+00:00,42,0.05697,model-weather-experiment-640618020c918c13b93a05de,ecmwf00-a2d77f25-assumed-7b9a425c47be-1-20260210,2026-02-10T00:00:00+00:00,2026-02-10T10:00:00+00:00
2026-02-10T12:00:00+00:00,turbine-1,2026-02-12T07:00:00+00:00,43,0.084207,model-weather-experiment-640618020c918c13b93a05de,ecmwf00-a2d77f25-assumed-7b9a425c47be-1-20260210,2026-02-10T00:00:00+00:00,2026-02-10T10:00:00+00:00
2026-02-10T12:00:00+00:00,turbine-1,2026-02-12T08:00:00+00:00,44,0.059415,model-weather-experiment-640618020c918c13b93a05de,ecmwf00-a2d77f25-assumed-7b9a425c47be-1-20260210,2026-02-10T00:00:00+00:00,2026-02-10T10:00:00+00:00
2026-02-10T12:00:00+00:00,turbine-1,2026-02-12T09:00:00+00:00,45,0.065489,model-weather-experiment-640618020c918c13b93a05de,ecmwf00-a2d77f25-assumed-7b9a425c47be-1-20260210,2026-02-10T00:00:00+00:00,2026-02-10T10:00:00+00:00
2026-02-10T12:00:00+00:00,turbine-1,2026-02-12T10:00:00+00:00,46,0.107079,model-weather-experiment-640618020c918c13b93a05de,ecmwf00-a2d77f25-assumed-7b9a425c47be-1-20260210,2026-02-10T00:00:00+00:00,2026-02-10T10:00:00+00:00
2026-02-10T12:00:00+00:00,turbine-1,2026-02-12T11:00:00+00:00,47,0.123526,model-weather-experiment-640618020c918c13b93a05de,ecmwf00-a2d77f25-assumed-7b9a425c47be-1-20260210,2026-02-10T00:00:00+00:00,2026-02-10T10:00:00+00:00
2026-02-10T12:00:00+00:00,turbine-1,2026-02-12T12:00:00+00:00,48,0.129223,model-weather-experiment-640618020c918c13b93a05de,ecmwf00-a2d77f25-assumed-7b9a425c47be-1-20260210,2026-02-10T00:00:00+00:00,2026-02-10T10:00:00+00:00
2026-02-10T12:00:00+00:00,turbine-2,2026-02-10T13:00:00+00:00,1,0.113645,model-weather-experiment-640618020c918c13b93a05de,ecmwf00-a2d77f25-assumed-7b9a425c47be-2-20260210,2026-02-10T00:00:00+00:00,2026-02-10T10:00:00+00:00
2026-02-10T12:00:00+00:00,turbine-2,2026-02-10T14:00:00+00:00,2,0.085599,model-weather-experiment-640618020c918c13b93a05de,ecmwf00-a2d77f25-assumed-7b9a425c47be-2-20260210,2026-02-10T00:00:00+00:00,2026-02-10T10:00:00+00:00
2026-02-10T12:00:00+00:00,turbine-2,2026-02-10T15:00:00+00:00,3,0.5128,model-weather-experiment-640618020c918c13b93a05de,ecmwf00-a2d77f25-assumed-7b9a425c47be-2-20260210,2026-02-10T00:00:00+00:00,2026-02-10T10:00:00+00:00
2026-02-10T12:00:00+00:00,turbine-2,2026-02-10T16:00:00+00:00,4,0.860017,model-weather-experiment-640618020c918c13b93a05de,ecmwf00-a2d77f25-assumed-7b9a425c47be-2-20260210,2026-02-10T00:00:00+00:00,2026-02-10T10:00:00+00:00
2026-02-10T12:00:00+00:00,turbine-2,2026-02-10T17:00:00+00:00,5,0.929207,model-weather-experiment-640618020c918c13b93a05de,ecmwf00-a2d77f25-assumed-7b9a425c47be-2-20260210,2026-02-10T00:00:00+00:00,2026-02-10T10:00:00+00:00
2026-02-10T12:00:00+00:00,turbine-2,2026-02-10T18:00:00+00:00,6,0.921246,model-weather-experiment-640618020c918c13b93a05de,ecmwf00-a2d77f25-assumed-7b9a425c47be-2-20260210,2026-02-10T00:00:00+00:00,2026-02-10T10:00:00+00:00
2026-02-10T12:00:00+00:00,turbine-2,2026-02-10T19:00:00+00:00,7,0.920232,model-weather-experiment-640618020c918c13b93a05de,ecmwf00-a2d77f25-assumed-7b9a425c47be-2-20260210,2026-02-10T00:00:00+00:00,2026-02-10T10:00:00+00:00
2026-02-10T12:00:00+00:00,turbine-2,2026-02-10T20:00:00+00:00,8,0.947027,model-weather-experiment-640618020c918c13b93a05de,ecmwf00-a2d77f25-assumed-7b9a425c47be-2-20260210,2026-02-10T00:00:00+00:00,2026-02-10T10:00:00+00:00
2026-02-10T12:00:00+00:00,turbine-2,2026-02-10T21:00:00+00:00,9,0.957682,model-weather-experiment-640618020c918c13b93a05de,ecmwf00-a2d77f25-assumed-7b9a425c47be-2-20260210,2026-02-10T00:00:00+00:00,2026-02-10T10:00:00+00:00
2026-02-10T12:00:00+00:00,turbine-2,2026-02-10T22:00:00+00:00,10,0.838841,model-weather-experiment-640618020c918c13b93a05de,ecmwf00-a2d77f25-assumed-7b9a425c47be-2-20260210,2026-02-10T00:00:00+00:00,2026-02-10T10:00:00+00:00
2026-02-10T12:00:00+00:00,turbine-2,2026-02-10T23:00:00+00:00,11,0.761151,model-weather-experiment-640618020c918c13b93a05de,ecmwf00-a2d77f25-assumed-7b9a425c47be-2-20260210,2026-02-10T00:00:00+00:00,2026-02-10T10:00:00+00:00
2026-02-10T12:00:00+00:00,turbine-2,2026-02-11T00:00:00+00:00,12,0.154693,model-weather-experiment-640618020c918c13b93a05de,ecmwf00-a2d77f25-assumed-7b9a425c47be-2-20260210,2026-02-10T00:00:00+00:00,2026-02-10T10:00:00+00:00
2026-02-10T12:00:00+00:00,turbine-2,2026-02-11T01:00:00+00:00,13,0.058638,model-weather-experiment-640618020c918c13b93a05de,ecmwf00-a2d77f25-assumed-7b9a425c47be-2-20260210,2026-02-10T00:00:00+00:00,2026-02-10T10:00:00+00:00
2026-02-10T12:00:00+00:00,turbine-2,2026-02-11T02:00:00+00:00,14,0.091704,model-weather-experiment-640618020c918c13b93a05de,ecmwf00-a2d77f25-assumed-7b9a425c47be-2-20260210,2026-02-10T00:00:00+00:00,2026-02-10T10:00:00+00:00
2026-02-10T12:00:00+00:00,turbine-2,2026-02-11T03:00:00+00:00,15,0.135225,model-weather-experiment-640618020c918c13b93a05de,ecmwf00-a2d77f25-assumed-7b9a425c47be-2-20260210,2026-02-10T00:00:00+00:00,2026-02-10T10:00:00+00:00
2026-02-10T12:00:00+00:00,turbine-2,2026-02-11T04:00:00+00:00,16,0.06056,model-weather-experiment-640618020c918c13b93a05de,ecmwf00-a2d77f25-assumed-7b9a425c47be-2-20260210,2026-02-10T00:00:00+00:00,2026-02-10T10:00:00+00:00
2026-02-10T12:00:00+00:00,turbine-2,2026-02-11T05:00:00+00:00,17,0.043695,model-weather-experiment-640618020c918c13b93a05de,ecmwf00-a2d77f25-assumed-7b9a425c47be-2-20260210,2026-02-10T00:00:00+00:00,2026-02-10T10:00:00+00:00
2026-02-10T12:00:00+00:00,turbine-2,2026-02-11T06:00:00+00:00,18,0.081763,model-weather-experiment-640618020c918c13b93a05de,ecmwf00-a2d77f25-assumed-7b9a425c47be-2-20260210,2026-02-10T00:00:00+00:00,2026-02-10T10:00:00+00:00
2026-02-10T12:00:00+00:00,turbine-2,2026-02-11T07:00:00+00:00,19,0.043787,model-weather-experiment-640618020c918c13b93a05de,ecmwf00-a2d77f25-assumed-7b9a425c47be-2-20260210,2026-02-10T00:00:00+00:00,2026-02-10T10:00:00+00:00
2026-02-10T12:00:00+00:00,turbine-2,2026-02-11T08:00:00+00:00,20,0.050007,model-weather-experiment-640618020c918c13b93a05de,ecmwf00-a2d77f25-assumed-7b9a425c47be-2-20260210,2026-02-10T00:00:00+00:00,2026-02-10T10:00:00+00:00
2026-02-10T12:00:00+00:00,turbine-2,2026-02-11T09:00:00+00:00,21,0.810901,model-weather-experiment-640618020c918c13b93a05de,ecmwf00-a2d77f25-assumed-7b9a425c47be-2-20260210,2026-02-10T00:00:00+00:00,2026-02-10T10:00:00+00:00
2026-02-10T12:00:00+00:00,turbine-2,2026-02-11T10:00:00+00:00,22,0.934321,model-weather-experiment-640618020c918c13b93a05de,ecmwf00-a2d77f25-assumed-7b9a425c47be-2-20260210,2026-02-10T00:00:00+00:00,2026-02-10T10:00:00+00:00
2026-02-10T12:00:00+00:00,turbine-2,2026-02-11T11:00:00+00:00,23,0.942762,model-weather-experiment-640618020c918c13b93a05de,ecmwf00-a2d77f25-assumed-7b9a425c47be-2-20260210,2026-02-10T00:00:00+00:00,2026-02-10T10:00:00+00:00
2026-02-10T12:00:00+00:00,turbine-2,2026-02-11T12:00:00+00:00,24,0.950129,model-weather-experiment-640618020c918c13b93a05de,ecmwf00-a2d77f25-assumed-7b9a425c47be-2-20260210,2026-02-10T00:00:00+00:00,2026-02-10T10:00:00+00:00
2026-02-10T12:00:00+00:00,turbine-2,2026-02-11T13:00:00+00:00,25,0.949183,model-weather-experiment-640618020c918c13b93a05de,ecmwf00-a2d77f25-assumed-7b9a425c47be-2-20260210,2026-02-10T00:00:00+00:00,2026-02-10T10:00:00+00:00
2026-02-10T12:00:00+00:00,turbine-2,2026-02-11T14:00:00+00:00,26,0.970108,model-weather-experiment-640618020c918c13b93a05de,ecmwf00-a2d77f25-assumed-7b9a425c47be-2-20260210,2026-02-10T00:00:00+00:00,2026-02-10T10:00:00+00:00
2026-02-10T12:00:00+00:00,turbine-2,2026-02-11T15:00:00+00:00,27,0.963477,model-weather-experiment-640618020c918c13b93a05de,ecmwf00-a2d77f25-assumed-7b9a425c47be-2-20260210,2026-02-10T00:00:00+00:00,2026-02-10T10:00:00+00:00
2026-02-10T12:00:00+00:00,turbine-2,2026-02-11T16:00:00+00:00,28,0.956492,model-weather-experiment-640618020c918c13b93a05de,ecmwf00-a2d77f25-assumed-7b9a425c47be-2-20260210,2026-02-10T00:00:00+00:00,2026-02-10T10:00:00+00:00
2026-02-10T12:00:00+00:00,turbine-2,2026-02-11T17:00:00+00:00,29,0.906574,model-weather-experiment-640618020c918c13b93a05de,ecmwf00-a2d77f25-assumed-7b9a425c47be-2-20260210,2026-02-10T00:00:00+00:00,2026-02-10T10:00:00+00:00
2026-02-10T12:00:00+00:00,turbine-2,2026-02-11T18:00:00+00:00,30,0.871798,model-weather-experiment-640618020c918c13b93a05de,ecmwf00-a2d77f25-assumed-7b9a425c47be-2-20260210,2026-02-10T00:00:00+00:00,2026-02-10T10:00:00+00:00
2026-02-10T12:00:00+00:00,turbine-2,2026-02-11T19:00:00+00:00,31,0.886299,model-weather-experiment-640618020c918c13b93a05de,ecmwf00-a2d77f25-assumed-7b9a425c47be-2-20260210,2026-02-10T00:00:00+00:00,2026-02-10T10:00:00+00:00
2026-02-10T12:00:00+00:00,turbine-2,2026-02-11T20:00:00+00:00,32,0.617973,model-weather-experiment-640618020c918c13b93a05de,ecmwf00-a2d77f25-assumed-7b9a425c47be-2-20260210,2026-02-10T00:00:00+00:00,2026-02-10T10:00:00+00:00
2026-02-10T12:00:00+00:00,turbine-2,2026-02-11T21:00:00+00:00,33,0.642913,model-weather-experiment-640618020c918c13b93a05de,ecmwf00-a2d77f25-assumed-7b9a425c47be-2-20260210,2026-02-10T00:00:00+00:00,2026-02-10T10:00:00+00:00
2026-02-10T12:00:00+00:00,turbine-2,2026-02-11T22:00:00+00:00,34,0.607998,model-weather-experiment-640618020c918c13b93a05de,ecmwf00-a2d77f25-assumed-7b9a425c47be-2-20260210,2026-02-10T00:00:00+00:00,2026-02-10T10:00:00+00:00
2026-02-10T12:00:00+00:00,turbine-2,2026-02-11T23:00:00+00:00,35,0.599889,model-weather-experiment-640618020c918c13b93a05de,ecmwf00-a2d77f25-assumed-7b9a425c47be-2-20260210,2026-02-10T00:00:00+00:00,2026-02-10T10:00:00+00:00
2026-02-10T12:00:00+00:00,turbine-2,2026-02-12T00:00:00+00:00,36,0.465713,model-weather-experiment-640618020c918c13b93a05de,ecmwf00-a2d77f25-assumed-7b9a425c47be-2-20260210,2026-02-10T00:00:00+00:00,2026-02-10T10:00:00+00:00
2026-02-10T12:00:00+00:00,turbine-2,2026-02-12T01:00:00+00:00,37,0.234858,model-weather-experiment-640618020c918c13b93a05de,ecmwf00-a2d77f25-assumed-7b9a425c47be-2-20260210,2026-02-10T00:00:00+00:00,2026-02-10T10:00:00+00:00
2026-02-10T12:00:00+00:00,turbine-2,2026-02-12T02:00:00+00:00,38,0.117708,model-weather-experiment-640618020c918c13b93a05de,ecmwf00-a2d77f25-assumed-7b9a425c47be-2-20260210,2026-02-10T00:00:00+00:00,2026-02-10T10:00:00+00:00
2026-02-10T12:00:00+00:00,turbine-2,2026-02-12T03:00:00+00:00,39,0.052714,model-weather-experiment-640618020c918c13b93a05de,ecmwf00-a2d77f25-assumed-7b9a425c47be-2-20260210,2026-02-10T00:00:00+00:00,2026-02-10T10:00:00+00:00
2026-02-10T12:00:00+00:00,turbine-2,2026-02-12T04:00:00+00:00,40,0.038195,model-weather-experiment-640618020c918c13b93a05de,ecmwf00-a2d77f25-assumed-7b9a425c47be-2-20260210,2026-02-10T00:00:00+00:00,2026-02-10T10:00:00+00:00
2026-02-10T12:00:00+00:00,turbine-2,2026-02-12T05:00:00+00:00,41,0.041869,model-weather-experiment-640618020c918c13b93a05de,ecmwf00-a2d77f25-assumed-7b9a425c47be-2-20260210,2026-02-10T00:00:00+00:00,2026-02-10T10:00:00+00:00
2026-02-10T12:00:00+00:00,turbine-2,2026-02-12T06:00:00+00:00,42,0.034317,model-weather-experiment-640618020c918c13b93a05de,ecmwf00-a2d77f25-assumed-7b9a425c47be-2-20260210,2026-02-10T00:00:00+00:00,2026-02-10T10:00:00+00:00
2026-02-10T12:00:00+00:00,turbine-2,2026-02-12T07:00:00+00:00,43,0.043916,model-weather-experiment-640618020c918c13b93a05de,ecmwf00-a2d77f25-assumed-7b9a425c47be-2-20260210,2026-02-10T00:00:00+00:00,2026-02-10T10:00:00+00:00
2026-02-10T12:00:00+00:00,turbine-2,2026-02-12T08:00:00+00:00,44,0.032649,model-weather-experiment-640618020c918c13b93a05de,ecmwf00-a2d77f25-assumed-7b9a425c47be-2-20260210,2026-02-10T00:00:00+00:00,2026-02-10T10:00:00+00:00
2026-02-10T12:00:00+00:00,turbine-2,2026-02-12T09:00:00+00:00,45,0.050313,model-weather-experiment-640618020c918c13b93a05de,ecmwf00-a2d77f25-assumed-7b9a425c47be-2-20260210,2026-02-10T00:00:00+00:00,2026-02-10T10:00:00+00:00
2026-02-10T12:00:00+00:00,turbine-2,2026-02-12T10:00:00+00:00,46,0.079302,model-weather-experiment-640618020c918c13b93a05de,ecmwf00-a2d77f25-assumed-7b9a425c47be-2-20260210,2026-02-10T00:00:00+00:00,2026-02-10T10:00:00+00:00
2026-02-10T12:00:00+00:00,turbine-2,2026-02-12T11:00:00+00:00,47,0.075834,model-weather-experiment-640618020c918c13b93a05de,ecmwf00-a2d77f25-assumed-7b9a425c47be-2-20260210,2026-02-10T00:00:00+00:00,2026-02-10T10:00:00+00:00
2026-02-10T12:00:00+00:00,turbine-2,2026-02-12T12:00:00+00:00,48,0.112169,model-weather-experiment-640618020c918c13b93a05de,ecmwf00-a2d77f25-assumed-7b9a425c47be-2-20260210,2026-02-10T00:00:00+00:00,2026-02-10T10:00:00+00:00
2026-02-11T12:00:00+00:00,turbine-1,2026-02-11T13:00:00+00:00,1,0.815156,model-weather-experiment-640618020c918c13b93a05de,ecmwf00-a2d77f25-assumed-7b9a425c47be-1-20260211,2026-02-11T00:00:00+00:00,2026-02-11T10:00:00+00:00
2026-02-11T12:00:00+00:00,turbine-1,2026-02-11T14:00:00+00:00,2,0.830288,model-weather-experiment-640618020c918c13b93a05de,ecmwf00-a2d77f25-assumed-7b9a425c47be-1-20260211,2026-02-11T00:00:00+00:00,2026-02-11T10:00:00+00:00
2026-02-11T12:00:00+00:00,turbine-1,2026-02-11T15:00:00+00:00,3,0.813737,model-weather-experiment-640618020c918c13b93a05de,ecmwf00-a2d77f25-assumed-7b9a425c47be-1-20260211,2026-02-11T00:00:00+00:00,2026-02-11T10:00:00+00:00
2026-02-11T12:00:00+00:00,turbine-1,2026-02-11T16:00:00+00:00,4,0.817669,model-weather-experiment-640618020c918c13b93a05de,ecmwf00-a2d77f25-assumed-7b9a425c47be-1-20260211,2026-02-11T00:00:00+00:00,2026-02-11T10:00:00+00:00
2026-02-11T12:00:00+00:00,turbine-1,2026-02-11T17:00:00+00:00,5,0.799187,model-weather-experiment-640618020c918c13b93a05de,ecmwf00-a2d77f25-assumed-7b9a425c47be-1-20260211,2026-02-11T00:00:00+00:00,2026-02-11T10:00:00+00:00
2026-02-11T12:00:00+00:00,turbine-1,2026-02-11T18:00:00+00:00,6,0.74517,model-weather-experiment-640618020c918c13b93a05de,ecmwf00-a2d77f25-assumed-7b9a425c47be-1-20260211,2026-02-11T00:00:00+00:00,2026-02-11T10:00:00+00:00
2026-02-11T12:00:00+00:00,turbine-1,2026-02-11T19:00:00+00:00,7,0.511306,model-weather-experiment-640618020c918c13b93a05de,ecmwf00-a2d77f25-assumed-7b9a425c47be-1-20260211,2026-02-11T00:00:00+00:00,2026-02-11T10:00:00+00:00
2026-02-11T12:00:00+00:00,turbine-1,2026-02-11T20:00:00+00:00,8,0.439767,model-weather-experiment-640618020c918c13b93a05de,ecmwf00-a2d77f25-assumed-7b9a425c47be-1-20260211,2026-02-11T00:00:00+00:00,2026-02-11T10:00:00+00:00
2026-02-11T12:00:00+00:00,turbine-1,2026-02-11T21:00:00+00:00,9,0.448271,model-weather-experiment-640618020c918c13b93a05de,ecmwf00-a2d77f25-assumed-7b9a425c47be-1-20260211,2026-02-11T00:00:00+00:00,2026-02-11T10:00:00+00:00
2026-02-11T12:00:00+00:00,turbine-1,2026-02-11T22:00:00+00:00,10,0.381275,model-weather-experiment-640618020c918c13b93a05de,ecmwf00-a2d77f25-assumed-7b9a425c47be-1-20260211,2026-02-11T00:00:00+00:00,2026-02-11T10:00:00+00:00
2026-02-11T12:00:00+00:00,turbine-1,2026-02-11T23:00:00+00:00,11,0.314975,model-weather-experiment-640618020c918c13b93a05de,ecmwf00-a2d77f25-assumed-7b9a425c47be-1-20260211,2026-02-11T00:00:00+00:00,2026-02-11T10:00:00+00:00
2026-02-11T12:00:00+00:00,turbine-1,2026-02-12T00:00:00+00:00,12,0.153687,model-weather-experiment-640618020c918c13b93a05de,ecmwf00-a2d77f25-assumed-7b9a425c47be-1-20260211,2026-02-11T00:00:00+00:00,2026-02-11T10:00:00+00:00
2026-02-11T12:00:00+00:00,turbine-1,2026-02-12T01:00:00+00:00,13,0.023955,model-weather-experiment-640618020c918c13b93a05de,ecmwf00-a2d77f25-assumed-7b9a425c47be-1-20260211,2026-02-11T00:00:00+00:00,2026-02-11T10:00:00+00:00
2026-02-11T12:00:00+00:00,turbine-1,2026-02-12T02:00:00+00:00,14,0.010473,model-weather-experiment-640618020c918c13b93a05de,ecmwf00-a2d77f25-assumed-7b9a425c47be-1-20260211,2026-02-11T00:00:00+00:00,2026-02-11T10:00:00+00:00
2026-02-11T12:00:00+00:00,turbine-1,2026-02-12T03:00:00+00:00,15,0.004605,model-weather-experiment-640618020c918c13b93a05de,ecmwf00-a2d77f25-assumed-7b9a425c47be-1-20260211,2026-02-11T00:00:00+00:00,2026-02-11T10:00:00+00:00
2026-02-11T12:00:00+00:00,turbine-1,2026-02-12T04:00:00+00:00,16,0.01755,model-weather-experiment-640618020c918c13b93a05de,ecmwf00-a2d77f25-assumed-7b9a425c47be-1-20260211,2026-02-11T00:00:00+00:00,2026-02-11T10:00:00+00:00
2026-02-11T12:00:00+00:00,turbine-1,2026-02-12T05:00:00+00:00,17,0.042944,model-weather-experiment-640618020c918c13b93a05de,ecmwf00-a2d77f25-assumed-7b9a425c47be-1-20260211,2026-02-11T00:00:00+00:00,2026-02-11T10:00:00+00:00
2026-02-11T12:00:00+00:00,turbine-1,2026-02-12T06:00:00+00:00,18,0.074004,model-weather-experiment-640618020c918c13b93a05de,ecmwf00-a2d77f25-assumed-7b9a425c47be-1-20260211,2026-02-11T00:00:00+00:00,2026-02-11T10:00:00+00:00
2026-02-11T12:00:00+00:00,turbine-1,2026-02-12T07:00:00+00:00,19,0.038596,model-weather-experiment-640618020c918c13b93a05de,ecmwf00-a2d77f25-assumed-7b9a425c47be-1-20260211,2026-02-11T00:00:00+00:00,2026-02-11T10:00:00+00:00
2026-02-11T12:00:00+00:00,turbine-1,2026-02-12T08:00:00+00:00,20,0.042021,model-weather-experiment-640618020c918c13b93a05de,ecmwf00-a2d77f25-assumed-7b9a425c47be-1-20260211,2026-02-11T00:00:00+00:00,2026-02-11T10:00:00+00:00
2026-02-11T12:00:00+00:00,turbine-1,2026-02-12T09:00:00+00:00,21,0.045823,model-weather-experiment-640618020c918c13b93a05de,ecmwf00-a2d77f25-assumed-7b9a425c47be-1-20260211,2026-02-11T00:00:00+00:00,2026-02-11T10:00:00+00:00
2026-02-11T12:00:00+00:00,turbine-1,2026-02-12T10:00:00+00:00,22,0.045413,model-weather-experiment-640618020c918c13b93a05de,ecmwf00-a2d77f25-assumed-7b9a425c47be-1-20260211,2026-02-11T00:00:00+00:00,2026-02-11T10:00:00+00:00
2026-02-11T12:00:00+00:00,turbine-1,2026-02-12T11:00:00+00:00,23,0.112228,model-weather-experiment-640618020c918c13b93a05de,ecmwf00-a2d77f25-assumed-7b9a425c47be-1-20260211,2026-02-11T00:00:00+00:00,2026-02-11T10:00:00+00:00
2026-02-11T12:00:00+00:00,turbine-1,2026-02-12T12:00:00+00:00,24,0.163282,model-weather-experiment-640618020c918c13b93a05de,ecmwf00-a2d77f25-assumed-7b9a425c47be-1-20260211,2026-02-11T00:00:00+00:00,2026-02-11T10:00:00+00:00
2026-02-11T12:00:00+00:00,turbine-1,2026-02-12T13:00:00+00:00,25,0.18584,model-weather-experiment-640618020c918c13b93a05de,ecmwf00-a2d77f25-assumed-7b9a425c47be-1-20260211,2026-02-11T00:00:00+00:00,2026-02-11T10:00:00+00:00
2026-02-11T12:00:00+00:00,turbine-1,2026-02-12T14:00:00+00:00,26,0.199013,model-weather-experiment-640618020c918c13b93a05de,ecmwf00-a2d77f25-assumed-7b9a425c47be-1-20260211,2026-02-11T00:00:00+00:00,2026-02-11T10:00:00+00:00
2026-02-11T12:00:00+00:00,turbine-1,2026-02-12T15:00:00+00:00,27,0.215673,model-weather-experiment-640618020c918c13b93a05de,ecmwf00-a2d77f25-assumed-7b9a425c47be-1-20260211,2026-02-11T00:00:00+00:00,2026-02-11T10:00:00+00:00
2026-02-11T12:00:00+00:00,turbine-1,2026-02-12T16:00:00+00:00,28,0.162214,model-weather-experiment-640618020c918c13b93a05de,ecmwf00-a2d77f25-assumed-7b9a425c47be-1-20260211,2026-02-11T00:00:00+00:00,2026-02-11T10:00:00+00:00
2026-02-11T12:00:00+00:00,turbine-1,2026-02-12T17:00:00+00:00,29,0.053394,model-weather-experiment-640618020c918c13b93a05de,ecmwf00-a2d77f25-assumed-7b9a425c47be-1-20260211,2026-02-11T00:00:00+00:00,2026-02-11T10:00:00+00:00
2026-02-11T12:00:00+00:00,turbine-1,2026-02-12T18:00:00+00:00,30,0.036324,model-weather-experiment-640618020c918c13b93a05de,ecmwf00-a2d77f25-assumed-7b9a425c47be-1-20260211,2026-02-11T00:00:00+00:00,2026-02-11T10:00:00+00:00
2026-02-11T12:00:00+00:00,turbine-1,2026-02-12T19:00:00+00:00,31,0.104967,model-weather-experiment-640618020c918c13b93a05de,ecmwf00-a2d77f25-assumed-7b9a425c47be-1-20260211,2026-02-11T00:00:00+00:00,2026-02-11T10:00:00+00:00
2026-02-11T12:00:00+00:00,turbine-1,2026-02-12T20:00:00+00:00,32,0.038384,model-weather-experiment-640618020c918c13b93a05de,ecmwf00-a2d77f25-assumed-7b9a425c47be-1-20260211,2026-02-11T00:00:00+00:00,2026-02-11T10:00:00+00:00
2026-02-11T12:00:00+00:00,turbine-1,2026-02-12T21:00:00+00:00,33,0.040375,model-weather-experiment-640618020c918c13b93a05de,ecmwf00-a2d77f25-assumed-7b9a425c47be-1-20260211,2026-02-11T00:00:00+00:00,2026-02-11T10:00:00+00:00
2026-02-11T12:00:00+00:00,turbine-1,2026-02-12T22:00:00+00:00,34,0.045315,model-weather-experiment-640618020c918c13b93a05de,ecmwf00-a2d77f25-assumed-7b9a425c47be-1-20260211,2026-02-11T00:00:00+00:00,2026-02-11T10:00:00+00:00
2026-02-11T12:00:00+00:00,turbine-1,2026-02-12T23:00:00+00:00,35,0.047068,model-weather-experiment-640618020c918c13b93a05de,ecmwf00-a2d77f25-assumed-7b9a425c47be-1-20260211,2026-02-11T00:00:00+00:00,2026-02-11T10:00:00+00:00
2026-02-11T12:00:00+00:00,turbine-1,2026-02-13T00:00:00+00:00,36,0.056649,model-weather-experiment-640618020c918c13b93a05de,ecmwf00-a2d77f25-assumed-7b9a425c47be-1-20260211,2026-02-11T00:00:00+00:00,2026-02-11T10:00:00+00:00
2026-02-11T12:00:00+00:00,turbine-1,2026-02-13T01:00:00+00:00,37,0.049819,model-weather-experiment-640618020c918c13b93a05de,ecmwf00-a2d77f25-assumed-7b9a425c47be-1-20260211,2026-02-11T00:00:00+00:00,2026-02-11T10:00:00+00:00
2026-02-11T12:00:00+00:00,turbine-1,2026-02-13T02:00:00+00:00,38,0.029813,model-weather-experiment-640618020c918c13b93a05de,ecmwf00-a2d77f25-assumed-7b9a425c47be-1-20260211,2026-02-11T00:00:00+00:00,2026-02-11T10:00:00+00:00
2026-02-11T12:00:00+00:00,turbine-1,2026-02-13T03:00:00+00:00,39,0.037665,model-weather-experiment-640618020c918c13b93a05de,ecmwf00-a2d77f25-assumed-7b9a425c47be-1-20260211,2026-02-11T00:00:00+00:00,2026-02-11T10:00:00+00:00
2026-02-11T12:00:00+00:00,turbine-1,2026-02-13T04:00:00+00:00,40,0.054864,model-weather-experiment-640618020c918c13b93a05de,ecmwf00-a2d77f25-assumed-7b9a425c47be-1-20260211,2026-02-11T00:00:00+00:00,2026-02-11T10:00:00+00:00
2026-02-11T12:00:00+00:00,turbine-1,2026-02-13T05:00:00+00:00,41,0.039951,model-weather-experiment-640618020c918c13b93a05de,ecmwf00-a2d77f25-assumed-7b9a425c47be-1-20260211,2026-02-11T00:00:00+00:00,2026-02-11T10:00:00+00:00
2026-02-11T12:00:00+00:00,turbine-1,2026-02-13T06:00:00+00:00,42,0.050738,model-weather-experiment-640618020c918c13b93a05de,ecmwf00-a2d77f25-assumed-7b9a425c47be-1-20260211,2026-02-11T00:00:00+00:00,2026-02-11T10:00:00+00:00
2026-02-11T12:00:00+00:00,turbine-1,2026-02-13T07:00:00+00:00,43,0.055939,model-weather-experiment-640618020c918c13b93a05de,ecmwf00-a2d77f25-assumed-7b9a425c47be-1-20260211,2026-02-11T00:00:00+00:00,2026-02-11T10:00:00+00:00
2026-02-11T12:00:00+00:00,turbine-1,2026-02-13T08:00:00+00:00,44,0.108503,model-weather-experiment-640618020c918c13b93a05de,ecmwf00-a2d77f25-assumed-7b9a425c47be-1-20260211,2026-02-11T00:00:00+00:00,2026-02-11T10:00:00+00:00
2026-02-11T12:00:00+00:00,turbine-1,2026-02-13T09:00:00+00:00,45,0.136303,model-weather-experiment-640618020c918c13b93a05de,ecmwf00-a2d77f25-assumed-7b9a425c47be-1-20260211,2026-02-11T00:00:00+00:00,2026-02-11T10:00:00+00:00
2026-02-11T12:00:00+00:00,turbine-1,2026-02-13T10:00:00+00:00,46,0.124982,model-weather-experiment-640618020c918c13b93a05de,ecmwf00-a2d77f25-assumed-7b9a425c47be-1-20260211,2026-02-11T00:00:00+00:00,2026-02-11T10:00:00+00:00
2026-02-11T12:00:00+00:00,turbine-1,2026-02-13T11:00:00+00:00,47,0.138223,model-weather-experiment-640618020c918c13b93a05de,ecmwf00-a2d77f25-assumed-7b9a425c47be-1-20260211,2026-02-11T00:00:00+00:00,2026-02-11T10:00:00+00:00
2026-02-11T12:00:00+00:00,turbine-1,2026-02-13T12:00:00+00:00,48,0.256733,model-weather-experiment-640618020c918c13b93a05de,ecmwf00-a2d77f25-assumed-7b9a425c47be-1-20260211,2026-02-11T00:00:00+00:00,2026-02-11T10:00:00+00:00
2026-02-11T12:00:00+00:00,turbine-2,2026-02-11T13:00:00+00:00,1,0.863267,model-weather-experiment-640618020c918c13b93a05de,ecmwf00-a2d77f25-assumed-7b9a425c47be-2-20260211,2026-02-11T00:00:00+00:00,2026-02-11T10:00:00+00:00
2026-02-11T12:00:00+00:00,turbine-2,2026-02-11T14:00:00+00:00,2,0.878001,model-weather-experiment-640618020c918c13b93a05de,ecmwf00-a2d77f25-assumed-7b9a425c47be-2-20260211,2026-02-11T00:00:00+00:00,2026-02-11T10:00:00+00:00
2026-02-11T12:00:00+00:00,turbine-2,2026-02-11T15:00:00+00:00,3,0.8951,model-weather-experiment-640618020c918c13b93a05de,ecmwf00-a2d77f25-assumed-7b9a425c47be-2-20260211,2026-02-11T00:00:00+00:00,2026-02-11T10:00:00+00:00
2026-02-11T12:00:00+00:00,turbine-2,2026-02-11T16:00:00+00:00,4,0.904694,model-weather-experiment-640618020c918c13b93a05de,ecmwf00-a2d77f25-assumed-7b9a425c47be-2-20260211,2026-02-11T00:00:00+00:00,2026-02-11T10:00:00+00:00
2026-02-11T12:00:00+00:00,turbine-2,2026-02-11T17:00:00+00:00,5,0.885576,model-weather-experiment-640618020c918c13b93a05de,ecmwf00-a2d77f25-assumed-7b9a425c47be-2-20260211,2026-02-11T00:00:00+00:00,2026-02-11T10:00:00+00:00
2026-02-11T12:00:00+00:00,turbine-2,2026-02-11T18:00:00+00:00,6,0.804068,model-weather-experiment-640618020c918c13b93a05de,ecmwf00-a2d77f25-assumed-7b9a425c47be-2-20260211,2026-02-11T00:00:00+00:00,2026-02-11T10:00:00+00:00
2026-02-11T12:00:00+00:00,turbine-2,2026-02-11T19:00:00+00:00,7,0.536036,model-weather-experiment-640618020c918c13b93a05de,ecmwf00-a2d77f25-assumed-7b9a425c47be-2-20260211,2026-02-11T00:00:00+00:00,2026-02-11T10:00:00+00:00
2026-02-11T12:00:00+00:00,turbine-2,2026-02-11T20:00:00+00:00,8,0.42408,model-weather-experiment-640618020c918c13b93a05de,ecmwf00-a2d77f25-assumed-7b9a425c47be-2-20260211,2026-02-11T00:00:00+00:00,2026-02-11T10:00:00+00:00
2026-02-11T12:00:00+00:00,turbine-2,2026-02-11T21:00:00+00:00,9,0.444647,model-weather-experiment-640618020c918c13b93a05de,ecmwf00-a2d77f25-assumed-7b9a425c47be-2-20260211,2026-02-11T00:00:00+00:00,2026-02-11T10:00:00+00:00
2026-02-11T12:00:00+00:00,turbine-2,2026-02-11T22:00:00+00:00,10,0.361072,model-weather-experiment-640618020c918c13b93a05de,ecmwf00-a2d77f25-assumed-7b9a425c47be-2-20260211,2026-02-11T00:00:00+00:00,2026-02-11T10:00:00+00:00
2026-02-11T12:00:00+00:00,turbine-2,2026-02-11T23:00:00+00:00,11,0.291307,model-weather-experiment-640618020c918c13b93a05de,ecmwf00-a2d77f25-assumed-7b9a425c47be-2-20260211,2026-02-11T00:00:00+00:00,2026-02-11T10:00:00+00:00
2026-02-11T12:00:00+00:00,turbine-2,2026-02-12T00:00:00+00:00,12,0.133132,model-weather-experiment-640618020c918c13b93a05de,ecmwf00-a2d77f25-assumed-7b9a425c47be-2-20260211,2026-02-11T00:00:00+00:00,2026-02-11T10:00:00+00:00
2026-02-11T12:00:00+00:00,turbine-2,2026-02-12T01:00:00+00:00,13,0.050857,model-weather-experiment-640618020c918c13b93a05de,ecmwf00-a2d77f25-assumed-7b9a425c47be-2-20260211,2026-02-11T00:00:00+00:00,2026-02-11T10:00:00+00:00
2026-02-11T12:00:00+00:00,turbine-2,2026-02-12T02:00:00+00:00,14,0.042966,model-weather-experiment-640618020c918c13b93a05de,ecmwf00-a2d77f25-assumed-7b9a425c47be-2-20260211,2026-02-11T00:00:00+00:00,2026-02-11T10:00:00+00:00
2026-02-11T12:00:00+00:00,turbine-2,2026-02-12T03:00:00+00:00,15,0.0317,model-weather-experiment-640618020c918c13b93a05de,ecmwf00-a2d77f25-assumed-7b9a425c47be-2-20260211,2026-02-11T00:00:00+00:00,2026-02-11T10:00:00+00:00
2026-02-11T12:00:00+00:00,turbine-2,2026-02-12T04:00:00+00:00,16,0.068122,model-weather-experiment-640618020c918c13b93a05de,ecmwf00-a2d77f25-assumed-7b9a425c47be-2-20260211,2026-02-11T00:00:00+00:00,2026-02-11T10:00:00+00:00
2026-02-11T12:00:00+00:00,turbine-2,2026-02-12T05:00:00+00:00,17,0.071586,model-weather-experiment-640618020c918c13b93a05de,ecmwf00-a2d77f25-assumed-7b9a425c47be-2-20260211,2026-02-11T00:00:00+00:00,2026-02-11T10:00:00+00:00
2026-02-11T12:00:00+00:00,turbine-2,2026-02-12T06:00:00+00:00,18,0.087176,model-weather-experiment-640618020c918c13b93a05de,ecmwf00-a2d77f25-assumed-7b9a425c47be-2-20260211,2026-02-11T00:00:00+00:00,2026-02-11T10:00:00+00:00
2026-02-11T12:00:00+00:00,turbine-2,2026-02-12T07:00:00+00:00,19,0.071953,model-weather-experiment-640618020c918c13b93a05de,ecmwf00-a2d77f25-assumed-7b9a425c47be-2-20260211,2026-02-11T00:00:00+00:00,2026-02-11T10:00:00+00:00
2026-02-11T12:00:00+00:00,turbine-2,2026-02-12T08:00:00+00:00,20,0.072548,model-weather-experiment-640618020c918c13b93a05de,ecmwf00-a2d77f25-assumed-7b9a425c47be-2-20260211,2026-02-11T00:00:00+00:00,2026-02-11T10:00:00+00:00
2026-02-11T12:00:00+00:00,turbine-2,2026-02-12T09:00:00+00:00,21,0.06445,model-weather-experiment-640618020c918c13b93a05de,ecmwf00-a2d77f25-assumed-7b9a425c47be-2-20260211,2026-02-11T00:00:00+00:00,2026-02-11T10:00:00+00:00
2026-02-11T12:00:00+00:00,turbine-2,2026-02-12T10:00:00+00:00,22,0.03988,model-weather-experiment-640618020c918c13b93a05de,ecmwf00-a2d77f25-assumed-7b9a425c47be-2-20260211,2026-02-11T00:00:00+00:00,2026-02-11T10:00:00+00:00
2026-02-11T12:00:00+00:00,turbine-2,2026-02-12T11:00:00+00:00,23,0.081067,model-weather-experiment-640618020c918c13b93a05de,ecmwf00-a2d77f25-assumed-7b9a425c47be-2-20260211,2026-02-11T00:00:00+00:00,2026-02-11T10:00:00+00:00
2026-02-11T12:00:00+00:00,turbine-2,2026-02-12T12:00:00+00:00,24,0.136146,model-weather-experiment-640618020c918c13b93a05de,ecmwf00-a2d77f25-assumed-7b9a425c47be-2-20260211,2026-02-11T00:00:00+00:00,2026-02-11T10:00:00+00:00
2026-02-11T12:00:00+00:00,turbine-2,2026-02-12T13:00:00+00:00,25,0.129457,model-weather-experiment-640618020c918c13b93a05de,ecmwf00-a2d77f25-assumed-7b9a425c47be-2-20260211,2026-02-11T00:00:00+00:00,2026-02-11T10:00:00+00:00
2026-02-11T12:00:00+00:00,turbine-2,2026-02-12T14:00:00+00:00,26,0.144868,model-weather-experiment-640618020c918c13b93a05de,ecmwf00-a2d77f25-assumed-7b9a425c47be-2-20260211,2026-02-11T00:00:00+00:00,2026-02-11T10:00:00+00:00
2026-02-11T12:00:00+00:00,turbine-2,2026-02-12T15:00:00+00:00,27,0.182111,model-weather-experiment-640618020c918c13b93a05de,ecmwf00-a2d77f25-assumed-7b9a425c47be-2-20260211,2026-02-11T00:00:00+00:00,2026-02-11T10:00:00+00:00
2026-02-11T12:00:00+00:00,turbine-2,2026-02-12T16:00:00+00:00,28,0.160954,model-weather-experiment-640618020c918c13b93a05de,ecmwf00-a2d77f25-assumed-7b9a425c47be-2-20260211,2026-02-11T00:00:00+00:00,2026-02-11T10:00:00+00:00
2026-02-11T12:00:00+00:00,turbine-2,2026-02-12T17:00:00+00:00,29,0.080674,model-weather-experiment-640618020c918c13b93a05de,ecmwf00-a2d77f25-assumed-7b9a425c47be-2-20260211,2026-02-11T00:00:00+00:00,2026-02-11T10:00:00+00:00
2026-02-11T12:00:00+00:00,turbine-2,2026-02-12T18:00:00+00:00,30,0.052634,model-weather-experiment-640618020c918c13b93a05de,ecmwf00-a2d77f25-assumed-7b9a425c47be-2-20260211,2026-02-11T00:00:00+00:00,2026-02-11T10:00:00+00:00
2026-02-11T12:00:00+00:00,turbine-2,2026-02-12T19:00:00+00:00,31,0.095349,model-weather-experiment-640618020c918c13b93a05de,ecmwf00-a2d77f25-assumed-7b9a425c47be-2-20260211,2026-02-11T00:00:00+00:00,2026-02-11T10:00:00+00:00
2026-02-11T12:00:00+00:00,turbine-2,2026-02-12T20:00:00+00:00,32,0.057777,model-weather-experiment-640618020c918c13b93a05de,ecmwf00-a2d77f25-assumed-7b9a425c47be-2-20260211,2026-02-11T00:00:00+00:00,2026-02-11T10:00:00+00:00
2026-02-11T12:00:00+00:00,turbine-2,2026-02-12T21:00:00+00:00,33,0.055006,model-weather-experiment-640618020c918c13b93a05de,ecmwf00-a2d77f25-assumed-7b9a425c47be-2-20260211,2026-02-11T00:00:00+00:00,2026-02-11T10:00:00+00:00
2026-02-11T12:00:00+00:00,turbine-2,2026-02-12T22:00:00+00:00,34,0.045394,model-weather-experiment-640618020c918c13b93a05de,ecmwf00-a2d77f25-assumed-7b9a425c47be-2-20260211,2026-02-11T00:00:00+00:00,2026-02-11T10:00:00+00:00
2026-02-11T12:00:00+00:00,turbine-2,2026-02-12T23:00:00+00:00,35,0.047612,model-weather-experiment-640618020c918c13b93a05de,ecmwf00-a2d77f25-assumed-7b9a425c47be-2-20260211,2026-02-11T00:00:00+00:00,2026-02-11T10:00:00+00:00
2026-02-11T12:00:00+00:00,turbine-2,2026-02-13T00:00:00+00:00,36,0.063559,model-weather-experiment-640618020c918c13b93a05de,ecmwf00-a2d77f25-assumed-7b9a425c47be-2-20260211,2026-02-11T00:00:00+00:00,2026-02-11T10:00:00+00:00
2026-02-11T12:00:00+00:00,turbine-2,2026-02-13T01:00:00+00:00,37,0.061895,model-weather-experiment-640618020c918c13b93a05de,ecmwf00-a2d77f25-assumed-7b9a425c47be-2-20260211,2026-02-11T00:00:00+00:00,2026-02-11T10:00:00+00:00
2026-02-11T12:00:00+00:00,turbine-2,2026-02-13T02:00:00+00:00,38,0.04014,model-weather-experiment-640618020c918c13b93a05de,ecmwf00-a2d77f25-assumed-7b9a425c47be-2-20260211,2026-02-11T00:00:00+00:00,2026-02-11T10:00:00+00:00
2026-02-11T12:00:00+00:00,turbine-2,2026-02-13T03:00:00+00:00,39,0.047467,model-weather-experiment-640618020c918c13b93a05de,ecmwf00-a2d77f25-assumed-7b9a425c47be-2-20260211,2026-02-11T00:00:00+00:00,2026-02-11T10:00:00+00:00
2026-02-11T12:00:00+00:00,turbine-2,2026-02-13T04:00:00+00:00,40,0.049374,model-weather-experiment-640618020c918c13b93a05de,ecmwf00-a2d77f25-assumed-7b9a425c47be-2-20260211,2026-02-11T00:00:00+00:00,2026-02-11T10:00:00+00:00
2026-02-11T12:00:00+00:00,turbine-2,2026-02-13T05:00:00+00:00,41,0.045119,model-weather-experiment-640618020c918c13b93a05de,ecmwf00-a2d77f25-assumed-7b9a425c47be-2-20260211,2026-02-11T00:00:00+00:00,2026-02-11T10:00:00+00:00
2026-02-11T12:00:00+00:00,turbine-2,2026-02-13T06:00:00+00:00,42,0.044687,model-weather-experiment-640618020c918c13b93a05de,ecmwf00-a2d77f25-assumed-7b9a425c47be-2-20260211,2026-02-11T00:00:00+00:00,2026-02-11T10:00:00+00:00
2026-02-11T12:00:00+00:00,turbine-2,2026-02-13T07:00:00+00:00,43,0.080945,model-weather-experiment-640618020c918c13b93a05de,ecmwf00-a2d77f25-assumed-7b9a425c47be-2-20260211,2026-02-11T00:00:00+00:00,2026-02-11T10:00:00+00:00
2026-02-11T12:00:00+00:00,turbine-2,2026-02-13T08:00:00+00:00,44,0.125574,model-weather-experiment-640618020c918c13b93a05de,ecmwf00-a2d77f25-assumed-7b9a425c47be-2-20260211,2026-02-11T00:00:00+00:00,2026-02-11T10:00:00+00:00
2026-02-11T12:00:00+00:00,turbine-2,2026-02-13T09:00:00+00:00,45,0.160026,model-weather-experiment-640618020c918c13b93a05de,ecmwf00-a2d77f25-assumed-7b9a425c47be-2-20260211,2026-02-11T00:00:00+00:00,2026-02-11T10:00:00+00:00
2026-02-11T12:00:00+00:00,turbine-2,2026-02-13T10:00:00+00:00,46,0.145693,model-weather-experiment-640618020c918c13b93a05de,ecmwf00-a2d77f25-assumed-7b9a425c47be-2-20260211,2026-02-11T00:00:00+00:00,2026-02-11T10:00:00+00:00
2026-02-11T12:00:00+00:00,turbine-2,2026-02-13T11:00:00+00:00,47,0.149763,model-weather-experiment-640618020c918c13b93a05de,ecmwf00-a2d77f25-assumed-7b9a425c47be-2-20260211,2026-02-11T00:00:00+00:00,2026-02-11T10:00:00+00:00
2026-02-11T12:00:00+00:00,turbine-2,2026-02-13T12:00:00+00:00,48,0.254677,model-weather-experiment-640618020c918c13b93a05de,ecmwf00-a2d77f25-assumed-7b9a425c47be-2-20260211,2026-02-11T00:00:00+00:00,2026-02-11T10:00:00+00:00
2026-02-12T12:00:00+00:00,turbine-1,2026-02-12T13:00:00+00:00,1,0.153947,model-weather-experiment-640618020c918c13b93a05de,ecmwf00-a2d77f25-assumed-7b9a425c47be-1-20260212,2026-02-12T00:00:00+00:00,2026-02-12T10:00:00+00:00
2026-02-12T12:00:00+00:00,turbine-1,2026-02-12T14:00:00+00:00,2,0.198862,model-weather-experiment-640618020c918c13b93a05de,ecmwf00-a2d77f25-assumed-7b9a425c47be-1-20260212,2026-02-12T00:00:00+00:00,2026-02-12T10:00:00+00:00
2026-02-12T12:00:00+00:00,turbine-1,2026-02-12T15:00:00+00:00,3,0.090272,model-weather-experiment-640618020c918c13b93a05de,ecmwf00-a2d77f25-assumed-7b9a425c47be-1-20260212,2026-02-12T00:00:00+00:00,2026-02-12T10:00:00+00:00
2026-02-12T12:00:00+00:00,turbine-1,2026-02-12T16:00:00+00:00,4,0.09742,model-weather-experiment-640618020c918c13b93a05de,ecmwf00-a2d77f25-assumed-7b9a425c47be-1-20260212,2026-02-12T00:00:00+00:00,2026-02-12T10:00:00+00:00
2026-02-12T12:00:00+00:00,turbine-1,2026-02-12T17:00:00+00:00,5,0.102979,model-weather-experiment-640618020c918c13b93a05de,ecmwf00-a2d77f25-assumed-7b9a425c47be-1-20260212,2026-02-12T00:00:00+00:00,2026-02-12T10:00:00+00:00
2026-02-12T12:00:00+00:00,turbine-1,2026-02-12T18:00:00+00:00,6,0.011783,model-weather-experiment-640618020c918c13b93a05de,ecmwf00-a2d77f25-assumed-7b9a425c47be-1-20260212,2026-02-12T00:00:00+00:00,2026-02-12T10:00:00+00:00
2026-02-12T12:00:00+00:00,turbine-1,2026-02-12T19:00:00+00:00,7,0.021777,model-weather-experiment-640618020c918c13b93a05de,ecmwf00-a2d77f25-assumed-7b9a425c47be-1-20260212,2026-02-12T00:00:00+00:00,2026-02-12T10:00:00+00:00
2026-02-12T12:00:00+00:00,turbine-1,2026-02-12T20:00:00+00:00,8,0.01614,model-weather-experiment-640618020c918c13b93a05de,ecmwf00-a2d77f25-assumed-7b9a425c47be-1-20260212,2026-02-12T00:00:00+00:00,2026-02-12T10:00:00+00:00
2026-02-12T12:00:00+00:00,turbine-1,2026-02-12T21:00:00+00:00,9,0.019191,model-weather-experiment-640618020c918c13b93a05de,ecmwf00-a2d77f25-assumed-7b9a425c47be-1-20260212,2026-02-12T00:00:00+00:00,2026-02-12T10:00:00+00:00
2026-02-12T12:00:00+00:00,turbine-1,2026-02-12T22:00:00+00:00,10,0.020097,model-weather-experiment-640618020c918c13b93a05de,ecmwf00-a2d77f25-assumed-7b9a425c47be-1-20260212,2026-02-12T00:00:00+00:00,2026-02-12T10:00:00+00:00
2026-02-12T12:00:00+00:00,turbine-1,2026-02-12T23:00:00+00:00,11,0.013697,model-weather-experiment-640618020c918c13b93a05de,ecmwf00-a2d77f25-assumed-7b9a425c47be-1-20260212,2026-02-12T00:00:00+00:00,2026-02-12T10:00:00+00:00
2026-02-12T12:00:00+00:00,turbine-1,2026-02-13T00:00:00+00:00,12,0.018502,model-weather-experiment-640618020c918c13b93a05de,ecmwf00-a2d77f25-assumed-7b9a425c47be-1-20260212,2026-02-12T00:00:00+00:00,2026-02-12T10:00:00+00:00
2026-02-12T12:00:00+00:00,turbine-1,2026-02-13T01:00:00+00:00,13,0.022965,model-weather-experiment-640618020c918c13b93a05de,ecmwf00-a2d77f25-assumed-7b9a425c47be-1-20260212,2026-02-12T00:00:00+00:00,2026-02-12T10:00:00+00:00
2026-02-12T12:00:00+00:00,turbine-1,2026-02-13T02:00:00+00:00,14,0.009431,model-weather-experiment-640618020c918c13b93a05de,ecmwf00-a2d77f25-assumed-7b9a425c47be-1-20260212,2026-02-12T00:00:00+00:00,2026-02-12T10:00:00+00:00
2026-02-12T12:00:00+00:00,turbine-1,2026-02-13T03:00:00+00:00,15,0.014418,model-weather-experiment-640618020c918c13b93a05de,ecmwf00-a2d77f25-assumed-7b9a425c47be-1-20260212,2026-02-12T00:00:00+00:00,2026-02-12T10:00:00+00:00
2026-02-12T12:00:00+00:00,turbine-1,2026-02-13T04:00:00+00:00,16,0.02103,model-weather-experiment-640618020c918c13b93a05de,ecmwf00-a2d77f25-assumed-7b9a425c47be-1-20260212,2026-02-12T00:00:00+00:00,2026-02-12T10:00:00+00:00
2026-02-12T12:00:00+00:00,turbine-1,2026-02-13T05:00:00+00:00,17,0.0198,model-weather-experiment-640618020c918c13b93a05de,ecmwf00-a2d77f25-assumed-7b9a425c47be-1-20260212,2026-02-12T00:00:00+00:00,2026-02-12T10:00:00+00:00
2026-02-12T12:00:00+00:00,turbine-1,2026-02-13T06:00:00+00:00,18,0.024841,model-weather-experiment-640618020c918c13b93a05de,ecmwf00-a2d77f25-assumed-7b9a425c47be-1-20260212,2026-02-12T00:00:00+00:00,2026-02-12T10:00:00+00:00
2026-02-12T12:00:00+00:00,turbine-1,2026-02-13T07:00:00+00:00,19,0.031546,model-weather-experiment-640618020c918c13b93a05de,ecmwf00-a2d77f25-assumed-7b9a425c47be-1-20260212,2026-02-12T00:00:00+00:00,2026-02-12T10:00:00+00:00
2026-02-12T12:00:00+00:00,turbine-1,2026-02-13T08:00:00+00:00,20,0.078235,model-weather-experiment-640618020c918c13b93a05de,ecmwf00-a2d77f25-assumed-7b9a425c47be-1-20260212,2026-02-12T00:00:00+00:00,2026-02-12T10:00:00+00:00
2026-02-12T12:00:00+00:00,turbine-1,2026-02-13T09:00:00+00:00,21,0.048915,model-weather-experiment-640618020c918c13b93a05de,ecmwf00-a2d77f25-assumed-7b9a425c47be-1-20260212,2026-02-12T00:00:00+00:00,2026-02-12T10:00:00+00:00
2026-02-12T12:00:00+00:00,turbine-1,2026-02-13T10:00:00+00:00,22,0.103176,model-weather-experiment-640618020c918c13b93a05de,ecmwf00-a2d77f25-assumed-7b9a425c47be-1-20260212,2026-02-12T00:00:00+00:00,2026-02-12T10:00:00+00:00
2026-02-12T12:00:00+00:00,turbine-1,2026-02-13T11:00:00+00:00,23,0.12627,model-weather-experiment-640618020c918c13b93a05de,ecmwf00-a2d77f25-assumed-7b9a425c47be-1-20260212,2026-02-12T00:00:00+00:00,2026-02-12T10:00:00+00:00
2026-02-12T12:00:00+00:00,turbine-1,2026-02-13T12:00:00+00:00,24,0.167255,model-weather-experiment-640618020c918c13b93a05de,ecmwf00-a2d77f25-assumed-7b9a425c47be-1-20260212,2026-02-12T00:00:00+00:00,2026-02-12T10:00:00+00:00
2026-02-12T12:00:00+00:00,turbine-1,2026-02-13T13:00:00+00:00,25,0.264354,model-weather-experiment-640618020c918c13b93a05de,ecmwf00-a2d77f25-assumed-7b9a425c47be-1-20260212,2026-02-12T00:00:00+00:00,2026-02-12T10:00:00+00:00
2026-02-12T12:00:00+00:00,turbine-1,2026-02-13T14:00:00+00:00,26,0.45806,model-weather-experiment-640618020c918c13b93a05de,ecmwf00-a2d77f25-assumed-7b9a425c47be-1-20260212,2026-02-12T00:00:00+00:00,2026-02-12T10:00:00+00:00
2026-02-12T12:00:00+00:00,turbine-1,2026-02-13T15:00:00+00:00,27,0.436287,model-weather-experiment-640618020c918c13b93a05de,ecmwf00-a2d77f25-assumed-7b9a425c47be-1-20260212,2026-02-12T00:00:00+00:00,2026-02-12T10:00:00+00:00
2026-02-12T12:00:00+00:00,turbine-1,2026-02-13T16:00:00+00:00,28,0.668679,model-weather-experiment-640618020c918c13b93a05de,ecmwf00-a2d77f25-assumed-7b9a425c47be-1-20260212,2026-02-12T00:00:00+00:00,2026-02-12T10:00:00+00:00
2026-02-12T12:00:00+00:00,turbine-1,2026-02-13T17:00:00+00:00,29,0.525173,model-weather-experiment-640618020c918c13b93a05de,ecmwf00-a2d77f25-assumed-7b9a425c47be-1-20260212,2026-02-12T00:00:00+00:00,2026-02-12T10:00:00+00:00
2026-02-12T12:00:00+00:00,turbine-1,2026-02-13T18:00:00+00:00,30,0.631602,model-weather-experiment-640618020c918c13b93a05de,ecmwf00-a2d77f25-assumed-7b9a425c47be-1-20260212,2026-02-12T00:00:00+00:00,2026-02-12T10:00:00+00:00
2026-02-12T12:00:00+00:00,turbine-1,2026-02-13T19:00:00+00:00,31,0.781744,model-weather-experiment-640618020c918c13b93a05de,ecmwf00-a2d77f25-assumed-7b9a425c47be-1-20260212,2026-02-12T00:00:00+00:00,2026-02-12T10:00:00+00:00
2026-02-12T12:00:00+00:00,turbine-1,2026-02-13T20:00:00+00:00,32,0.793459,model-weather-experiment-640618020c918c13b93a05de,ecmwf00-a2d77f25-assumed-7b9a425c47be-1-20260212,2026-02-12T00:00:00+00:00,2026-02-12T10:00:00+00:00
2026-02-12T12:00:00+00:00,turbine-1,2026-02-13T21:00:00+00:00,33,0.81466,model-weather-experiment-640618020c918c13b93a05de,ecmwf00-a2d77f25-assumed-7b9a425c47be-1-20260212,2026-02-12T00:00:00+00:00,2026-02-12T10:00:00+00:00
2026-02-12T12:00:00+00:00,turbine-1,2026-02-13T22:00:00+00:00,34,0.827898,model-weather-experiment-640618020c918c13b93a05de,ecmwf00-a2d77f25-assumed-7b9a425c47be-1-20260212,2026-02-12T00:00:00+00:00,2026-02-12T10:00:00+00:00
2026-02-12T12:00:00+00:00,turbine-1,2026-02-13T23:00:00+00:00,35,0.655223,model-weather-experiment-640618020c918c13b93a05de,ecmwf00-a2d77f25-assumed-7b9a425c47be-1-20260212,2026-02-12T00:00:00+00:00,2026-02-12T10:00:00+00:00
2026-02-12T12:00:00+00:00,turbine-1,2026-02-14T00:00:00+00:00,36,0.211185,model-weather-experiment-640618020c918c13b93a05de,ecmwf00-a2d77f25-assumed-7b9a425c47be-1-20260212,2026-02-12T00:00:00+00:00,2026-02-12T10:00:00+00:00
2026-02-12T12:00:00+00:00,turbine-1,2026-02-14T01:00:00+00:00,37,0.077083,model-weather-experiment-640618020c918c13b93a05de,ecmwf00-a2d77f25-assumed-7b9a425c47be-1-20260212,2026-02-12T00:00:00+00:00,2026-02-12T10:00:00+00:00
2026-02-12T12:00:00+00:00,turbine-1,2026-02-14T02:00:00+00:00,38,0.051485,model-weather-experiment-640618020c918c13b93a05de,ecmwf00-a2d77f25-assumed-7b9a425c47be-1-20260212,2026-02-12T00:00:00+00:00,2026-02-12T10:00:00+00:00
2026-02-12T12:00:00+00:00,turbine-1,2026-02-14T03:00:00+00:00,39,0.058045,model-weather-experiment-640618020c918c13b93a05de,ecmwf00-a2d77f25-assumed-7b9a425c47be-1-20260212,2026-02-12T00:00:00+00:00,2026-02-12T10:00:00+00:00
2026-02-12T12:00:00+00:00,turbine-1,2026-02-14T04:00:00+00:00,40,0.063637,model-weather-experiment-640618020c918c13b93a05de,ecmwf00-a2d77f25-assumed-7b9a425c47be-1-20260212,2026-02-12T00:00:00+00:00,2026-02-12T10:00:00+00:00
2026-02-12T12:00:00+00:00,turbine-1,2026-02-14T05:00:00+00:00,41,0.058236,model-weather-experiment-640618020c918c13b93a05de,ecmwf00-a2d77f25-assumed-7b9a425c47be-1-20260212,2026-02-12T00:00:00+00:00,2026-02-12T10:00:00+00:00
2026-02-12T12:00:00+00:00,turbine-1,2026-02-14T06:00:00+00:00,42,0.056019,model-weather-experiment-640618020c918c13b93a05de,ecmwf00-a2d77f25-assumed-7b9a425c47be-1-20260212,2026-02-12T00:00:00+00:00,2026-02-12T10:00:00+00:00
2026-02-12T12:00:00+00:00,turbine-1,2026-02-14T07:00:00+00:00,43,0.049574,model-weather-experiment-640618020c918c13b93a05de,ecmwf00-a2d77f25-assumed-7b9a425c47be-1-20260212,2026-02-12T00:00:00+00:00,2026-02-12T10:00:00+00:00
2026-02-12T12:00:00+00:00,turbine-1,2026-02-14T08:00:00+00:00,44,0.053815,model-weather-experiment-640618020c918c13b93a05de,ecmwf00-a2d77f25-assumed-7b9a425c47be-1-20260212,2026-02-12T00:00:00+00:00,2026-02-12T10:00:00+00:00
2026-02-12T12:00:00+00:00,turbine-1,2026-02-14T09:00:00+00:00,45,0.067168,model-weather-experiment-640618020c918c13b93a05de,ecmwf00-a2d77f25-assumed-7b9a425c47be-1-20260212,2026-02-12T00:00:00+00:00,2026-02-12T10:00:00+00:00
2026-02-12T12:00:00+00:00,turbine-1,2026-02-14T10:00:00+00:00,46,0.13186,model-weather-experiment-640618020c918c13b93a05de,ecmwf00-a2d77f25-assumed-7b9a425c47be-1-20260212,2026-02-12T00:00:00+00:00,2026-02-12T10:00:00+00:00
2026-02-12T12:00:00+00:00,turbine-1,2026-02-14T11:00:00+00:00,47,0.097939,model-weather-experiment-640618020c918c13b93a05de,ecmwf00-a2d77f25-assumed-7b9a425c47be-1-20260212,2026-02-12T00:00:00+00:00,2026-02-12T10:00:00+00:00
2026-02-12T12:00:00+00:00,turbine-1,2026-02-14T12:00:00+00:00,48,0.12903,model-weather-experiment-640618020c918c13b93a05de,ecmwf00-a2d77f25-assumed-7b9a425c47be-1-20260212,2026-02-12T00:00:00+00:00,2026-02-12T10:00:00+00:00
2026-02-12T12:00:00+00:00,turbine-2,2026-02-12T13:00:00+00:00,1,0.132942,model-weather-experiment-640618020c918c13b93a05de,ecmwf00-a2d77f25-assumed-7b9a425c47be-2-20260212,2026-02-12T00:00:00+00:00,2026-02-12T10:00:00+00:00
2026-02-12T12:00:00+00:00,turbine-2,2026-02-12T14:00:00+00:00,2,0.148169,model-weather-experiment-640618020c918c13b93a05de,ecmwf00-a2d77f25-assumed-7b9a425c47be-2-20260212,2026-02-12T00:00:00+00:00,2026-02-12T10:00:00+00:00
2026-02-12T12:00:00+00:00,turbine-2,2026-02-12T15:00:00+00:00,3,0.073086,model-weather-experiment-640618020c918c13b93a05de,ecmwf00-a2d77f25-assumed-7b9a425c47be-2-20260212,2026-02-12T00:00:00+00:00,2026-02-12T10:00:00+00:00
2026-02-12T12:00:00+00:00,turbine-2,2026-02-12T16:00:00+00:00,4,0.088201,model-weather-experiment-640618020c918c13b93a05de,ecmwf00-a2d77f25-assumed-7b9a425c47be-2-20260212,2026-02-12T00:00:00+00:00,2026-02-12T10:00:00+00:00
2026-02-12T12:00:00+00:00,turbine-2,2026-02-12T17:00:00+00:00,5,0.096697,model-weather-experiment-640618020c918c13b93a05de,ecmwf00-a2d77f25-assumed-7b9a425c47be-2-20260212,2026-02-12T00:00:00+00:00,2026-02-12T10:00:00+00:00
2026-02-12T12:00:00+00:00,turbine-2,2026-02-12T18:00:00+00:00,6,0.047283,model-weather-experiment-640618020c918c13b93a05de,ecmwf00-a2d77f25-assumed-7b9a425c47be-2-20260212,2026-02-12T00:00:00+00:00,2026-02-12T10:00:00+00:00
2026-02-12T12:00:00+00:00,turbine-2,2026-02-12T19:00:00+00:00,7,0.034297,model-weather-experiment-640618020c918c13b93a05de,ecmwf00-a2d77f25-assumed-7b9a425c47be-2-20260212,2026-02-12T00:00:00+00:00,2026-02-12T10:00:00+00:00
2026-02-12T12:00:00+00:00,turbine-2,2026-02-12T20:00:00+00:00,8,0.03345,model-weather-experiment-640618020c918c13b93a05de,ecmwf00-a2d77f25-assumed-7b9a425c47be-2-20260212,2026-02-12T00:00:00+00:00,2026-02-12T10:00:00+00:00
2026-02-12T12:00:00+00:00,turbine-2,2026-02-12T21:00:00+00:00,9,0.031839,model-weather-experiment-640618020c918c13b93a05de,ecmwf00-a2d77f25-assumed-7b9a425c47be-2-20260212,2026-02-12T00:00:00+00:00,2026-02-12T10:00:00+00:00
2026-02-12T12:00:00+00:00,turbine-2,2026-02-12T22:00:00+00:00,10,0.03165,model-weather-experiment-640618020c918c13b93a05de,ecmwf00-a2d77f25-assumed-7b9a425c47be-2-20260212,2026-02-12T00:00:00+00:00,2026-02-12T10:00:00+00:00
2026-02-12T12:00:00+00:00,turbine-2,2026-02-12T23:00:00+00:00,11,0.028293,model-weather-experiment-640618020c918c13b93a05de,ecmwf00-a2d77f25-assumed-7b9a425c47be-2-20260212,2026-02-12T00:00:00+00:00,2026-02-12T10:00:00+00:00
2026-02-12T12:00:00+00:00,turbine-2,2026-02-13T00:00:00+00:00,12,0.03931,model-weather-experiment-640618020c918c13b93a05de,ecmwf00-a2d77f25-assumed-7b9a425c47be-2-20260212,2026-02-12T00:00:00+00:00,2026-02-12T10:00:00+00:00
2026-02-12T12:00:00+00:00,turbine-2,2026-02-13T01:00:00+00:00,13,0.040337,model-weather-experiment-640618020c918c13b93a05de,ecmwf00-a2d77f25-assumed-7b9a425c47be-2-20260212,2026-02-12T00:00:00+00:00,2026-02-12T10:00:00+00:00
2026-02-12T12:00:00+00:00,turbine-2,2026-02-13T02:00:00+00:00,14,0.03929,model-weather-experiment-640618020c918c13b93a05de,ecmwf00-a2d77f25-assumed-7b9a425c47be-2-20260212,2026-02-12T00:00:00+00:00,2026-02-12T10:00:00+00:00
2026-02-12T12:00:00+00:00,turbine-2,2026-02-13T03:00:00+00:00,15,0.033674,model-weather-experiment-640618020c918c13b93a05de,ecmwf00-a2d77f25-assumed-7b9a425c47be-2-20260212,2026-02-12T00:00:00+00:00,2026-02-12T10:00:00+00:00
2026-02-12T12:00:00+00:00,turbine-2,2026-02-13T04:00:00+00:00,16,0.059762,model-weather-experiment-640618020c918c13b93a05de,ecmwf00-a2d77f25-assumed-7b9a425c47be-2-20260212,2026-02-12T00:00:00+00:00,2026-02-12T10:00:00+00:00
2026-02-12T12:00:00+00:00,turbine-2,2026-02-13T05:00:00+00:00,17,0.03766,model-weather-experiment-640618020c918c13b93a05de,ecmwf00-a2d77f25-assumed-7b9a425c47be-2-20260212,2026-02-12T00:00:00+00:00,2026-02-12T10:00:00+00:00
2026-02-12T12:00:00+00:00,turbine-2,2026-02-13T06:00:00+00:00,18,0.040335,model-weather-experiment-640618020c918c13b93a05de,ecmwf00-a2d77f25-assumed-7b9a425c47be-2-20260212,2026-02-12T00:00:00+00:00,2026-02-12T10:00:00+00:00
2026-02-12T12:00:00+00:00,turbine-2,2026-02-13T07:00:00+00:00,19,0.064942,model-weather-experiment-640618020c918c13b93a05de,ecmwf00-a2d77f25-assumed-7b9a425c47be-2-20260212,2026-02-12T00:00:00+00:00,2026-02-12T10:00:00+00:00
2026-02-12T12:00:00+00:00,turbine-2,2026-02-13T08:00:00+00:00,20,0.096442,model-weather-experiment-640618020c918c13b93a05de,ecmwf00-a2d77f25-assumed-7b9a425c47be-2-20260212,2026-02-12T00:00:00+00:00,2026-02-12T10:00:00+00:00
2026-02-12T12:00:00+00:00,turbine-2,2026-02-13T09:00:00+00:00,21,0.083695,model-weather-experiment-640618020c918c13b93a05de,ecmwf00-a2d77f25-assumed-7b9a425c47be-2-20260212,2026-02-12T00:00:00+00:00,2026-02-12T10:00:00+00:00
2026-02-12T12:00:00+00:00,turbine-2,2026-02-13T10:00:00+00:00,22,0.111103,model-weather-experiment-640618020c918c13b93a05de,ecmwf00-a2d77f25-assumed-7b9a425c47be-2-20260212,2026-02-12T00:00:00+00:00,2026-02-12T10:00:00+00:00
2026-02-12T12:00:00+00:00,turbine-2,2026-02-13T11:00:00+00:00,23,0.115129,model-weather-experiment-640618020c918c13b93a05de,ecmwf00-a2d77f25-assumed-7b9a425c47be-2-20260212,2026-02-12T00:00:00+00:00,2026-02-12T10:00:00+00:00
2026-02-12T12:00:00+00:00,turbine-2,2026-02-13T12:00:00+00:00,24,0.14254,model-weather-experiment-640618020c918c13b93a05de,ecmwf00-a2d77f25-assumed-7b9a425c47be-2-20260212,2026-02-12T00:00:00+00:00,2026-02-12T10:00:00+00:00
2026-02-12T12:00:00+00:00,turbine-2,2026-02-13T13:00:00+00:00,25,0.228694,model-weather-experiment-640618020c918c13b93a05de,ecmwf00-a2d77f25-assumed-7b9a425c47be-2-20260212,2026-02-12T00:00:00+00:00,2026-02-12T10:00:00+00:00
2026-02-12T12:00:00+00:00,turbine-2,2026-02-13T14:00:00+00:00,26,0.372957,model-weather-experiment-640618020c918c13b93a05de,ecmwf00-a2d77f25-assumed-7b9a425c47be-2-20260212,2026-02-12T00:00:00+00:00,2026-02-12T10:00:00+00:00
2026-02-12T12:00:00+00:00,turbine-2,2026-02-13T15:00:00+00:00,27,0.380879,model-weather-experiment-640618020c918c13b93a05de,ecmwf00-a2d77f25-assumed-7b9a425c47be-2-20260212,2026-02-12T00:00:00+00:00,2026-02-12T10:00:00+00:00
2026-02-12T12:00:00+00:00,turbine-2,2026-02-13T16:00:00+00:00,28,0.655964,model-weather-experiment-640618020c918c13b93a05de,ecmwf00-a2d77f25-assumed-7b9a425c47be-2-20260212,2026-02-12T00:00:00+00:00,2026-02-12T10:00:00+00:00
2026-02-12T12:00:00+00:00,turbine-2,2026-02-13T17:00:00+00:00,29,0.552787,model-weather-experiment-640618020c918c13b93a05de,ecmwf00-a2d77f25-assumed-7b9a425c47be-2-20260212,2026-02-12T00:00:00+00:00,2026-02-12T10:00:00+00:00
2026-02-12T12:00:00+00:00,turbine-2,2026-02-13T18:00:00+00:00,30,0.64398,model-weather-experiment-640618020c918c13b93a05de,ecmwf00-a2d77f25-assumed-7b9a425c47be-2-20260212,2026-02-12T00:00:00+00:00,2026-02-12T10:00:00+00:00
2026-02-12T12:00:00+00:00,turbine-2,2026-02-13T19:00:00+00:00,31,0.811389,model-weather-experiment-640618020c918c13b93a05de,ecmwf00-a2d77f25-assumed-7b9a425c47be-2-20260212,2026-02-12T00:00:00+00:00,2026-02-12T10:00:00+00:00
2026-02-12T12:00:00+00:00,turbine-2,2026-02-13T20:00:00+00:00,32,0.819728,model-weather-experiment-640618020c918c13b93a05de,ecmwf00-a2d77f25-assumed-7b9a425c47be-2-20260212,2026-02-12T00:00:00+00:00,2026-02-12T10:00:00+00:00
2026-02-12T12:00:00+00:00,turbine-2,2026-02-13T21:00:00+00:00,33,0.792469,model-weather-experiment-640618020c918c13b93a05de,ecmwf00-a2d77f25-assumed-7b9a425c47be-2-20260212,2026-02-12T00:00:00+00:00,2026-02-12T10:00:00+00:00
2026-02-12T12:00:00+00:00,turbine-2,2026-02-13T22:00:00+00:00,34,0.800588,model-weather-experiment-640618020c918c13b93a05de,ecmwf00-a2d77f25-assumed-7b9a425c47be-2-20260212,2026-02-12T00:00:00+00:00,2026-02-12T10:00:00+00:00
2026-02-12T12:00:00+00:00,turbine-2,2026-02-13T23:00:00+00:00,35,0.60429,model-weather-experiment-640618020c918c13b93a05de,ecmwf00-a2d77f25-assumed-7b9a425c47be-2-20260212,2026-02-12T00:00:00+00:00,2026-02-12T10:00:00+00:00
2026-02-12T12:00:00+00:00,turbine-2,2026-02-14T00:00:00+00:00,36,0.204849,model-weather-experiment-640618020c918c13b93a05de,ecmwf00-a2d77f25-assumed-7b9a425c47be-2-20260212,2026-02-12T00:00:00+00:00,2026-02-12T10:00:00+00:00
2026-02-12T12:00:00+00:00,turbine-2,2026-02-14T01:00:00+00:00,37,0.097155,model-weather-experiment-640618020c918c13b93a05de,ecmwf00-a2d77f25-assumed-7b9a425c47be-2-20260212,2026-02-12T00:00:00+00:00,2026-02-12T10:00:00+00:00
2026-02-12T12:00:00+00:00,turbine-2,2026-02-14T02:00:00+00:00,38,0.093385,model-weather-experiment-640618020c918c13b93a05de,ecmwf00-a2d77f25-assumed-7b9a425c47be-2-20260212,2026-02-12T00:00:00+00:00,2026-02-12T10:00:00+00:00
2026-02-12T12:00:00+00:00,turbine-2,2026-02-14T03:00:00+00:00,39,0.056261,model-weather-experiment-640618020c918c13b93a05de,ecmwf00-a2d77f25-assumed-7b9a425c47be-2-20260212,2026-02-12T00:00:00+00:00,2026-02-12T10:00:00+00:00
2026-02-12T12:00:00+00:00,turbine-2,2026-02-14T04:00:00+00:00,40,0.052712,model-weather-experiment-640618020c918c13b93a05de,ecmwf00-a2d77f25-assumed-7b9a425c47be-2-20260212,2026-02-12T00:00:00+00:00,2026-02-12T10:00:00+00:00
2026-02-12T12:00:00+00:00,turbine-2,2026-02-14T05:00:00+00:00,41,0.089337,model-weather-experiment-640618020c918c13b93a05de,ecmwf00-a2d77f25-assumed-7b9a425c47be-2-20260212,2026-02-12T00:00:00+00:00,2026-02-12T10:00:00+00:00
2026-02-12T12:00:00+00:00,turbine-2,2026-02-14T06:00:00+00:00,42,0.043105,model-weather-experiment-640618020c918c13b93a05de,ecmwf00-a2d77f25-assumed-7b9a425c47be-2-20260212,2026-02-12T00:00:00+00:00,2026-02-12T10:00:00+00:00
2026-02-12T12:00:00+00:00,turbine-2,2026-02-14T07:00:00+00:00,43,0.046676,model-weather-experiment-640618020c918c13b93a05de,ecmwf00-a2d77f25-assumed-7b9a425c47be-2-20260212,2026-02-12T00:00:00+00:00,2026-02-12T10:00:00+00:00
2026-02-12T12:00:00+00:00,turbine-2,2026-02-14T08:00:00+00:00,44,0.048192,model-weather-experiment-640618020c918c13b93a05de,ecmwf00-a2d77f25-assumed-7b9a425c47be-2-20260212,2026-02-12T00:00:00+00:00,2026-02-12T10:00:00+00:00
2026-02-12T12:00:00+00:00,turbine-2,2026-02-14T09:00:00+00:00,45,0.051033,model-weather-experiment-640618020c918c13b93a05de,ecmwf00-a2d77f25-assumed-7b9a425c47be-2-20260212,2026-02-12T00:00:00+00:00,2026-02-12T10:00:00+00:00
2026-02-12T12:00:00+00:00,turbine-2,2026-02-14T10:00:00+00:00,46,0.08314,model-weather-experiment-640618020c918c13b93a05de,ecmwf00-a2d77f25-assumed-7b9a425c47be-2-20260212,2026-02-12T00:00:00+00:00,2026-02-12T10:00:00+00:00
2026-02-12T12:00:00+00:00,turbine-2,2026-02-14T11:00:00+00:00,47,0.066146,model-weather-experiment-640618020c918c13b93a05de,ecmwf00-a2d77f25-assumed-7b9a425c47be-2-20260212,2026-02-12T00:00:00+00:00,2026-02-12T10:00:00+00:00
2026-02-12T12:00:00+00:00,turbine-2,2026-02-14T12:00:00+00:00,48,0.110113,model-weather-experiment-640618020c918c13b93a05de,ecmwf00-a2d77f25-assumed-7b9a425c47be-2-20260212,2026-02-12T00:00:00+00:00,2026-02-12T10:00:00+00:00
2026-02-13T12:00:00+00:00,turbine-1,2026-02-13T13:00:00+00:00,1,0.077882,model-weather-experiment-640618020c918c13b93a05de,ecmwf00-a2d77f25-assumed-7b9a425c47be-1-20260213,2026-02-13T00:00:00+00:00,2026-02-13T10:00:00+00:00
2026-02-13T12:00:00+00:00,turbine-1,2026-02-13T14:00:00+00:00,2,0.127362,model-weather-experiment-640618020c918c13b93a05de,ecmwf00-a2d77f25-assumed-7b9a425c47be-1-20260213,2026-02-13T00:00:00+00:00,2026-02-13T10:00:00+00:00
2026-02-13T12:00:00+00:00,turbine-1,2026-02-13T15:00:00+00:00,3,0.363008,model-weather-experiment-640618020c918c13b93a05de,ecmwf00-a2d77f25-assumed-7b9a425c47be-1-20260213,2026-02-13T00:00:00+00:00,2026-02-13T10:00:00+00:00
2026-02-13T12:00:00+00:00,turbine-1,2026-02-13T16:00:00+00:00,4,0.548367,model-weather-experiment-640618020c918c13b93a05de,ecmwf00-a2d77f25-assumed-7b9a425c47be-1-20260213,2026-02-13T00:00:00+00:00,2026-02-13T10:00:00+00:00
2026-02-13T12:00:00+00:00,turbine-1,2026-02-13T17:00:00+00:00,5,0.704481,model-weather-experiment-640618020c918c13b93a05de,ecmwf00-a2d77f25-assumed-7b9a425c47be-1-20260213,2026-02-13T00:00:00+00:00,2026-02-13T10:00:00+00:00
2026-02-13T12:00:00+00:00,turbine-1,2026-02-13T18:00:00+00:00,6,0.756041,model-weather-experiment-640618020c918c13b93a05de,ecmwf00-a2d77f25-assumed-7b9a425c47be-1-20260213,2026-02-13T00:00:00+00:00,2026-02-13T10:00:00+00:00
2026-02-13T12:00:00+00:00,turbine-1,2026-02-13T19:00:00+00:00,7,0.793732,model-weather-experiment-640618020c918c13b93a05de,ecmwf00-a2d77f25-assumed-7b9a425c47be-1-20260213,2026-02-13T00:00:00+00:00,2026-02-13T10:00:00+00:00
2026-02-13T12:00:00+00:00,turbine-1,2026-02-13T20:00:00+00:00,8,0.837191,model-weather-experiment-640618020c918c13b93a05de,ecmwf00-a2d77f25-assumed-7b9a425c47be-1-20260213,2026-02-13T00:00:00+00:00,2026-02-13T10:00:00+00:00
2026-02-13T12:00:00+00:00,turbine-1,2026-02-13T21:00:00+00:00,9,0.868413,model-weather-experiment-640618020c918c13b93a05de,ecmwf00-a2d77f25-assumed-7b9a425c47be-1-20260213,2026-02-13T00:00:00+00:00,2026-02-13T10:00:00+00:00
2026-02-13T12:00:00+00:00,turbine-1,2026-02-13T22:00:00+00:00,10,0.675113,model-weather-experiment-640618020c918c13b93a05de,ecmwf00-a2d77f25-assumed-7b9a425c47be-1-20260213,2026-02-13T00:00:00+00:00,2026-02-13T10:00:00+00:00
2026-02-13T12:00:00+00:00,turbine-1,2026-02-13T23:00:00+00:00,11,0.664736,model-weather-experiment-640618020c918c13b93a05de,ecmwf00-a2d77f25-assumed-7b9a425c47be-1-20260213,2026-02-13T00:00:00+00:00,2026-02-13T10:00:00+00:00
2026-02-13T12:00:00+00:00,turbine-1,2026-02-14T00:00:00+00:00,12,0.541176,model-weather-experiment-640618020c918c13b93a05de,ecmwf00-a2d77f25-assumed-7b9a425c47be-1-20260213,2026-02-13T00:00:00+00:00,2026-02-13T10:00:00+00:00
2026-02-13T12:00:00+00:00,turbine-1,2026-02-14T01:00:00+00:00,13,0.376591,model-weather-experiment-640618020c918c13b93a05de,ecmwf00-a2d77f25-assumed-7b9a425c47be-1-20260213,2026-02-13T00:00:00+00:00,2026-02-13T10:00:00+00:00
2026-02-13T12:00:00+00:00,turbine-1,2026-02-14T02:00:00+00:00,14,0.110996,model-weather-experiment-640618020c918c13b93a05de,ecmwf00-a2d77f25-assumed-7b9a425c47be-1-20260213,2026-02-13T00:00:00+00:00,2026-02-13T10:00:00+00:00
2026-02-13T12:00:00+00:00,turbine-1,2026-02-14T03:00:00+00:00,15,0.110565,model-weather-experiment-640618020c918c13b93a05de,ecmwf00-a2d77f25-assumed-7b9a425c47be-1-20260213,2026-02-13T00:00:00+00:00,2026-02-13T10:00:00+00:00
2026-02-13T12:00:00+00:00,turbine-1,2026-02-14T04:00:00+00:00,16,0.056186,model-weather-experiment-640618020c918c13b93a05de,ecmwf00-a2d77f25-assumed-7b9a425c47be-1-20260213,2026-02-13T00:00:00+00:00,2026-02-13T10:00:00+00:00
2026-02-13T12:00:00+00:00,turbine-1,2026-02-14T05:00:00+00:00,17,0.04992,model-weather-experiment-640618020c918c13b93a05de,ecmwf00-a2d77f25-assumed-7b9a425c47be-1-20260213,2026-02-13T00:00:00+00:00,2026-02-13T10:00:00+00:00
2026-02-13T12:00:00+00:00,turbine-1,2026-02-14T06:00:00+00:00,18,0.034093,model-weather-experiment-640618020c918c13b93a05de,ecmwf00-a2d77f25-assumed-7b9a425c47be-1-20260213,2026-02-13T00:00:00+00:00,2026-02-13T10:00:00+00:00
2026-02-13T12:00:00+00:00,turbine-1,2026-02-14T07:00:00+00:00,19,0.037973,model-weather-experiment-640618020c918c13b93a05de,ecmwf00-a2d77f25-assumed-7b9a425c47be-1-20260213,2026-02-13T00:00:00+00:00,2026-02-13T10:00:00+00:00
2026-02-13T12:00:00+00:00,turbine-1,2026-02-14T08:00:00+00:00,20,0.034079,model-weather-experiment-640618020c918c13b93a05de,ecmwf00-a2d77f25-assumed-7b9a425c47be-1-20260213,2026-02-13T00:00:00+00:00,2026-02-13T10:00:00+00:00
2026-02-13T12:00:00+00:00,turbine-1,2026-02-14T09:00:00+00:00,21,0.034263,model-weather-experiment-640618020c918c13b93a05de,ecmwf00-a2d77f25-assumed-7b9a425c47be-1-20260213,2026-02-13T00:00:00+00:00,2026-02-13T10:00:00+00:00
2026-02-13T12:00:00+00:00,turbine-1,2026-02-14T10:00:00+00:00,22,0.056681,model-weather-experiment-640618020c918c13b93a05de,ecmwf00-a2d77f25-assumed-7b9a425c47be-1-20260213,2026-02-13T00:00:00+00:00,2026-02-13T10:00:00+00:00
2026-02-13T12:00:00+00:00,turbine-1,2026-02-14T11:00:00+00:00,23,0.043767,model-weather-experiment-640618020c918c13b93a05de,ecmwf00-a2d77f25-assumed-7b9a425c47be-1-20260213,2026-02-13T00:00:00+00:00,2026-02-13T10:00:00+00:00
2026-02-13T12:00:00+00:00,turbine-1,2026-02-14T12:00:00+00:00,24,0.093108,model-weather-experiment-640618020c918c13b93a05de,ecmwf00-a2d77f25-assumed-7b9a425c47be-1-20260213,2026-02-13T00:00:00+00:00,2026-02-13T10:00:00+00:00
2026-02-13T12:00:00+00:00,turbine-1,2026-02-14T13:00:00+00:00,25,0.125321,model-weather-experiment-640618020c918c13b93a05de,ecmwf00-a2d77f25-assumed-7b9a425c47be-1-20260213,2026-02-13T00:00:00+00:00,2026-02-13T10:00:00+00:00
2026-02-13T12:00:00+00:00,turbine-1,2026-02-14T14:00:00+00:00,26,0.106556,model-weather-experiment-640618020c918c13b93a05de,ecmwf00-a2d77f25-assumed-7b9a425c47be-1-20260213,2026-02-13T00:00:00+00:00,2026-02-13T10:00:00+00:00
2026-02-13T12:00:00+00:00,turbine-1,2026-02-14T15:00:00+00:00,27,0.183771,model-weather-experiment-640618020c918c13b93a05de,ecmwf00-a2d77f25-assumed-7b9a425c47be-1-20260213,2026-02-13T00:00:00+00:00,2026-02-13T10:00:00+00:00
2026-02-13T12:00:00+00:00,turbine-1,2026-02-14T16:00:00+00:00,28,0.120436,model-weather-experiment-640618020c918c13b93a05de,ecmwf00-a2d77f25-assumed-7b9a425c47be-1-20260213,2026-02-13T00:00:00+00:00,2026-02-13T10:00:00+00:00
2026-02-13T12:00:00+00:00,turbine-1,2026-02-14T17:00:00+00:00,29,0.038949,model-weather-experiment-640618020c918c13b93a05de,ecmwf00-a2d77f25-assumed-7b9a425c47be-1-20260213,2026-02-13T00:00:00+00:00,2026-02-13T10:00:00+00:00
2026-02-13T12:00:00+00:00,turbine-1,2026-02-14T18:00:00+00:00,30,0.038549,model-weather-experiment-640618020c918c13b93a05de,ecmwf00-a2d77f25-assumed-7b9a425c47be-1-20260213,2026-02-13T00:00:00+00:00,2026-02-13T10:00:00+00:00
2026-02-13T12:00:00+00:00,turbine-1,2026-02-14T19:00:00+00:00,31,0.052942,model-weather-experiment-640618020c918c13b93a05de,ecmwf00-a2d77f25-assumed-7b9a425c47be-1-20260213,2026-02-13T00:00:00+00:00,2026-02-13T10:00:00+00:00
2026-02-13T12:00:00+00:00,turbine-1,2026-02-14T20:00:00+00:00,32,0.039135,model-weather-experiment-640618020c918c13b93a05de,ecmwf00-a2d77f25-assumed-7b9a425c47be-1-20260213,2026-02-13T00:00:00+00:00,2026-02-13T10:00:00+00:00
2026-02-13T12:00:00+00:00,turbine-1,2026-02-14T21:00:00+00:00,33,0.056702,model-weather-experiment-640618020c918c13b93a05de,ecmwf00-a2d77f25-assumed-7b9a425c47be-1-20260213,2026-02-13T00:00:00+00:00,2026-02-13T10:00:00+00:00
2026-02-13T12:00:00+00:00,turbine-1,2026-02-14T22:00:00+00:00,34,0.08132,model-weather-experiment-640618020c918c13b93a05de,ecmwf00-a2d77f25-assumed-7b9a425c47be-1-20260213,2026-02-13T00:00:00+00:00,2026-02-13T10:00:00+00:00
2026-02-13T12:00:00+00:00,turbine-1,2026-02-14T23:00:00+00:00,35,0.111143,model-weather-experiment-640618020c918c13b93a05de,ecmwf00-a2d77f25-assumed-7b9a425c47be-1-20260213,2026-02-13T00:00:00+00:00,2026-02-13T10:00:00+00:00
2026-02-13T12:00:00+00:00,turbine-1,2026-02-15T00:00:00+00:00,36,0.184765,model-weather-experiment-640618020c918c13b93a05de,ecmwf00-a2d77f25-assumed-7b9a425c47be-1-20260213,2026-02-13T00:00:00+00:00,2026-02-13T10:00:00+00:00
2026-02-13T12:00:00+00:00,turbine-1,2026-02-15T01:00:00+00:00,37,0.26101,model-weather-experiment-640618020c918c13b93a05de,ecmwf00-a2d77f25-assumed-7b9a425c47be-1-20260213,2026-02-13T00:00:00+00:00,2026-02-13T10:00:00+00:00
2026-02-13T12:00:00+00:00,turbine-1,2026-02-15T02:00:00+00:00,38,0.395042,model-weather-experiment-640618020c918c13b93a05de,ecmwf00-a2d77f25-assumed-7b9a425c47be-1-20260213,2026-02-13T00:00:00+00:00,2026-02-13T10:00:00+00:00
2026-02-13T12:00:00+00:00,turbine-1,2026-02-15T03:00:00+00:00,39,0.531622,model-weather-experiment-640618020c918c13b93a05de,ecmwf00-a2d77f25-assumed-7b9a425c47be-1-20260213,2026-02-13T00:00:00+00:00,2026-02-13T10:00:00+00:00
2026-02-13T12:00:00+00:00,turbine-1,2026-02-15T04:00:00+00:00,40,0.538146,model-weather-experiment-640618020c918c13b93a05de,ecmwf00-a2d77f25-assumed-7b9a425c47be-1-20260213,2026-02-13T00:00:00+00:00,2026-02-13T10:00:00+00:00
2026-02-13T12:00:00+00:00,turbine-1,2026-02-15T05:00:00+00:00,41,0.71707,model-weather-experiment-640618020c918c13b93a05de,ecmwf00-a2d77f25-assumed-7b9a425c47be-1-20260213,2026-02-13T00:00:00+00:00,2026-02-13T10:00:00+00:00
2026-02-13T12:00:00+00:00,turbine-1,2026-02-15T06:00:00+00:00,42,0.897129,model-weather-experiment-640618020c918c13b93a05de,ecmwf00-a2d77f25-assumed-7b9a425c47be-1-20260213,2026-02-13T00:00:00+00:00,2026-02-13T10:00:00+00:00
2026-02-13T12:00:00+00:00,turbine-1,2026-02-15T07:00:00+00:00,43,0.929837,model-weather-experiment-640618020c918c13b93a05de,ecmwf00-a2d77f25-assumed-7b9a425c47be-1-20260213,2026-02-13T00:00:00+00:00,2026-02-13T10:00:00+00:00
2026-02-13T12:00:00+00:00,turbine-1,2026-02-15T08:00:00+00:00,44,0.943127,model-weather-experiment-640618020c918c13b93a05de,ecmwf00-a2d77f25-assumed-7b9a425c47be-1-20260213,2026-02-13T00:00:00+00:00,2026-02-13T10:00:00+00:00
2026-02-13T12:00:00+00:00,turbine-1,2026-02-15T09:00:00+00:00,45,0.976628,model-weather-experiment-640618020c918c13b93a05de,ecmwf00-a2d77f25-assumed-7b9a425c47be-1-20260213,2026-02-13T00:00:00+00:00,2026-02-13T10:00:00+00:00
2026-02-13T12:00:00+00:00,turbine-1,2026-02-15T10:00:00+00:00,46,0.984402,model-weather-experiment-640618020c918c13b93a05de,ecmwf00-a2d77f25-assumed-7b9a425c47be-1-20260213,2026-02-13T00:00:00+00:00,2026-02-13T10:00:00+00:00
2026-02-13T12:00:00+00:00,turbine-1,2026-02-15T11:00:00+00:00,47,0.987943,model-weather-experiment-640618020c918c13b93a05de,ecmwf00-a2d77f25-assumed-7b9a425c47be-1-20260213,2026-02-13T00:00:00+00:00,2026-02-13T10:00:00+00:00
2026-02-13T12:00:00+00:00,turbine-1,2026-02-15T12:00:00+00:00,48,0.93902,model-weather-experiment-640618020c918c13b93a05de,ecmwf00-a2d77f25-assumed-7b9a425c47be-1-20260213,2026-02-13T00:00:00+00:00,2026-02-13T10:00:00+00:00
2026-02-13T12:00:00+00:00,turbine-2,2026-02-13T13:00:00+00:00,1,0.093384,model-weather-experiment-640618020c918c13b93a05de,ecmwf00-a2d77f25-assumed-7b9a425c47be-2-20260213,2026-02-13T00:00:00+00:00,2026-02-13T10:00:00+00:00
2026-02-13T12:00:00+00:00,turbine-2,2026-02-13T14:00:00+00:00,2,0.119601,model-weather-experiment-640618020c918c13b93a05de,ecmwf00-a2d77f25-assumed-7b9a425c47be-2-20260213,2026-02-13T00:00:00+00:00,2026-02-13T10:00:00+00:00
2026-02-13T12:00:00+00:00,turbine-2,2026-02-13T15:00:00+00:00,3,0.320891,model-weather-experiment-640618020c918c13b93a05de,ecmwf00-a2d77f25-assumed-7b9a425c47be-2-20260213,2026-02-13T00:00:00+00:00,2026-02-13T10:00:00+00:00
2026-02-13T12:00:00+00:00,turbine-2,2026-02-13T16:00:00+00:00,4,0.490525,model-weather-experiment-640618020c918c13b93a05de,ecmwf00-a2d77f25-assumed-7b9a425c47be-2-20260213,2026-02-13T00:00:00+00:00,2026-02-13T10:00:00+00:00
2026-02-13T12:00:00+00:00,turbine-2,2026-02-13T17:00:00+00:00,5,0.72466,model-weather-experiment-640618020c918c13b93a05de,ecmwf00-a2d77f25-assumed-7b9a425c47be-2-20260213,2026-02-13T00:00:00+00:00,2026-02-13T10:00:00+00:00
2026-02-13T12:00:00+00:00,turbine-2,2026-02-13T18:00:00+00:00,6,0.745527,model-weather-experiment-640618020c918c13b93a05de,ecmwf00-a2d77f25-assumed-7b9a425c47be-2-20260213,2026-02-13T00:00:00+00:00,2026-02-13T10:00:00+00:00
2026-02-13T12:00:00+00:00,turbine-2,2026-02-13T19:00:00+00:00,7,0.850588,model-weather-experiment-640618020c918c13b93a05de,ecmwf00-a2d77f25-assumed-7b9a425c47be-2-20260213,2026-02-13T00:00:00+00:00,2026-02-13T10:00:00+00:00
2026-02-13T12:00:00+00:00,turbine-2,2026-02-13T20:00:00+00:00,8,0.911588,model-weather-experiment-640618020c918c13b93a05de,ecmwf00-a2d77f25-assumed-7b9a425c47be-2-20260213,2026-02-13T00:00:00+00:00,2026-02-13T10:00:00+00:00
2026-02-13T12:00:00+00:00,turbine-2,2026-02-13T21:00:00+00:00,9,0.827969,model-weather-experiment-640618020c918c13b93a05de,ecmwf00-a2d77f25-assumed-7b9a425c47be-2-20260213,2026-02-13T00:00:00+00:00,2026-02-13T10:00:00+00:00
2026-02-13T12:00:00+00:00,turbine-2,2026-02-13T22:00:00+00:00,10,0.602624,model-weather-experiment-640618020c918c13b93a05de,ecmwf00-a2d77f25-assumed-7b9a425c47be-2-20260213,2026-02-13T00:00:00+00:00,2026-02-13T10:00:00+00:00
2026-02-13T12:00:00+00:00,turbine-2,2026-02-13T23:00:00+00:00,11,0.604582,model-weather-experiment-640618020c918c13b93a05de,ecmwf00-a2d77f25-assumed-7b9a425c47be-2-20260213,2026-02-13T00:00:00+00:00,2026-02-13T10:00:00+00:00
2026-02-13T12:00:00+00:00,turbine-2,2026-02-14T00:00:00+00:00,12,0.456128,model-weather-experiment-640618020c918c13b93a05de,ecmwf00-a2d77f25-assumed-7b9a425c47be-2-20260213,2026-02-13T00:00:00+00:00,2026-02-13T10:00:00+00:00
2026-02-13T12:00:00+00:00,turbine-2,2026-02-14T01:00:00+00:00,13,0.299676,model-weather-experiment-640618020c918c13b93a05de,ecmwf00-a2d77f25-assumed-7b9a425c47be-2-20260213,2026-02-13T00:00:00+00:00,2026-02-13T10:00:00+00:00
2026-02-13T12:00:00+00:00,turbine-2,2026-02-14T02:00:00+00:00,14,0.113067,model-weather-experiment-640618020c918c13b93a05de,ecmwf00-a2d77f25-assumed-7b9a425c47be-2-20260213,2026-02-13T00:00:00+00:00,2026-02-13T10:00:00+00:00
2026-02-13T12:00:00+00:00,turbine-2,2026-02-14T03:00:00+00:00,15,0.106551,model-weather-experiment-640618020c918c13b93a05de,ecmwf00-a2d77f25-assumed-7b9a425c47be-2-20260213,2026-02-13T00:00:00+00:00,2026-02-13T10:00:00+00:00
2026-02-13T12:00:00+00:00,turbine-2,2026-02-14T04:00:00+00:00,16,0.068002,model-weather-experiment-640618020c918c13b93a05de,ecmwf00-a2d77f25-assumed-7b9a425c47be-2-20260213,2026-02-13T00:00:00+00:00,2026-02-13T10:00:00+00:00
2026-02-13T12:00:00+00:00,turbine-2,2026-02-14T05:00:00+00:00,17,0.068412,model-weather-experiment-640618020c918c13b93a05de,ecmwf00-a2d77f25-assumed-7b9a425c47be-2-20260213,2026-02-13T00:00:00+00:00,2026-02-13T10:00:00+00:00
2026-02-13T12:00:00+00:00,turbine-2,2026-02-14T06:00:00+00:00,18,0.062851,model-weather-experiment-640618020c918c13b93a05de,ecmwf00-a2d77f25-assumed-7b9a425c47be-2-20260213,2026-02-13T00:00:00+00:00,2026-02-13T10:00:00+00:00
2026-02-13T12:00:00+00:00,turbine-2,2026-02-14T07:00:00+00:00,19,0.042393,model-weather-experiment-640618020c918c13b93a05de,ecmwf00-a2d77f25-assumed-7b9a425c47be-2-20260213,2026-02-13T00:00:00+00:00,2026-02-13T10:00:00+00:00
2026-02-13T12:00:00+00:00,turbine-2,2026-02-14T08:00:00+00:00,20,0.045087,model-weather-experiment-640618020c918c13b93a05de,ecmwf00-a2d77f25-assumed-7b9a425c47be-2-20260213,2026-02-13T00:00:00+00:00,2026-02-13T10:00:00+00:00
2026-02-13T12:00:00+00:00,turbine-2,2026-02-14T09:00:00+00:00,21,0.040887,model-weather-experiment-640618020c918c13b93a05de,ecmwf00-a2d77f25-assumed-7b9a425c47be-2-20260213,2026-02-13T00:00:00+00:00,2026-02-13T10:00:00+00:00
2026-02-13T12:00:00+00:00,turbine-2,2026-02-14T10:00:00+00:00,22,0.053547,model-weather-experiment-640618020c918c13b93a05de,ecmwf00-a2d77f25-assumed-7b9a425c47be-2-20260213,2026-02-13T00:00:00+00:00,2026-02-13T10:00:00+00:00
2026-02-13T12:00:00+00:00,turbine-2,2026-02-14T11:00:00+00:00,23,0.045374,model-weather-experiment-640618020c918c13b93a05de,ecmwf00-a2d77f25-assumed-7b9a425c47be-2-20260213,2026-02-13T00:00:00+00:00,2026-02-13T10:00:00+00:00
2026-02-13T12:00:00+00:00,turbine-2,2026-02-14T12:00:00+00:00,24,0.06367,model-weather-experiment-640618020c918c13b93a05de,ecmwf00-a2d77f25-assumed-7b9a425c47be-2-20260213,2026-02-13T00:00:00+00:00,2026-02-13T10:00:00+00:00
2026-02-13T12:00:00+00:00,turbine-2,2026-02-14T13:00:00+00:00,25,0.108655,model-weather-experiment-640618020c918c13b93a05de,ecmwf00-a2d77f25-assumed-7b9a425c47be-2-20260213,2026-02-13T00:00:00+00:00,2026-02-13T10:00:00+00:00
2026-02-13T12:00:00+00:00,turbine-2,2026-02-14T14:00:00+00:00,26,0.101602,model-weather-experiment-640618020c918c13b93a05de,ecmwf00-a2d77f25-assumed-7b9a425c47be-2-20260213,2026-02-13T00:00:00+00:00,2026-02-13T10:00:00+00:00
2026-02-13T12:00:00+00:00,turbine-2,2026-02-14T15:00:00+00:00,27,0.136017,model-weather-experiment-640618020c918c13b93a05de,ecmwf00-a2d77f25-assumed-7b9a425c47be-2-20260213,2026-02-13T00:00:00+00:00,2026-02-13T10:00:00+00:00
2026-02-13T12:00:00+00:00,turbine-2,2026-02-14T16:00:00+00:00,28,0.100869,model-weather-experiment-640618020c918c13b93a05de,ecmwf00-a2d77f25-assumed-7b9a425c47be-2-20260213,2026-02-13T00:00:00+00:00,2026-02-13T10:00:00+00:00
2026-02-13T12:00:00+00:00,turbine-2,2026-02-14T17:00:00+00:00,29,0.060307,model-weather-experiment-640618020c918c13b93a05de,ecmwf00-a2d77f25-assumed-7b9a425c47be-2-20260213,2026-02-13T00:00:00+00:00,2026-02-13T10:00:00+00:00
2026-02-13T12:00:00+00:00,turbine-2,2026-02-14T18:00:00+00:00,30,0.055009,model-weather-experiment-640618020c918c13b93a05de,ecmwf00-a2d77f25-assumed-7b9a425c47be-2-20260213,2026-02-13T00:00:00+00:00,2026-02-13T10:00:00+00:00
2026-02-13T12:00:00+00:00,turbine-2,2026-02-14T19:00:00+00:00,31,0.077197,model-weather-experiment-640618020c918c13b93a05de,ecmwf00-a2d77f25-assumed-7b9a425c47be-2-20260213,2026-02-13T00:00:00+00:00,2026-02-13T10:00:00+00:00
2026-02-13T12:00:00+00:00,turbine-2,2026-02-14T20:00:00+00:00,32,0.092274,model-weather-experiment-640618020c918c13b93a05de,ecmwf00-a2d77f25-assumed-7b9a425c47be-2-20260213,2026-02-13T00:00:00+00:00,2026-02-13T10:00:00+00:00
2026-02-13T12:00:00+00:00,turbine-2,2026-02-14T21:00:00+00:00,33,0.082685,model-weather-experiment-640618020c918c13b93a05de,ecmwf00-a2d77f25-assumed-7b9a425c47be-2-20260213,2026-02-13T00:00:00+00:00,2026-02-13T10:00:00+00:00
2026-02-13T12:00:00+00:00,turbine-2,2026-02-14T22:00:00+00:00,34,0.089263,model-weather-experiment-640618020c918c13b93a05de,ecmwf00-a2d77f25-assumed-7b9a425c47be-2-20260213,2026-02-13T00:00:00+00:00,2026-02-13T10:00:00+00:00
2026-02-13T12:00:00+00:00,turbine-2,2026-02-14T23:00:00+00:00,35,0.095309,model-weather-experiment-640618020c918c13b93a05de,ecmwf00-a2d77f25-assumed-7b9a425c47be-2-20260213,2026-02-13T00:00:00+00:00,2026-02-13T10:00:00+00:00
2026-02-13T12:00:00+00:00,turbine-2,2026-02-15T00:00:00+00:00,36,0.150625,model-weather-experiment-640618020c918c13b93a05de,ecmwf00-a2d77f25-assumed-7b9a425c47be-2-20260213,2026-02-13T00:00:00+00:00,2026-02-13T10:00:00+00:00
2026-02-13T12:00:00+00:00,turbine-2,2026-02-15T01:00:00+00:00,37,0.222037,model-weather-experiment-640618020c918c13b93a05de,ecmwf00-a2d77f25-assumed-7b9a425c47be-2-20260213,2026-02-13T00:00:00+00:00,2026-02-13T10:00:00+00:00
2026-02-13T12:00:00+00:00,turbine-2,2026-02-15T02:00:00+00:00,38,0.337358,model-weather-experiment-640618020c918c13b93a05de,ecmwf00-a2d77f25-assumed-7b9a425c47be-2-20260213,2026-02-13T00:00:00+00:00,2026-02-13T10:00:00+00:00
2026-02-13T12:00:00+00:00,turbine-2,2026-02-15T03:00:00+00:00,39,0.464186,model-weather-experiment-640618020c918c13b93a05de,ecmwf00-a2d77f25-assumed-7b9a425c47be-2-20260213,2026-02-13T00:00:00+00:00,2026-02-13T10:00:00+00:00
2026-02-13T12:00:00+00:00,turbine-2,2026-02-15T04:00:00+00:00,40,0.535284,model-weather-experiment-640618020c918c13b93a05de,ecmwf00-a2d77f25-assumed-7b9a425c47be-2-20260213,2026-02-13T00:00:00+00:00,2026-02-13T10:00:00+00:00
2026-02-13T12:00:00+00:00,turbine-2,2026-02-15T05:00:00+00:00,41,0.762736,model-weather-experiment-640618020c918c13b93a05de,ecmwf00-a2d77f25-assumed-7b9a425c47be-2-20260213,2026-02-13T00:00:00+00:00,2026-02-13T10:00:00+00:00
2026-02-13T12:00:00+00:00,turbine-2,2026-02-15T06:00:00+00:00,42,0.959936,model-weather-experiment-640618020c918c13b93a05de,ecmwf00-a2d77f25-assumed-7b9a425c47be-2-20260213,2026-02-13T00:00:00+00:00,2026-02-13T10:00:00+00:00
2026-02-13T12:00:00+00:00,turbine-2,2026-02-15T07:00:00+00:00,43,0.972747,model-weather-experiment-640618020c918c13b93a05de,ecmwf00-a2d77f25-assumed-7b9a425c47be-2-20260213,2026-02-13T00:00:00+00:00,2026-02-13T10:00:00+00:00
2026-02-13T12:00:00+00:00,turbine-2,2026-02-15T08:00:00+00:00,44,0.97658,model-weather-experiment-640618020c918c13b93a05de,ecmwf00-a2d77f25-assumed-7b9a425c47be-2-20260213,2026-02-13T00:00:00+00:00,2026-02-13T10:00:00+00:00
2026-02-13T12:00:00+00:00,turbine-2,2026-02-15T09:00:00+00:00,45,1.0,model-weather-experiment-640618020c918c13b93a05de,ecmwf00-a2d77f25-assumed-7b9a425c47be-2-20260213,2026-02-13T00:00:00+00:00,2026-02-13T10:00:00+00:00
2026-02-13T12:00:00+00:00,turbine-2,2026-02-15T10:00:00+00:00,46,0.985576,model-weather-experiment-640618020c918c13b93a05de,ecmwf00-a2d77f25-assumed-7b9a425c47be-2-20260213,2026-02-13T00:00:00+00:00,2026-02-13T10:00:00+00:00
2026-02-13T12:00:00+00:00,turbine-2,2026-02-15T11:00:00+00:00,47,0.966548,model-weather-experiment-640618020c918c13b93a05de,ecmwf00-a2d77f25-assumed-7b9a425c47be-2-20260213,2026-02-13T00:00:00+00:00,2026-02-13T10:00:00+00:00
2026-02-13T12:00:00+00:00,turbine-2,2026-02-15T12:00:00+00:00,48,0.904965,model-weather-experiment-640618020c918c13b93a05de,ecmwf00-a2d77f25-assumed-7b9a425c47be-2-20260213,2026-02-13T00:00:00+00:00,2026-02-13T10:00:00+00:00
2026-02-14T12:00:00+00:00,turbine-1,2026-02-14T13:00:00+00:00,1,0.023814,model-weather-experiment-640618020c918c13b93a05de,ecmwf00-a2d77f25-assumed-7b9a425c47be-1-20260214,2026-02-14T00:00:00+00:00,2026-02-14T10:00:00+00:00
2026-02-14T12:00:00+00:00,turbine-1,2026-02-14T14:00:00+00:00,2,0.095235,model-weather-experiment-640618020c918c13b93a05de,ecmwf00-a2d77f25-assumed-7b9a425c47be-1-20260214,2026-02-14T00:00:00+00:00,2026-02-14T10:00:00+00:00
2026-02-14T12:00:00+00:00,turbine-1,2026-02-14T15:00:00+00:00,3,0.091623,model-weather-experiment-640618020c918c13b93a05de,ecmwf00-a2d77f25-assumed-7b9a425c47be-1-20260214,2026-02-14T00:00:00+00:00,2026-02-14T10:00:00+00:00
2026-02-14T12:00:00+00:00,turbine-1,2026-02-14T16:00:00+00:00,4,0.131422,model-weather-experiment-640618020c918c13b93a05de,ecmwf00-a2d77f25-assumed-7b9a425c47be-1-20260214,2026-02-14T00:00:00+00:00,2026-02-14T10:00:00+00:00
2026-02-14T12:00:00+00:00,turbine-1,2026-02-14T17:00:00+00:00,5,0.012826,model-weather-experiment-640618020c918c13b93a05de,ecmwf00-a2d77f25-assumed-7b9a425c47be-1-20260214,2026-02-14T00:00:00+00:00,2026-02-14T10:00:00+00:00
2026-02-14T12:00:00+00:00,turbine-1,2026-02-14T18:00:00+00:00,6,0.013535,model-weather-experiment-640618020c918c13b93a05de,ecmwf00-a2d77f25-assumed-7b9a425c47be-1-20260214,2026-02-14T00:00:00+00:00,2026-02-14T10:00:00+00:00
2026-02-14T12:00:00+00:00,turbine-1,2026-02-14T19:00:00+00:00,7,0.008513,model-weather-experiment-640618020c918c13b93a05de,ecmwf00-a2d77f25-assumed-7b9a425c47be-1-20260214,2026-02-14T00:00:00+00:00,2026-02-14T10:00:00+00:00
2026-02-14T12:00:00+00:00,turbine-1,2026-02-14T20:00:00+00:00,8,0.009897,model-weather-experiment-640618020c918c13b93a05de,ecmwf00-a2d77f25-assumed-7b9a425c47be-1-20260214,2026-02-14T00:00:00+00:00,2026-02-14T10:00:00+00:00
2026-02-14T12:00:00+00:00,turbine-1,2026-02-14T21:00:00+00:00,9,0.038926,model-weather-experiment-640618020c918c13b93a05de,ecmwf00-a2d77f25-assumed-7b9a425c47be-1-20260214,2026-02-14T00:00:00+00:00,2026-02-14T10:00:00+00:00
2026-02-14T12:00:00+00:00,turbine-1,2026-02-14T22:00:00+00:00,10,0.045963,model-weather-experiment-640618020c918c13b93a05de,ecmwf00-a2d77f25-assumed-7b9a425c47be-1-20260214,2026-02-14T00:00:00+00:00,2026-02-14T10:00:00+00:00
2026-02-14T12:00:00+00:00,turbine-1,2026-02-14T23:00:00+00:00,11,0.036328,model-weather-experiment-640618020c918c13b93a05de,ecmwf00-a2d77f25-assumed-7b9a425c47be-1-20260214,2026-02-14T00:00:00+00:00,2026-02-14T10:00:00+00:00
2026-02-14T12:00:00+00:00,turbine-1,2026-02-15T00:00:00+00:00,12,0.103869,model-weather-experiment-640618020c918c13b93a05de,ecmwf00-a2d77f25-assumed-7b9a425c47be-1-20260214,2026-02-14T00:00:00+00:00,2026-02-14T10:00:00+00:00
2026-02-14T12:00:00+00:00,turbine-1,2026-02-15T01:00:00+00:00,13,0.259962,model-weather-experiment-640618020c918c13b93a05de,ecmwf00-a2d77f25-assumed-7b9a425c47be-1-20260214,2026-02-14T00:00:00+00:00,2026-02-14T10:00:00+00:00
2026-02-14T12:00:00+00:00,turbine-1,2026-02-15T02:00:00+00:00,14,0.274691,model-weather-experiment-640618020c918c13b93a05de,ecmwf00-a2d77f25-assumed-7b9a425c47be-1-20260214,2026-02-14T00:00:00+00:00,2026-02-14T10:00:00+00:00
2026-02-14T12:00:00+00:00,turbine-1,2026-02-15T03:00:00+00:00,15,0.483515,model-weather-experiment-640618020c918c13b93a05de,ecmwf00-a2d77f25-assumed-7b9a425c47be-1-20260214,2026-02-14T00:00:00+00:00,2026-02-14T10:00:00+00:00
2026-02-14T12:00:00+00:00,turbine-1,2026-02-15T04:00:00+00:00,16,0.666387,model-weather-experiment-640618020c918c13b93a05de,ecmwf00-a2d77f25-assumed-7b9a425c47be-1-20260214,2026-02-14T00:00:00+00:00,2026-02-14T10:00:00+00:00
2026-02-14T12:00:00+00:00,turbine-1,2026-02-15T05:00:00+00:00,17,0.689862,model-weather-experiment-640618020c918c13b93a05de,ecmwf00-a2d77f25-assumed-7b9a425c47be-1-20260214,2026-02-14T00:00:00+00:00,2026-02-14T10:00:00+00:00
2026-02-14T12:00:00+00:00,turbine-1,2026-02-15T06:00:00+00:00,18,0.839724,model-weather-experiment-640618020c918c13b93a05de,ecmwf00-a2d77f25-assumed-7b9a425c47be-1-20260214,2026-02-14T00:00:00+00:00,2026-02-14T10:00:00+00:00
2026-02-14T12:00:00+00:00,turbine-1,2026-02-15T07:00:00+00:00,19,0.897356,model-weather-experiment-640618020c918c13b93a05de,ecmwf00-a2d77f25-assumed-7b9a425c47be-1-20260214,2026-02-14T00:00:00+00:00,2026-02-14T10:00:00+00:00
2026-02-14T12:00:00+00:00,turbine-1,2026-02-15T08:00:00+00:00,20,0.916535,model-weather-experiment-640618020c918c13b93a05de,ecmwf00-a2d77f25-assumed-7b9a425c47be-1-20260214,2026-02-14T00:00:00+00:00,2026-02-14T10:00:00+00:00
2026-02-14T12:00:00+00:00,turbine-1,2026-02-15T09:00:00+00:00,21,0.932391,model-weather-experiment-640618020c918c13b93a05de,ecmwf00-a2d77f25-assumed-7b9a425c47be-1-20260214,2026-02-14T00:00:00+00:00,2026-02-14T10:00:00+00:00
2026-02-14T12:00:00+00:00,turbine-1,2026-02-15T10:00:00+00:00,22,0.897915,model-weather-experiment-640618020c918c13b93a05de,ecmwf00-a2d77f25-assumed-7b9a425c47be-1-20260214,2026-02-14T00:00:00+00:00,2026-02-14T10:00:00+00:00
2026-02-14T12:00:00+00:00,turbine-1,2026-02-15T11:00:00+00:00,23,0.924994,model-weather-experiment-640618020c918c13b93a05de,ecmwf00-a2d77f25-assumed-7b9a425c47be-1-20260214,2026-02-14T00:00:00+00:00,2026-02-14T10:00:00+00:00
2026-02-14T12:00:00+00:00,turbine-1,2026-02-15T12:00:00+00:00,24,0.933825,model-weather-experiment-640618020c918c13b93a05de,ecmwf00-a2d77f25-assumed-7b9a425c47be-1-20260214,2026-02-14T00:00:00+00:00,2026-02-14T10:00:00+00:00
2026-02-14T12:00:00+00:00,turbine-1,2026-02-15T13:00:00+00:00,25,0.936114,model-weather-experiment-640618020c918c13b93a05de,ecmwf00-a2d77f25-assumed-7b9a425c47be-1-20260214,2026-02-14T00:00:00+00:00,2026-02-14T10:00:00+00:00
2026-02-14T12:00:00+00:00,turbine-1,2026-02-15T14:00:00+00:00,26,0.938502,model-weather-experiment-640618020c918c13b93a05de,ecmwf00-a2d77f25-assumed-7b9a425c47be-1-20260214,2026-02-14T00:00:00+00:00,2026-02-14T10:00:00+00:00
2026-02-14T12:00:00+00:00,turbine-1,2026-02-15T15:00:00+00:00,27,0.90782,model-weather-experiment-640618020c918c13b93a05de,ecmwf00-a2d77f25-assumed-7b9a425c47be-1-20260214,2026-02-14T00:00:00+00:00,2026-02-14T10:00:00+00:00
2026-02-14T12:00:00+00:00,turbine-1,2026-02-15T16:00:00+00:00,28,0.721276,model-weather-experiment-640618020c918c13b93a05de,ecmwf00-a2d77f25-assumed-7b9a425c47be-1-20260214,2026-02-14T00:00:00+00:00,2026-02-14T10:00:00+00:00
2026-02-14T12:00:00+00:00,turbine-1,2026-02-15T17:00:00+00:00,29,0.545495,model-weather-experiment-640618020c918c13b93a05de,ecmwf00-a2d77f25-assumed-7b9a425c47be-1-20260214,2026-02-14T00:00:00+00:00,2026-02-14T10:00:00+00:00
2026-02-14T12:00:00+00:00,turbine-1,2026-02-15T18:00:00+00:00,30,0.504657,model-weather-experiment-640618020c918c13b93a05de,ecmwf00-a2d77f25-assumed-7b9a425c47be-1-20260214,2026-02-14T00:00:00+00:00,2026-02-14T10:00:00+00:00
2026-02-14T12:00:00+00:00,turbine-1,2026-02-15T19:00:00+00:00,31,0.517956,model-weather-experiment-640618020c918c13b93a05de,ecmwf00-a2d77f25-assumed-7b9a425c47be-1-20260214,2026-02-14T00:00:00+00:00,2026-02-14T10:00:00+00:00
2026-02-14T12:00:00+00:00,turbine-1,2026-02-15T20:00:00+00:00,32,0.511422,model-weather-experiment-640618020c918c13b93a05de,ecmwf00-a2d77f25-assumed-7b9a425c47be-1-20260214,2026-02-14T00:00:00+00:00,2026-02-14T10:00:00+00:00
2026-02-14T12:00:00+00:00,turbine-1,2026-02-15T21:00:00+00:00,33,0.375079,model-weather-experiment-640618020c918c13b93a05de,ecmwf00-a2d77f25-assumed-7b9a425c47be-1-20260214,2026-02-14T00:00:00+00:00,2026-02-14T10:00:00+00:00
2026-02-14T12:00:00+00:00,turbine-1,2026-02-15T22:00:00+00:00,34,0.373047,model-weather-experiment-640618020c918c13b93a05de,ecmwf00-a2d77f25-assumed-7b9a425c47be-1-20260214,2026-02-14T00:00:00+00:00,2026-02-14T10:00:00+00:00
2026-02-14T12:00:00+00:00,turbine-1,2026-02-15T23:00:00+00:00,35,0.395615,model-weather-experiment-640618020c918c13b93a05de,ecmwf00-a2d77f25-assumed-7b9a425c47be-1-20260214,2026-02-14T00:00:00+00:00,2026-02-14T10:00:00+00:00
2026-02-14T12:00:00+00:00,turbine-1,2026-02-16T00:00:00+00:00,36,0.426586,model-weather-experiment-640618020c918c13b93a05de,ecmwf00-a2d77f25-assumed-7b9a425c47be-1-20260214,2026-02-14T00:00:00+00:00,2026-02-14T10:00:00+00:00
2026-02-14T12:00:00+00:00,turbine-1,2026-02-16T01:00:00+00:00,37,0.390131,model-weather-experiment-640618020c918c13b93a05de,ecmwf00-a2d77f25-assumed-7b9a425c47be-1-20260214,2026-02-14T00:00:00+00:00,2026-02-14T10:00:00+00:00
2026-02-14T12:00:00+00:00,turbine-1,2026-02-16T02:00:00+00:00,38,0.500405,model-weather-experiment-640618020c918c13b93a05de,ecmwf00-a2d77f25-assumed-7b9a425c47be-1-20260214,2026-02-14T00:00:00+00:00,2026-02-14T10:00:00+00:00
2026-02-14T12:00:00+00:00,turbine-1,2026-02-16T03:00:00+00:00,39,0.591386,model-weather-experiment-640618020c918c13b93a05de,ecmwf00-a2d77f25-assumed-7b9a425c47be-1-20260214,2026-02-14T00:00:00+00:00,2026-02-14T10:00:00+00:00
2026-02-14T12:00:00+00:00,turbine-1,2026-02-16T04:00:00+00:00,40,0.665914,model-weather-experiment-640618020c918c13b93a05de,ecmwf00-a2d77f25-assumed-7b9a425c47be-1-20260214,2026-02-14T00:00:00+00:00,2026-02-14T10:00:00+00:00
2026-02-14T12:00:00+00:00,turbine-1,2026-02-16T05:00:00+00:00,41,0.354017,model-weather-experiment-640618020c918c13b93a05de,ecmwf00-a2d77f25-assumed-7b9a425c47be-1-20260214,2026-02-14T00:00:00+00:00,2026-02-14T10:00:00+00:00
2026-02-14T12:00:00+00:00,turbine-1,2026-02-16T06:00:00+00:00,42,0.311277,model-weather-experiment-640618020c918c13b93a05de,ecmwf00-a2d77f25-assumed-7b9a425c47be-1-20260214,2026-02-14T00:00:00+00:00,2026-02-14T10:00:00+00:00
2026-02-14T12:00:00+00:00,turbine-1,2026-02-16T07:00:00+00:00,43,0.372176,model-weather-experiment-640618020c918c13b93a05de,ecmwf00-a2d77f25-assumed-7b9a425c47be-1-20260214,2026-02-14T00:00:00+00:00,2026-02-14T10:00:00+00:00
2026-02-14T12:00:00+00:00,turbine-1,2026-02-16T08:00:00+00:00,44,0.393866,model-weather-experiment-640618020c918c13b93a05de,ecmwf00-a2d77f25-assumed-7b9a425c47be-1-20260214,2026-02-14T00:00:00+00:00,2026-02-14T10:00:00+00:00
2026-02-14T12:00:00+00:00,turbine-1,2026-02-16T09:00:00+00:00,45,0.404908,model-weather-experiment-640618020c918c13b93a05de,ecmwf00-a2d77f25-assumed-7b9a425c47be-1-20260214,2026-02-14T00:00:00+00:00,2026-02-14T10:00:00+00:00
2026-02-14T12:00:00+00:00,turbine-1,2026-02-16T10:00:00+00:00,46,0.369156,model-weather-experiment-640618020c918c13b93a05de,ecmwf00-a2d77f25-assumed-7b9a425c47be-1-20260214,2026-02-14T00:00:00+00:00,2026-02-14T10:00:00+00:00
2026-02-14T12:00:00+00:00,turbine-1,2026-02-16T11:00:00+00:00,47,0.388639,model-weather-experiment-640618020c918c13b93a05de,ecmwf00-a2d77f25-assumed-7b9a425c47be-1-20260214,2026-02-14T00:00:00+00:00,2026-02-14T10:00:00+00:00
2026-02-14T12:00:00+00:00,turbine-1,2026-02-16T12:00:00+00:00,48,0.362145,model-weather-experiment-640618020c918c13b93a05de,ecmwf00-a2d77f25-assumed-7b9a425c47be-1-20260214,2026-02-14T00:00:00+00:00,2026-02-14T10:00:00+00:00
2026-02-14T12:00:00+00:00,turbine-2,2026-02-14T13:00:00+00:00,1,0.026978,model-weather-experiment-640618020c918c13b93a05de,ecmwf00-a2d77f25-assumed-7b9a425c47be-2-20260214,2026-02-14T00:00:00+00:00,2026-02-14T10:00:00+00:00
2026-02-14T12:00:00+00:00,turbine-2,2026-02-14T14:00:00+00:00,2,0.064994,model-weather-experiment-640618020c918c13b93a05de,ecmwf00-a2d77f25-assumed-7b9a425c47be-2-20260214,2026-02-14T00:00:00+00:00,2026-02-14T10:00:00+00:00
2026-02-14T12:00:00+00:00,turbine-2,2026-02-14T15:00:00+00:00,3,0.075853,model-weather-experiment-640618020c918c13b93a05de,ecmwf00-a2d77f25-assumed-7b9a425c47be-2-20260214,2026-02-14T00:00:00+00:00,2026-02-14T10:00:00+00:00
2026-02-14T12:00:00+00:00,turbine-2,2026-02-14T16:00:00+00:00,4,0.107498,model-weather-experiment-640618020c918c13b93a05de,ecmwf00-a2d77f25-assumed-7b9a425c47be-2-20260214,2026-02-14T00:00:00+00:00,2026-02-14T10:00:00+00:00
2026-02-14T12:00:00+00:00,turbine-2,2026-02-14T17:00:00+00:00,5,0.04302,model-weather-experiment-640618020c918c13b93a05de,ecmwf00-a2d77f25-assumed-7b9a425c47be-2-20260214,2026-02-14T00:00:00+00:00,2026-02-14T10:00:00+00:00
2026-02-14T12:00:00+00:00,turbine-2,2026-02-14T18:00:00+00:00,6,0.035372,model-weather-experiment-640618020c918c13b93a05de,ecmwf00-a2d77f25-assumed-7b9a425c47be-2-20260214,2026-02-14T00:00:00+00:00,2026-02-14T10:00:00+00:00
2026-02-14T12:00:00+00:00,turbine-2,2026-02-14T19:00:00+00:00,7,0.078296,model-weather-experiment-640618020c918c13b93a05de,ecmwf00-a2d77f25-assumed-7b9a425c47be-2-20260214,2026-02-14T00:00:00+00:00,2026-02-14T10:00:00+00:00
2026-02-14T12:00:00+00:00,turbine-2,2026-02-14T20:00:00+00:00,8,0.073136,model-weather-experiment-640618020c918c13b93a05de,ecmwf00-a2d77f25-assumed-7b9a425c47be-2-20260214,2026-02-14T00:00:00+00:00,2026-02-14T10:00:00+00:00
2026-02-14T12:00:00+00:00,turbine-2,2026-02-14T21:00:00+00:00,9,0.093543,model-weather-experiment-640618020c918c13b93a05de,ecmwf00-a2d77f25-assumed-7b9a425c47be-2-20260214,2026-02-14T00:00:00+00:00,2026-02-14T10:00:00+00:00
2026-02-14T12:00:00+00:00,turbine-2,2026-02-14T22:00:00+00:00,10,0.105617,model-weather-experiment-640618020c918c13b93a05de,ecmwf00-a2d77f25-assumed-7b9a425c47be-2-20260214,2026-02-14T00:00:00+00:00,2026-02-14T10:00:00+00:00
2026-02-14T12:00:00+00:00,turbine-2,2026-02-14T23:00:00+00:00,11,0.070034,model-weather-experiment-640618020c918c13b93a05de,ecmwf00-a2d77f25-assumed-7b9a425c47be-2-20260214,2026-02-14T00:00:00+00:00,2026-02-14T10:00:00+00:00
2026-02-14T12:00:00+00:00,turbine-2,2026-02-15T00:00:00+00:00,12,0.083594,model-weather-experiment-640618020c918c13b93a05de,ecmwf00-a2d77f25-assumed-7b9a425c47be-2-20260214,2026-02-14T00:00:00+00:00,2026-02-14T10:00:00+00:00
2026-02-14T12:00:00+00:00,turbine-2,2026-02-15T01:00:00+00:00,13,0.18557,model-weather-experiment-640618020c918c13b93a05de,ecmwf00-a2d77f25-assumed-7b9a425c47be-2-20260214,2026-02-14T00:00:00+00:00,2026-02-14T10:00:00+00:00
2026-02-14T12:00:00+00:00,turbine-2,2026-02-15T02:00:00+00:00,14,0.207349,model-weather-experiment-640618020c918c13b93a05de,ecmwf00-a2d77f25-assumed-7b9a425c47be-2-20260214,2026-02-14T00:00:00+00:00,2026-02-14T10:00:00+00:00
2026-02-14T12:00:00+00:00,turbine-2,2026-02-15T03:00:00+00:00,15,0.453867,model-weather-experiment-640618020c918c13b93a05de,ecmwf00-a2d77f25-assumed-7b9a425c47be-2-20260214,2026-02-14T00:00:00+00:00,2026-02-14T10:00:00+00:00
2026-02-14T12:00:00+00:00,turbine-2,2026-02-15T04:00:00+00:00,16,0.660737,model-weather-experiment-640618020c918c13b93a05de,ecmwf00-a2d77f25-assumed-7b9a425c47be-2-20260214,2026-02-14T00:00:00+00:00,2026-02-14T10:00:00+00:00
2026-02-14T12:00:00+00:00,turbine-2,2026-02-15T05:00:00+00:00,17,0.744903,model-weather-experiment-640618020c918c13b93a05de,ecmwf00-a2d77f25-assumed-7b9a425c47be-2-20260214,2026-02-14T00:00:00+00:00,2026-02-14T10:00:00+00:00
2026-02-14T12:00:00+00:00,turbine-2,2026-02-15T06:00:00+00:00,18,0.879927,model-weather-experiment-640618020c918c13b93a05de,ecmwf00-a2d77f25-assumed-7b9a425c47be-2-20260214,2026-02-14T00:00:00+00:00,2026-02-14T10:00:00+00:00
2026-02-14T12:00:00+00:00,turbine-2,2026-02-15T07:00:00+00:00,19,0.984476,model-weather-experiment-640618020c918c13b93a05de,ecmwf00-a2d77f25-assumed-7b9a425c47be-2-20260214,2026-02-14T00:00:00+00:00,2026-02-14T10:00:00+00:00
2026-02-14T12:00:00+00:00,turbine-2,2026-02-15T08:00:00+00:00,20,0.989009,model-weather-experiment-640618020c918c13b93a05de,ecmwf00-a2d77f25-assumed-7b9a425c47be-2-20260214,2026-02-14T00:00:00+00:00,2026-02-14T10:00:00+00:00
2026-02-14T12:00:00+00:00,turbine-2,2026-02-15T09:00:00+00:00,21,0.984905,model-weather-experiment-640618020c918c13b93a05de,ecmwf00-a2d77f25-assumed-7b9a425c47be-2-20260214,2026-02-14T00:00:00+00:00,2026-02-14T10:00:00+00:00
2026-02-14T12:00:00+00:00,turbine-2,2026-02-15T10:00:00+00:00,22,0.876398,model-weather-experiment-640618020c918c13b93a05de,ecmwf00-a2d77f25-assumed-7b9a425c47be-2-20260214,2026-02-14T00:00:00+00:00,2026-02-14T10:00:00+00:00
2026-02-14T12:00:00+00:00,turbine-2,2026-02-15T11:00:00+00:00,23,0.852539,model-weather-experiment-640618020c918c13b93a05de,ecmwf00-a2d77f25-assumed-7b9a425c47be-2-20260214,2026-02-14T00:00:00+00:00,2026-02-14T10:00:00+00:00
2026-02-14T12:00:00+00:00,turbine-2,2026-02-15T12:00:00+00:00,24,0.874684,model-weather-experiment-640618020c918c13b93a05de,ecmwf00-a2d77f25-assumed-7b9a425c47be-2-20260214,2026-02-14T00:00:00+00:00,2026-02-14T10:00:00+00:00
2026-02-14T12:00:00+00:00,turbine-2,2026-02-15T13:00:00+00:00,25,0.853834,model-weather-experiment-640618020c918c13b93a05de,ecmwf00-a2d77f25-assumed-7b9a425c47be-2-20260214,2026-02-14T00:00:00+00:00,2026-02-14T10:00:00+00:00
2026-02-14T12:00:00+00:00,turbine-2,2026-02-15T14:00:00+00:00,26,0.864313,model-weather-experiment-640618020c918c13b93a05de,ecmwf00-a2d77f25-assumed-7b9a425c47be-2-20260214,2026-02-14T00:00:00+00:00,2026-02-14T10:00:00+00:00
2026-02-14T12:00:00+00:00,turbine-2,2026-02-15T15:00:00+00:00,27,0.846745,model-weather-experiment-640618020c918c13b93a05de,ecmwf00-a2d77f25-assumed-7b9a425c47be-2-20260214,2026-02-14T00:00:00+00:00,2026-02-14T10:00:00+00:00
2026-02-14T12:00:00+00:00,turbine-2,2026-02-15T16:00:00+00:00,28,0.66296,model-weather-experiment-640618020c918c13b93a05de,ecmwf00-a2d77f25-assumed-7b9a425c47be-2-20260214,2026-02-14T00:00:00+00:00,2026-02-14T10:00:00+00:00
2026-02-14T12:00:00+00:00,turbine-2,2026-02-15T17:00:00+00:00,29,0.499199,model-weather-experiment-640618020c918c13b93a05de,ecmwf00-a2d77f25-assumed-7b9a425c47be-2-20260214,2026-02-14T00:00:00+00:00,2026-02-14T10:00:00+00:00
2026-02-14T12:00:00+00:00,turbine-2,2026-02-15T18:00:00+00:00,30,0.431997,model-weather-experiment-640618020c918c13b93a05de,ecmwf00-a2d77f25-assumed-7b9a425c47be-2-20260214,2026-02-14T00:00:00+00:00,2026-02-14T10:00:00+00:00
2026-02-14T12:00:00+00:00,turbine-2,2026-02-15T19:00:00+00:00,31,0.414765,model-weather-experiment-640618020c918c13b93a05de,ecmwf00-a2d77f25-assumed-7b9a425c47be-2-20260214,2026-02-14T00:00:00+00:00,2026-02-14T10:00:00+00:00
2026-02-14T12:00:00+00:00,turbine-2,2026-02-15T20:00:00+00:00,32,0.450661,model-weather-experiment-640618020c918c13b93a05de,ecmwf00-a2d77f25-assumed-7b9a425c47be-2-20260214,2026-02-14T00:00:00+00:00,2026-02-14T10:00:00+00:00
2026-02-14T12:00:00+00:00,turbine-2,2026-02-15T21:00:00+00:00,33,0.293567,model-weather-experiment-640618020c918c13b93a05de,ecmwf00-a2d77f25-assumed-7b9a425c47be-2-20260214,2026-02-14T00:00:00+00:00,2026-02-14T10:00:00+00:00
2026-02-14T12:00:00+00:00,turbine-2,2026-02-15T22:00:00+00:00,34,0.254053,model-weather-experiment-640618020c918c13b93a05de,ecmwf00-a2d77f25-assumed-7b9a425c47be-2-20260214,2026-02-14T00:00:00+00:00,2026-02-14T10:00:00+00:00
2026-02-14T12:00:00+00:00,turbine-2,2026-02-15T23:00:00+00:00,35,0.291817,model-weather-experiment-640618020c918c13b93a05de,ecmwf00-a2d77f25-assumed-7b9a425c47be-2-20260214,2026-02-14T00:00:00+00:00,2026-02-14T10:00:00+00:00
2026-02-14T12:00:00+00:00,turbine-2,2026-02-16T00:00:00+00:00,36,0.326853,model-weather-experiment-640618020c918c13b93a05de,ecmwf00-a2d77f25-assumed-7b9a425c47be-2-20260214,2026-02-14T00:00:00+00:00,2026-02-14T10:00:00+00:00
2026-02-14T12:00:00+00:00,turbine-2,2026-02-16T01:00:00+00:00,37,0.318946,model-weather-experiment-640618020c918c13b93a05de,ecmwf00-a2d77f25-assumed-7b9a425c47be-2-20260214,2026-02-14T00:00:00+00:00,2026-02-14T10:00:00+00:00
2026-02-14T12:00:00+00:00,turbine-2,2026-02-16T02:00:00+00:00,38,0.402029,model-weather-experiment-640618020c918c13b93a05de,ecmwf00-a2d77f25-assumed-7b9a425c47be-2-20260214,2026-02-14T00:00:00+00:00,2026-02-14T10:00:00+00:00
2026-02-14T12:00:00+00:00,turbine-2,2026-02-16T03:00:00+00:00,39,0.496474,model-weather-experiment-640618020c918c13b93a05de,ecmwf00-a2d77f25-assumed-7b9a425c47be-2-20260214,2026-02-14T00:00:00+00:00,2026-02-14T10:00:00+00:00
2026-02-14T12:00:00+00:00,turbine-2,2026-02-16T04:00:00+00:00,40,0.585075,model-weather-experiment-640618020c918c13b93a05de,ecmwf00-a2d77f25-assumed-7b9a425c47be-2-20260214,2026-02-14T00:00:00+00:00,2026-02-14T10:00:00+00:00
2026-02-14T12:00:00+00:00,turbine-2,2026-02-16T05:00:00+00:00,41,0.336765,model-weather-experiment-640618020c918c13b93a05de,ecmwf00-a2d77f25-assumed-7b9a425c47be-2-20260214,2026-02-14T00:00:00+00:00,2026-02-14T10:00:00+00:00
2026-02-14T12:00:00+00:00,turbine-2,2026-02-16T06:00:00+00:00,42,0.29958,model-weather-experiment-640618020c918c13b93a05de,ecmwf00-a2d77f25-assumed-7b9a425c47be-2-20260214,2026-02-14T00:00:00+00:00,2026-02-14T10:00:00+00:00
2026-02-14T12:00:00+00:00,turbine-2,2026-02-16T07:00:00+00:00,43,0.395548,model-weather-experiment-640618020c918c13b93a05de,ecmwf00-a2d77f25-assumed-7b9a425c47be-2-20260214,2026-02-14T00:00:00+00:00,2026-02-14T10:00:00+00:00
2026-02-14T12:00:00+00:00,turbine-2,2026-02-16T08:00:00+00:00,44,0.414994,model-weather-experiment-640618020c918c13b93a05de,ecmwf00-a2d77f25-assumed-7b9a425c47be-2-20260214,2026-02-14T00:00:00+00:00,2026-02-14T10:00:00+00:00
2026-02-14T12:00:00+00:00,turbine-2,2026-02-16T09:00:00+00:00,45,0.419542,model-weather-experiment-640618020c918c13b93a05de,ecmwf00-a2d77f25-assumed-7b9a425c47be-2-20260214,2026-02-14T00:00:00+00:00,2026-02-14T10:00:00+00:00
2026-02-14T12:00:00+00:00,turbine-2,2026-02-16T10:00:00+00:00,46,0.374495,model-weather-experiment-640618020c918c13b93a05de,ecmwf00-a2d77f25-assumed-7b9a425c47be-2-20260214,2026-02-14T00:00:00+00:00,2026-02-14T10:00:00+00:00
2026-02-14T12:00:00+00:00,turbine-2,2026-02-16T11:00:00+00:00,47,0.393081,model-weather-experiment-640618020c918c13b93a05de,ecmwf00-a2d77f25-assumed-7b9a425c47be-2-20260214,2026-02-14T00:00:00+00:00,2026-02-14T10:00:00+00:00
2026-02-14T12:00:00+00:00,turbine-2,2026-02-16T12:00:00+00:00,48,0.362379,model-weather-experiment-640618020c918c13b93a05de,ecmwf00-a2d77f25-assumed-7b9a425c47be-2-20260214,2026-02-14T00:00:00+00:00,2026-02-14T10:00:00+00:00
2026-02-15T12:00:00+00:00,turbine-1,2026-02-15T13:00:00+00:00,1,0.816616,model-weather-experiment-640618020c918c13b93a05de,ecmwf00-a2d77f25-assumed-7b9a425c47be-1-20260215,2026-02-15T00:00:00+00:00,2026-02-15T10:00:00+00:00
2026-02-15T12:00:00+00:00,turbine-1,2026-02-15T14:00:00+00:00,2,0.767474,model-weather-experiment-640618020c918c13b93a05de,ecmwf00-a2d77f25-assumed-7b9a425c47be-1-20260215,2026-02-15T00:00:00+00:00,2026-02-15T10:00:00+00:00
2026-02-15T12:00:00+00:00,turbine-1,2026-02-15T15:00:00+00:00,3,0.743497,model-weather-experiment-640618020c918c13b93a05de,ecmwf00-a2d77f25-assumed-7b9a425c47be-1-20260215,2026-02-15T00:00:00+00:00,2026-02-15T10:00:00+00:00
2026-02-15T12:00:00+00:00,turbine-1,2026-02-15T16:00:00+00:00,4,0.585718,model-weather-experiment-640618020c918c13b93a05de,ecmwf00-a2d77f25-assumed-7b9a425c47be-1-20260215,2026-02-15T00:00:00+00:00,2026-02-15T10:00:00+00:00
2026-02-15T12:00:00+00:00,turbine-1,2026-02-15T17:00:00+00:00,5,0.418932,model-weather-experiment-640618020c918c13b93a05de,ecmwf00-a2d77f25-assumed-7b9a425c47be-1-20260215,2026-02-15T00:00:00+00:00,2026-02-15T10:00:00+00:00
2026-02-15T12:00:00+00:00,turbine-1,2026-02-15T18:00:00+00:00,6,0.300377,model-weather-experiment-640618020c918c13b93a05de,ecmwf00-a2d77f25-assumed-7b9a425c47be-1-20260215,2026-02-15T00:00:00+00:00,2026-02-15T10:00:00+00:00
2026-02-15T12:00:00+00:00,turbine-1,2026-02-15T19:00:00+00:00,7,0.351278,model-weather-experiment-640618020c918c13b93a05de,ecmwf00-a2d77f25-assumed-7b9a425c47be-1-20260215,2026-02-15T00:00:00+00:00,2026-02-15T10:00:00+00:00
2026-02-15T12:00:00+00:00,turbine-1,2026-02-15T20:00:00+00:00,8,0.486948,model-weather-experiment-640618020c918c13b93a05de,ecmwf00-a2d77f25-assumed-7b9a425c47be-1-20260215,2026-02-15T00:00:00+00:00,2026-02-15T10:00:00+00:00
2026-02-15T12:00:00+00:00,turbine-1,2026-02-15T21:00:00+00:00,9,0.568617,model-weather-experiment-640618020c918c13b93a05de,ecmwf00-a2d77f25-assumed-7b9a425c47be-1-20260215,2026-02-15T00:00:00+00:00,2026-02-15T10:00:00+00:00
2026-02-15T12:00:00+00:00,turbine-1,2026-02-15T22:00:00+00:00,10,0.619784,model-weather-experiment-640618020c918c13b93a05de,ecmwf00-a2d77f25-assumed-7b9a425c47be-1-20260215,2026-02-15T00:00:00+00:00,2026-02-15T10:00:00+00:00
2026-02-15T12:00:00+00:00,turbine-1,2026-02-15T23:00:00+00:00,11,0.769491,model-weather-experiment-640618020c918c13b93a05de,ecmwf00-a2d77f25-assumed-7b9a425c47be-1-20260215,2026-02-15T00:00:00+00:00,2026-02-15T10:00:00+00:00
2026-02-15T12:00:00+00:00,turbine-1,2026-02-16T00:00:00+00:00,12,0.557166,model-weather-experiment-640618020c918c13b93a05de,ecmwf00-a2d77f25-assumed-7b9a425c47be-1-20260215,2026-02-15T00:00:00+00:00,2026-02-15T10:00:00+00:00
2026-02-15T12:00:00+00:00,turbine-1,2026-02-16T01:00:00+00:00,13,0.491486,model-weather-experiment-640618020c918c13b93a05de,ecmwf00-a2d77f25-assumed-7b9a425c47be-1-20260215,2026-02-15T00:00:00+00:00,2026-02-15T10:00:00+00:00
2026-02-15T12:00:00+00:00,turbine-1,2026-02-16T02:00:00+00:00,14,0.553016,model-weather-experiment-640618020c918c13b93a05de,ecmwf00-a2d77f25-assumed-7b9a425c47be-1-20260215,2026-02-15T00:00:00+00:00,2026-02-15T10:00:00+00:00
2026-02-15T12:00:00+00:00,turbine-1,2026-02-16T03:00:00+00:00,15,0.5154,model-weather-experiment-640618020c918c13b93a05de,ecmwf00-a2d77f25-assumed-7b9a425c47be-1-20260215,2026-02-15T00:00:00+00:00,2026-02-15T10:00:00+00:00
2026-02-15T12:00:00+00:00,turbine-1,2026-02-16T04:00:00+00:00,16,0.56369,model-weather-experiment-640618020c918c13b93a05de,ecmwf00-a2d77f25-assumed-7b9a425c47be-1-20260215,2026-02-15T00:00:00+00:00,2026-02-15T10:00:00+00:00
2026-02-15T12:00:00+00:00,turbine-1,2026-02-16T05:00:00+00:00,17,0.340069,model-weather-experiment-640618020c918c13b93a05de,ecmwf00-a2d77f25-assumed-7b9a425c47be-1-20260215,2026-02-15T00:00:00+00:00,2026-02-15T10:00:00+00:00
2026-02-15T12:00:00+00:00,turbine-1,2026-02-16T06:00:00+00:00,18,0.588001,model-weather-experiment-640618020c918c13b93a05de,ecmwf00-a2d77f25-assumed-7b9a425c47be-1-20260215,2026-02-15T00:00:00+00:00,2026-02-15T10:00:00+00:00
2026-02-15T12:00:00+00:00,turbine-1,2026-02-16T07:00:00+00:00,19,0.699833,model-weather-experiment-640618020c918c13b93a05de,ecmwf00-a2d77f25-assumed-7b9a425c47be-1-20260215,2026-02-15T00:00:00+00:00,2026-02-15T10:00:00+00:00
2026-02-15T12:00:00+00:00,turbine-1,2026-02-16T08:00:00+00:00,20,0.71961,model-weather-experiment-640618020c918c13b93a05de,ecmwf00-a2d77f25-assumed-7b9a425c47be-1-20260215,2026-02-15T00:00:00+00:00,2026-02-15T10:00:00+00:00
2026-02-15T12:00:00+00:00,turbine-1,2026-02-16T09:00:00+00:00,21,0.713191,model-weather-experiment-640618020c918c13b93a05de,ecmwf00-a2d77f25-assumed-7b9a425c47be-1-20260215,2026-02-15T00:00:00+00:00,2026-02-15T10:00:00+00:00
2026-02-15T12:00:00+00:00,turbine-1,2026-02-16T10:00:00+00:00,22,0.743814,model-weather-experiment-640618020c918c13b93a05de,ecmwf00-a2d77f25-assumed-7b9a425c47be-1-20260215,2026-02-15T00:00:00+00:00,2026-02-15T10:00:00+00:00
2026-02-15T12:00:00+00:00,turbine-1,2026-02-16T11:00:00+00:00,23,0.677218,model-weather-experiment-640618020c918c13b93a05de,ecmwf00-a2d77f25-assumed-7b9a425c47be-1-20260215,2026-02-15T00:00:00+00:00,2026-02-15T10:00:00+00:00
2026-02-15T12:00:00+00:00,turbine-1,2026-02-16T12:00:00+00:00,24,0.505789,model-weather-experiment-640618020c918c13b93a05de,ecmwf00-a2d77f25-assumed-7b9a425c47be-1-20260215,2026-02-15T00:00:00+00:00,2026-02-15T10:00:00+00:00
2026-02-15T12:00:00+00:00,turbine-1,2026-02-16T13:00:00+00:00,25,0.364276,model-weather-experiment-640618020c918c13b93a05de,ecmwf00-a2d77f25-assumed-7b9a425c47be-1-20260215,2026-02-15T00:00:00+00:00,2026-02-15T10:00:00+00:00
2026-02-15T12:00:00+00:00,turbine-1,2026-02-16T14:00:00+00:00,26,0.371825,model-weather-experiment-640618020c918c13b93a05de,ecmwf00-a2d77f25-assumed-7b9a425c47be-1-20260215,2026-02-15T00:00:00+00:00,2026-02-15T10:00:00+00:00
2026-02-15T12:00:00+00:00,turbine-1,2026-02-16T15:00:00+00:00,27,0.458922,model-weather-experiment-640618020c918c13b93a05de,ecmwf00-a2d77f25-assumed-7b9a425c47be-1-20260215,2026-02-15T00:00:00+00:00,2026-02-15T10:00:00+00:00
2026-02-15T12:00:00+00:00,turbine-1,2026-02-16T16:00:00+00:00,28,0.40883,model-weather-experiment-640618020c918c13b93a05de,ecmwf00-a2d77f25-assumed-7b9a425c47be-1-20260215,2026-02-15T00:00:00+00:00,2026-02-15T10:00:00+00:00
2026-02-15T12:00:00+00:00,turbine-1,2026-02-16T17:00:00+00:00,29,0.351611,model-weather-experiment-640618020c918c13b93a05de,ecmwf00-a2d77f25-assumed-7b9a425c47be-1-20260215,2026-02-15T00:00:00+00:00,2026-02-15T10:00:00+00:00
2026-02-15T12:00:00+00:00,turbine-1,2026-02-16T18:00:00+00:00,30,0.34621,model-weather-experiment-640618020c918c13b93a05de,ecmwf00-a2d77f25-assumed-7b9a425c47be-1-20260215,2026-02-15T00:00:00+00:00,2026-02-15T10:00:00+00:00
2026-02-15T12:00:00+00:00,turbine-1,2026-02-16T19:00:00+00:00,31,0.314328,model-weather-experiment-640618020c918c13b93a05de,ecmwf00-a2d77f25-assumed-7b9a425c47be-1-20260215,2026-02-15T00:00:00+00:00,2026-02-15T10:00:00+00:00
2026-02-15T12:00:00+00:00,turbine-1,2026-02-16T20:00:00+00:00,32,0.345215,model-weather-experiment-640618020c918c13b93a05de,ecmwf00-a2d77f25-assumed-7b9a425c47be-1-20260215,2026-02-15T00:00:00+00:00,2026-02-15T10:00:00+00:00
2026-02-15T12:00:00+00:00,turbine-1,2026-02-16T21:00:00+00:00,33,0.386337,model-weather-experiment-640618020c918c13b93a05de,ecmwf00-a2d77f25-assumed-7b9a425c47be-1-20260215,2026-02-15T00:00:00+00:00,2026-02-15T10:00:00+00:00
2026-02-15T12:00:00+00:00,turbine-1,2026-02-16T22:00:00+00:00,34,0.36777,model-weather-experiment-640618020c918c13b93a05de,ecmwf00-a2d77f25-assumed-7b9a425c47be-1-20260215,2026-02-15T00:00:00+00:00,2026-02-15T10:00:00+00:00
2026-02-15T12:00:00+00:00,turbine-1,2026-02-16T23:00:00+00:00,35,0.261105,model-weather-experiment-640618020c918c13b93a05de,ecmwf00-a2d77f25-assumed-7b9a425c47be-1-20260215,2026-02-15T00:00:00+00:00,2026-02-15T10:00:00+00:00
2026-02-15T12:00:00+00:00,turbine-1,2026-02-17T00:00:00+00:00,36,0.344496,model-weather-experiment-640618020c918c13b93a05de,ecmwf00-a2d77f25-assumed-7b9a425c47be-1-20260215,2026-02-15T00:00:00+00:00,2026-02-15T10:00:00+00:00
2026-02-15T12:00:00+00:00,turbine-1,2026-02-17T01:00:00+00:00,37,0.333096,model-weather-experiment-640618020c918c13b93a05de,ecmwf00-a2d77f25-assumed-7b9a425c47be-1-20260215,2026-02-15T00:00:00+00:00,2026-02-15T10:00:00+00:00
2026-02-15T12:00:00+00:00,turbine-1,2026-02-17T02:00:00+00:00,38,0.225278,model-weather-experiment-640618020c918c13b93a05de,ecmwf00-a2d77f25-assumed-7b9a425c47be-1-20260215,2026-02-15T00:00:00+00:00,2026-02-15T10:00:00+00:00
2026-02-15T12:00:00+00:00,turbine-1,2026-02-17T03:00:00+00:00,39,0.169011,model-weather-experiment-640618020c918c13b93a05de,ecmwf00-a2d77f25-assumed-7b9a425c47be-1-20260215,2026-02-15T00:00:00+00:00,2026-02-15T10:00:00+00:00
2026-02-15T12:00:00+00:00,turbine-1,2026-02-17T04:00:00+00:00,40,0.180411,model-weather-experiment-640618020c918c13b93a05de,ecmwf00-a2d77f25-assumed-7b9a425c47be-1-20260215,2026-02-15T00:00:00+00:00,2026-02-15T10:00:00+00:00
2026-02-15T12:00:00+00:00,turbine-1,2026-02-17T05:00:00+00:00,41,0.243406,model-weather-experiment-640618020c918c13b93a05de,ecmwf00-a2d77f25-assumed-7b9a425c47be-1-20260215,2026-02-15T00:00:00+00:00,2026-02-15T10:00:00+00:00
2026-02-15T12:00:00+00:00,turbine-1,2026-02-17T06:00:00+00:00,42,0.22727,model-weather-experiment-640618020c918c13b93a05de,ecmwf00-a2d77f25-assumed-7b9a425c47be-1-20260215,2026-02-15T00:00:00+00:00,2026-02-15T10:00:00+00:00
2026-02-15T12:00:00+00:00,turbine-1,2026-02-17T07:00:00+00:00,43,0.149047,model-weather-experiment-640618020c918c13b93a05de,ecmwf00-a2d77f25-assumed-7b9a425c47be-1-20260215,2026-02-15T00:00:00+00:00,2026-02-15T10:00:00+00:00
2026-02-15T12:00:00+00:00,turbine-1,2026-02-17T08:00:00+00:00,44,0.111636,model-weather-experiment-640618020c918c13b93a05de,ecmwf00-a2d77f25-assumed-7b9a425c47be-1-20260215,2026-02-15T00:00:00+00:00,2026-02-15T10:00:00+00:00
2026-02-15T12:00:00+00:00,turbine-1,2026-02-17T09:00:00+00:00,45,0.167815,model-weather-experiment-640618020c918c13b93a05de,ecmwf00-a2d77f25-assumed-7b9a425c47be-1-20260215,2026-02-15T00:00:00+00:00,2026-02-15T10:00:00+00:00
2026-02-15T12:00:00+00:00,turbine-1,2026-02-17T10:00:00+00:00,46,0.238987,model-weather-experiment-640618020c918c13b93a05de,ecmwf00-a2d77f25-assumed-7b9a425c47be-1-20260215,2026-02-15T00:00:00+00:00,2026-02-15T10:00:00+00:00
2026-02-15T12:00:00+00:00,turbine-1,2026-02-17T11:00:00+00:00,47,0.264105,model-weather-experiment-640618020c918c13b93a05de,ecmwf00-a2d77f25-assumed-7b9a425c47be-1-20260215,2026-02-15T00:00:00+00:00,2026-02-15T10:00:00+00:00
2026-02-15T12:00:00+00:00,turbine-1,2026-02-17T12:00:00+00:00,48,0.425197,model-weather-experiment-640618020c918c13b93a05de,ecmwf00-a2d77f25-assumed-7b9a425c47be-1-20260215,2026-02-15T00:00:00+00:00,2026-02-15T10:00:00+00:00
2026-02-15T12:00:00+00:00,turbine-2,2026-02-15T13:00:00+00:00,1,0.781862,model-weather-experiment-640618020c918c13b93a05de,ecmwf00-a2d77f25-assumed-7b9a425c47be-2-20260215,2026-02-15T00:00:00+00:00,2026-02-15T10:00:00+00:00
2026-02-15T12:00:00+00:00,turbine-2,2026-02-15T14:00:00+00:00,2,0.723722,model-weather-experiment-640618020c918c13b93a05de,ecmwf00-a2d77f25-assumed-7b9a425c47be-2-20260215,2026-02-15T00:00:00+00:00,2026-02-15T10:00:00+00:00
2026-02-15T12:00:00+00:00,turbine-2,2026-02-15T15:00:00+00:00,3,0.671248,model-weather-experiment-640618020c918c13b93a05de,ecmwf00-a2d77f25-assumed-7b9a425c47be-2-20260215,2026-02-15T00:00:00+00:00,2026-02-15T10:00:00+00:00
2026-02-15T12:00:00+00:00,turbine-2,2026-02-15T16:00:00+00:00,4,0.496909,model-weather-experiment-640618020c918c13b93a05de,ecmwf00-a2d77f25-assumed-7b9a425c47be-2-20260215,2026-02-15T00:00:00+00:00,2026-02-15T10:00:00+00:00
2026-02-15T12:00:00+00:00,turbine-2,2026-02-15T17:00:00+00:00,5,0.323406,model-weather-experiment-640618020c918c13b93a05de,ecmwf00-a2d77f25-assumed-7b9a425c47be-2-20260215,2026-02-15T00:00:00+00:00,2026-02-15T10:00:00+00:00
2026-02-15T12:00:00+00:00,turbine-2,2026-02-15T18:00:00+00:00,6,0.210135,model-weather-experiment-640618020c918c13b93a05de,ecmwf00-a2d77f25-assumed-7b9a425c47be-2-20260215,2026-02-15T00:00:00+00:00,2026-02-15T10:00:00+00:00
2026-02-15T12:00:00+00:00,turbine-2,2026-02-15T19:00:00+00:00,7,0.267855,model-weather-experiment-640618020c918c13b93a05de,ecmwf00-a2d77f25-assumed-7b9a425c47be-2-20260215,2026-02-15T00:00:00+00:00,2026-02-15T10:00:00+00:00
2026-02-15T12:00:00+00:00,turbine-2,2026-02-15T20:00:00+00:00,8,0.425137,model-weather-experiment-640618020c918c13b93a05de,ecmwf00-a2d77f25-assumed-7b9a425c47be-2-20260215,2026-02-15T00:00:00+00:00,2026-02-15T10:00:00+00:00
2026-02-15T12:00:00+00:00,turbine-2,2026-02-15T21:00:00+00:00,9,0.459925,model-weather-experiment-640618020c918c13b93a05de,ecmwf00-a2d77f25-assumed-7b9a425c47be-2-20260215,2026-02-15T00:00:00+00:00,2026-02-15T10:00:00+00:00
2026-02-15T12:00:00+00:00,turbine-2,2026-02-15T22:00:00+00:00,10,0.581613,model-weather-experiment-640618020c918c13b93a05de,ecmwf00-a2d77f25-assumed-7b9a425c47be-2-20260215,2026-02-15T00:00:00+00:00,2026-02-15T10:00:00+00:00
2026-02-15T12:00:00+00:00,turbine-2,2026-02-15T23:00:00+00:00,11,0.758232,model-weather-experiment-640618020c918c13b93a05de,ecmwf00-a2d77f25-assumed-7b9a425c47be-2-20260215,2026-02-15T00:00:00+00:00,2026-02-15T10:00:00+00:00
2026-02-15T12:00:00+00:00,turbine-2,2026-02-16T00:00:00+00:00,12,0.447499,model-weather-experiment-640618020c918c13b93a05de,ecmwf00-a2d77f25-assumed-7b9a425c47be-2-20260215,2026-02-15T00:00:00+00:00,2026-02-15T10:00:00+00:00
2026-02-15T12:00:00+00:00,turbine-2,2026-02-16T01:00:00+00:00,13,0.469796,model-weather-experiment-640618020c918c13b93a05de,ecmwf00-a2d77f25-assumed-7b9a425c47be-2-20260215,2026-02-15T00:00:00+00:00,2026-02-15T10:00:00+00:00
2026-02-15T12:00:00+00:00,turbine-2,2026-02-16T02:00:00+00:00,14,0.484133,model-weather-experiment-640618020c918c13b93a05de,ecmwf00-a2d77f25-assumed-7b9a425c47be-2-20260215,2026-02-15T00:00:00+00:00,2026-02-15T10:00:00+00:00
2026-02-15T12:00:00+00:00,turbine-2,2026-02-16T03:00:00+00:00,15,0.435994,model-weather-experiment-640618020c918c13b93a05de,ecmwf00-a2d77f25-assumed-7b9a425c47be-2-20260215,2026-02-15T00:00:00+00:00,2026-02-15T10:00:00+00:00
2026-02-15T12:00:00+00:00,turbine-2,2026-02-16T04:00:00+00:00,16,0.546069,model-weather-experiment-640618020c918c13b93a05de,ecmwf00-a2d77f25-assumed-7b9a425c47be-2-20260215,2026-02-15T00:00:00+00:00,2026-02-15T10:00:00+00:00
2026-02-15T12:00:00+00:00,turbine-2,2026-02-16T05:00:00+00:00,17,0.30506,model-weather-experiment-640618020c918c13b93a05de,ecmwf00-a2d77f25-assumed-7b9a425c47be-2-20260215,2026-02-15T00:00:00+00:00,2026-02-15T10:00:00+00:00
2026-02-15T12:00:00+00:00,turbine-2,2026-02-16T06:00:00+00:00,18,0.583479,model-weather-experiment-640618020c918c13b93a05de,ecmwf00-a2d77f25-assumed-7b9a425c47be-2-20260215,2026-02-15T00:00:00+00:00,2026-02-15T10:00:00+00:00
2026-02-15T12:00:00+00:00,turbine-2,2026-02-16T07:00:00+00:00,19,0.777159,model-weather-experiment-640618020c918c13b93a05de,ecmwf00-a2d77f25-assumed-7b9a425c47be-2-20260215,2026-02-15T00:00:00+00:00,2026-02-15T10:00:00+00:00
2026-02-15T12:00:00+00:00,turbine-2,2026-02-16T08:00:00+00:00,20,0.796162,model-weather-experiment-640618020c918c13b93a05de,ecmwf00-a2d77f25-assumed-7b9a425c47be-2-20260215,2026-02-15T00:00:00+00:00,2026-02-15T10:00:00+00:00
2026-02-15T12:00:00+00:00,turbine-2,2026-02-16T09:00:00+00:00,21,0.775236,model-weather-experiment-640618020c918c13b93a05de,ecmwf00-a2d77f25-assumed-7b9a425c47be-2-20260215,2026-02-15T00:00:00+00:00,2026-02-15T10:00:00+00:00
2026-02-15T12:00:00+00:00,turbine-2,2026-02-16T10:00:00+00:00,22,0.787531,model-weather-experiment-640618020c918c13b93a05de,ecmwf00-a2d77f25-assumed-7b9a425c47be-2-20260215,2026-02-15T00:00:00+00:00,2026-02-15T10:00:00+00:00
2026-02-15T12:00:00+00:00,turbine-2,2026-02-16T11:00:00+00:00,23,0.690824,model-weather-experiment-640618020c918c13b93a05de,ecmwf00-a2d77f25-assumed-7b9a425c47be-2-20260215,2026-02-15T00:00:00+00:00,2026-02-15T10:00:00+00:00
2026-02-15T12:00:00+00:00,turbine-2,2026-02-16T12:00:00+00:00,24,0.435503,model-weather-experiment-640618020c918c13b93a05de,ecmwf00-a2d77f25-assumed-7b9a425c47be-2-20260215,2026-02-15T00:00:00+00:00,2026-02-15T10:00:00+00:00
2026-02-15T12:00:00+00:00,turbine-2,2026-02-16T13:00:00+00:00,25,0.279188,model-weather-experiment-640618020c918c13b93a05de,ecmwf00-a2d77f25-assumed-7b9a425c47be-2-20260215,2026-02-15T00:00:00+00:00,2026-02-15T10:00:00+00:00
2026-02-15T12:00:00+00:00,turbine-2,2026-02-16T14:00:00+00:00,26,0.315456,model-weather-experiment-640618020c918c13b93a05de,ecmwf00-a2d77f25-assumed-7b9a425c47be-2-20260215,2026-02-15T00:00:00+00:00,2026-02-15T10:00:00+00:00
2026-02-15T12:00:00+00:00,turbine-2,2026-02-16T15:00:00+00:00,27,0.401225,model-weather-experiment-640618020c918c13b93a05de,ecmwf00-a2d77f25-assumed-7b9a425c47be-2-20260215,2026-02-15T00:00:00+00:00,2026-02-15T10:00:00+00:00
2026-02-15T12:00:00+00:00,turbine-2,2026-02-16T16:00:00+00:00,28,0.38123,model-weather-experiment-640618020c918c13b93a05de,ecmwf00-a2d77f25-assumed-7b9a425c47be-2-20260215,2026-02-15T00:00:00+00:00,2026-02-15T10:00:00+00:00
2026-02-15T12:00:00+00:00,turbine-2,2026-02-16T17:00:00+00:00,29,0.348506,model-weather-experiment-640618020c918c13b93a05de,ecmwf00-a2d77f25-assumed-7b9a425c47be-2-20260215,2026-02-15T00:00:00+00:00,2026-02-15T10:00:00+00:00
2026-02-15T12:00:00+00:00,turbine-2,2026-02-16T18:00:00+00:00,30,0.329734,model-weather-experiment-640618020c918c13b93a05de,ecmwf00-a2d77f25-assumed-7b9a425c47be-2-20260215,2026-02-15T00:00:00+00:00,2026-02-15T10:00:00+00:00
2026-02-15T12:00:00+00:00,turbine-2,2026-02-16T19:00:00+00:00,31,0.296662,model-weather-experiment-640618020c918c13b93a05de,ecmwf00-a2d77f25-assumed-7b9a425c47be-2-20260215,2026-02-15T00:00:00+00:00,2026-02-15T10:00:00+00:00
2026-02-15T12:00:00+00:00,turbine-2,2026-02-16T20:00:00+00:00,32,0.320162,model-weather-experiment-640618020c918c13b93a05de,ecmwf00-a2d77f25-assumed-7b9a425c47be-2-20260215,2026-02-15T00:00:00+00:00,2026-02-15T10:00:00+00:00
2026-02-15T12:00:00+00:00,turbine-2,2026-02-16T21:00:00+00:00,33,0.33339,model-weather-experiment-640618020c918c13b93a05de,ecmwf00-a2d77f25-assumed-7b9a425c47be-2-20260215,2026-02-15T00:00:00+00:00,2026-02-15T10:00:00+00:00
2026-02-15T12:00:00+00:00,turbine-2,2026-02-16T22:00:00+00:00,34,0.317271,model-weather-experiment-640618020c918c13b93a05de,ecmwf00-a2d77f25-assumed-7b9a425c47be-2-20260215,2026-02-15T00:00:00+00:00,2026-02-15T10:00:00+00:00
2026-02-15T12:00:00+00:00,turbine-2,2026-02-16T23:00:00+00:00,35,0.219423,model-weather-experiment-640618020c918c13b93a05de,ecmwf00-a2d77f25-assumed-7b9a425c47be-2-20260215,2026-02-15T00:00:00+00:00,2026-02-15T10:00:00+00:00
2026-02-15T12:00:00+00:00,turbine-2,2026-02-17T00:00:00+00:00,36,0.26001,model-weather-experiment-640618020c918c13b93a05de,ecmwf00-a2d77f25-assumed-7b9a425c47be-2-20260215,2026-02-15T00:00:00+00:00,2026-02-15T10:00:00+00:00
2026-02-15T12:00:00+00:00,turbine-2,2026-02-17T01:00:00+00:00,37,0.263182,model-weather-experiment-640618020c918c13b93a05de,ecmwf00-a2d77f25-assumed-7b9a425c47be-2-20260215,2026-02-15T00:00:00+00:00,2026-02-15T10:00:00+00:00
2026-02-15T12:00:00+00:00,turbine-2,2026-02-17T02:00:00+00:00,38,0.184679,model-weather-experiment-640618020c918c13b93a05de,ecmwf00-a2d77f25-assumed-7b9a425c47be-2-20260215,2026-02-15T00:00:00+00:00,2026-02-15T10:00:00+00:00
2026-02-15T12:00:00+00:00,turbine-2,2026-02-17T03:00:00+00:00,39,0.125477,model-weather-experiment-640618020c918c13b93a05de,ecmwf00-a2d77f25-assumed-7b9a425c47be-2-20260215,2026-02-15T00:00:00+00:00,2026-02-15T10:00:00+00:00
2026-02-15T12:00:00+00:00,turbine-2,2026-02-17T04:00:00+00:00,40,0.148291,model-weather-experiment-640618020c918c13b93a05de,ecmwf00-a2d77f25-assumed-7b9a425c47be-2-20260215,2026-02-15T00:00:00+00:00,2026-02-15T10:00:00+00:00
2026-02-15T12:00:00+00:00,turbine-2,2026-02-17T05:00:00+00:00,41,0.190483,model-weather-experiment-640618020c918c13b93a05de,ecmwf00-a2d77f25-assumed-7b9a425c47be-2-20260215,2026-02-15T00:00:00+00:00,2026-02-15T10:00:00+00:00
2026-02-15T12:00:00+00:00,turbine-2,2026-02-17T06:00:00+00:00,42,0.202489,model-weather-experiment-640618020c918c13b93a05de,ecmwf00-a2d77f25-assumed-7b9a425c47be-2-20260215,2026-02-15T00:00:00+00:00,2026-02-15T10:00:00+00:00
2026-02-15T12:00:00+00:00,turbine-2,2026-02-17T07:00:00+00:00,43,0.162473,model-weather-experiment-640618020c918c13b93a05de,ecmwf00-a2d77f25-assumed-7b9a425c47be-2-20260215,2026-02-15T00:00:00+00:00,2026-02-15T10:00:00+00:00
2026-02-15T12:00:00+00:00,turbine-2,2026-02-17T08:00:00+00:00,44,0.117408,model-weather-experiment-640618020c918c13b93a05de,ecmwf00-a2d77f25-assumed-7b9a425c47be-2-20260215,2026-02-15T00:00:00+00:00,2026-02-15T10:00:00+00:00
2026-02-15T12:00:00+00:00,turbine-2,2026-02-17T09:00:00+00:00,45,0.13965,model-weather-experiment-640618020c918c13b93a05de,ecmwf00-a2d77f25-assumed-7b9a425c47be-2-20260215,2026-02-15T00:00:00+00:00,2026-02-15T10:00:00+00:00
2026-02-15T12:00:00+00:00,turbine-2,2026-02-17T10:00:00+00:00,46,0.227517,model-weather-experiment-640618020c918c13b93a05de,ecmwf00-a2d77f25-assumed-7b9a425c47be-2-20260215,2026-02-15T00:00:00+00:00,2026-02-15T10:00:00+00:00
2026-02-15T12:00:00+00:00,turbine-2,2026-02-17T11:00:00+00:00,47,0.228726,model-weather-experiment-640618020c918c13b93a05de,ecmwf00-a2d77f25-assumed-7b9a425c47be-2-20260215,2026-02-15T00:00:00+00:00,2026-02-15T10:00:00+00:00
2026-02-15T12:00:00+00:00,turbine-2,2026-02-17T12:00:00+00:00,48,0.399653,model-weather-experiment-640618020c918c13b93a05de,ecmwf00-a2d77f25-assumed-7b9a425c47be-2-20260215,2026-02-15T00:00:00+00:00,2026-02-15T10:00:00+00:00
2026-02-16T12:00:00+00:00,turbine-1,2026-02-16T13:00:00+00:00,1,0.356486,model-weather-experiment-640618020c918c13b93a05de,ecmwf00-a2d77f25-assumed-7b9a425c47be-1-20260216,2026-02-16T00:00:00+00:00,2026-02-16T10:00:00+00:00
2026-02-16T12:00:00+00:00,turbine-1,2026-02-16T14:00:00+00:00,2,0.314803,model-weather-experiment-640618020c918c13b93a05de,ecmwf00-a2d77f25-assumed-7b9a425c47be-1-20260216,2026-02-16T00:00:00+00:00,2026-02-16T10:00:00+00:00
2026-02-16T12:00:00+00:00,turbine-1,2026-02-16T15:00:00+00:00,3,0.453222,model-weather-experiment-640618020c918c13b93a05de,ecmwf00-a2d77f25-assumed-7b9a425c47be-1-20260216,2026-02-16T00:00:00+00:00,2026-02-16T10:00:00+00:00
2026-02-16T12:00:00+00:00,turbine-1,2026-02-16T16:00:00+00:00,4,0.256021,model-weather-experiment-640618020c918c13b93a05de,ecmwf00-a2d77f25-assumed-7b9a425c47be-1-20260216,2026-02-16T00:00:00+00:00,2026-02-16T10:00:00+00:00
2026-02-16T12:00:00+00:00,turbine-1,2026-02-16T17:00:00+00:00,5,0.234729,model-weather-experiment-640618020c918c13b93a05de,ecmwf00-a2d77f25-assumed-7b9a425c47be-1-20260216,2026-02-16T00:00:00+00:00,2026-02-16T10:00:00+00:00
2026-02-16T12:00:00+00:00,turbine-1,2026-02-16T18:00:00+00:00,6,0.259236,model-weather-experiment-640618020c918c13b93a05de,ecmwf00-a2d77f25-assumed-7b9a425c47be-1-20260216,2026-02-16T00:00:00+00:00,2026-02-16T10:00:00+00:00
2026-02-16T12:00:00+00:00,turbine-1,2026-02-16T19:00:00+00:00,7,0.189296,model-weather-experiment-640618020c918c13b93a05de,ecmwf00-a2d77f25-assumed-7b9a425c47be-1-20260216,2026-02-16T00:00:00+00:00,2026-02-16T10:00:00+00:00
2026-02-16T12:00:00+00:00,turbine-1,2026-02-16T20:00:00+00:00,8,0.204574,model-weather-experiment-640618020c918c13b93a05de,ecmwf00-a2d77f25-assumed-7b9a425c47be-1-20260216,2026-02-16T00:00:00+00:00,2026-02-16T10:00:00+00:00
2026-02-16T12:00:00+00:00,turbine-1,2026-02-16T21:00:00+00:00,9,0.289741,model-weather-experiment-640618020c918c13b93a05de,ecmwf00-a2d77f25-assumed-7b9a425c47be-1-20260216,2026-02-16T00:00:00+00:00,2026-02-16T10:00:00+00:00
2026-02-16T12:00:00+00:00,turbine-1,2026-02-16T22:00:00+00:00,10,0.324216,model-weather-experiment-640618020c918c13b93a05de,ecmwf00-a2d77f25-assumed-7b9a425c47be-1-20260216,2026-02-16T00:00:00+00:00,2026-02-16T10:00:00+00:00
2026-02-16T12:00:00+00:00,turbine-1,2026-02-16T23:00:00+00:00,11,0.178427,model-weather-experiment-640618020c918c13b93a05de,ecmwf00-a2d77f25-assumed-7b9a425c47be-1-20260216,2026-02-16T00:00:00+00:00,2026-02-16T10:00:00+00:00
2026-02-16T12:00:00+00:00,turbine-1,2026-02-17T00:00:00+00:00,12,0.082673,model-weather-experiment-640618020c918c13b93a05de,ecmwf00-a2d77f25-assumed-7b9a425c47be-1-20260216,2026-02-16T00:00:00+00:00,2026-02-16T10:00:00+00:00
2026-02-16T12:00:00+00:00,turbine-1,2026-02-17T01:00:00+00:00,13,0.052283,model-weather-experiment-640618020c918c13b93a05de,ecmwf00-a2d77f25-assumed-7b9a425c47be-1-20260216,2026-02-16T00:00:00+00:00,2026-02-16T10:00:00+00:00
2026-02-16T12:00:00+00:00,turbine-1,2026-02-17T02:00:00+00:00,14,0.104788,model-weather-experiment-640618020c918c13b93a05de,ecmwf00-a2d77f25-assumed-7b9a425c47be-1-20260216,2026-02-16T00:00:00+00:00,2026-02-16T10:00:00+00:00
2026-02-16T12:00:00+00:00,turbine-1,2026-02-17T03:00:00+00:00,15,0.181652,model-weather-experiment-640618020c918c13b93a05de,ecmwf00-a2d77f25-assumed-7b9a425c47be-1-20260216,2026-02-16T00:00:00+00:00,2026-02-16T10:00:00+00:00
2026-02-16T12:00:00+00:00,turbine-1,2026-02-17T04:00:00+00:00,16,0.271902,model-weather-experiment-640618020c918c13b93a05de,ecmwf00-a2d77f25-assumed-7b9a425c47be-1-20260216,2026-02-16T00:00:00+00:00,2026-02-16T10:00:00+00:00
2026-02-16T12:00:00+00:00,turbine-1,2026-02-17T05:00:00+00:00,17,0.377326,model-weather-experiment-640618020c918c13b93a05de,ecmwf00-a2d77f25-assumed-7b9a425c47be-1-20260216,2026-02-16T00:00:00+00:00,2026-02-16T10:00:00+00:00
2026-02-16T12:00:00+00:00,turbine-1,2026-02-17T06:00:00+00:00,18,0.30381,model-weather-experiment-640618020c918c13b93a05de,ecmwf00-a2d77f25-assumed-7b9a425c47be-1-20260216,2026-02-16T00:00:00+00:00,2026-02-16T10:00:00+00:00
2026-02-16T12:00:00+00:00,turbine-1,2026-02-17T07:00:00+00:00,19,0.193661,model-weather-experiment-640618020c918c13b93a05de,ecmwf00-a2d77f25-assumed-7b9a425c47be-1-20260216,2026-02-16T00:00:00+00:00,2026-02-16T10:00:00+00:00
2026-02-16T12:00:00+00:00,turbine-1,2026-02-17T08:00:00+00:00,20,0.206408,model-weather-experiment-640618020c918c13b93a05de,ecmwf00-a2d77f25-assumed-7b9a425c47be-1-20260216,2026-02-16T00:00:00+00:00,2026-02-16T10:00:00+00:00
2026-02-16T12:00:00+00:00,turbine-1,2026-02-17T09:00:00+00:00,21,0.152831,model-weather-experiment-640618020c918c13b93a05de,ecmwf00-a2d77f25-assumed-7b9a425c47be-1-20260216,2026-02-16T00:00:00+00:00,2026-02-16T10:00:00+00:00
2026-02-16T12:00:00+00:00,turbine-1,2026-02-17T10:00:00+00:00,22,0.256317,model-weather-experiment-640618020c918c13b93a05de,ecmwf00-a2d77f25-assumed-7b9a425c47be-1-20260216,2026-02-16T00:00:00+00:00,2026-02-16T10:00:00+00:00
2026-02-16T12:00:00+00:00,turbine-1,2026-02-17T11:00:00+00:00,23,0.358218,model-weather-experiment-640618020c918c13b93a05de,ecmwf00-a2d77f25-assumed-7b9a425c47be-1-20260216,2026-02-16T00:00:00+00:00,2026-02-16T10:00:00+00:00
2026-02-16T12:00:00+00:00,turbine-1,2026-02-17T12:00:00+00:00,24,0.638643,model-weather-experiment-640618020c918c13b93a05de,ecmwf00-a2d77f25-assumed-7b9a425c47be-1-20260216,2026-02-16T00:00:00+00:00,2026-02-16T10:00:00+00:00
2026-02-16T12:00:00+00:00,turbine-1,2026-02-17T13:00:00+00:00,25,0.705975,model-weather-experiment-640618020c918c13b93a05de,ecmwf00-a2d77f25-assumed-7b9a425c47be-1-20260216,2026-02-16T00:00:00+00:00,2026-02-16T10:00:00+00:00
2026-02-16T12:00:00+00:00,turbine-1,2026-02-17T14:00:00+00:00,26,0.750858,model-weather-experiment-640618020c918c13b93a05de,ecmwf00-a2d77f25-assumed-7b9a425c47be-1-20260216,2026-02-16T00:00:00+00:00,2026-02-16T10:00:00+00:00
2026-02-16T12:00:00+00:00,turbine-1,2026-02-17T15:00:00+00:00,27,0.833082,model-weather-experiment-640618020c918c13b93a05de,ecmwf00-a2d77f25-assumed-7b9a425c47be-1-20260216,2026-02-16T00:00:00+00:00,2026-02-16T10:00:00+00:00
2026-02-16T12:00:00+00:00,turbine-1,2026-02-17T16:00:00+00:00,28,0.757573,model-weather-experiment-640618020c918c13b93a05de,ecmwf00-a2d77f25-assumed-7b9a425c47be-1-20260216,2026-02-16T00:00:00+00:00,2026-02-16T10:00:00+00:00
2026-02-16T12:00:00+00:00,turbine-1,2026-02-17T17:00:00+00:00,29,0.594313,model-weather-experiment-640618020c918c13b93a05de,ecmwf00-a2d77f25-assumed-7b9a425c47be-1-20260216,2026-02-16T00:00:00+00:00,2026-02-16T10:00:00+00:00
2026-02-16T12:00:00+00:00,turbine-1,2026-02-17T18:00:00+00:00,30,0.660814,model-weather-experiment-640618020c918c13b93a05de,ecmwf00-a2d77f25-assumed-7b9a425c47be-1-20260216,2026-02-16T00:00:00+00:00,2026-02-16T10:00:00+00:00
2026-02-16T12:00:00+00:00,turbine-1,2026-02-17T19:00:00+00:00,31,0.815528,model-weather-experiment-640618020c918c13b93a05de,ecmwf00-a2d77f25-assumed-7b9a425c47be-1-20260216,2026-02-16T00:00:00+00:00,2026-02-16T10:00:00+00:00
2026-02-16T12:00:00+00:00,turbine-1,2026-02-17T20:00:00+00:00,32,0.734591,model-weather-experiment-640618020c918c13b93a05de,ecmwf00-a2d77f25-assumed-7b9a425c47be-1-20260216,2026-02-16T00:00:00+00:00,2026-02-16T10:00:00+00:00
2026-02-16T12:00:00+00:00,turbine-1,2026-02-17T21:00:00+00:00,33,0.60032,model-weather-experiment-640618020c918c13b93a05de,ecmwf00-a2d77f25-assumed-7b9a425c47be-1-20260216,2026-02-16T00:00:00+00:00,2026-02-16T10:00:00+00:00
2026-02-16T12:00:00+00:00,turbine-1,2026-02-17T22:00:00+00:00,34,0.60344,model-weather-experiment-640618020c918c13b93a05de,ecmwf00-a2d77f25-assumed-7b9a425c47be-1-20260216,2026-02-16T00:00:00+00:00,2026-02-16T10:00:00+00:00
2026-02-16T12:00:00+00:00,turbine-1,2026-02-17T23:00:00+00:00,35,0.735677,model-weather-experiment-640618020c918c13b93a05de,ecmwf00-a2d77f25-assumed-7b9a425c47be-1-20260216,2026-02-16T00:00:00+00:00,2026-02-16T10:00:00+00:00
2026-02-16T12:00:00+00:00,turbine-1,2026-02-18T00:00:00+00:00,36,0.831486,model-weather-experiment-640618020c918c13b93a05de,ecmwf00-a2d77f25-assumed-7b9a425c47be-1-20260216,2026-02-16T00:00:00+00:00,2026-02-16T10:00:00+00:00
2026-02-16T12:00:00+00:00,turbine-1,2026-02-18T01:00:00+00:00,37,0.871447,model-weather-experiment-640618020c918c13b93a05de,ecmwf00-a2d77f25-assumed-7b9a425c47be-1-20260216,2026-02-16T00:00:00+00:00,2026-02-16T10:00:00+00:00
2026-02-16T12:00:00+00:00,turbine-1,2026-02-18T02:00:00+00:00,38,0.83992,model-weather-experiment-640618020c918c13b93a05de,ecmwf00-a2d77f25-assumed-7b9a425c47be-1-20260216,2026-02-16T00:00:00+00:00,2026-02-16T10:00:00+00:00
2026-02-16T12:00:00+00:00,turbine-1,2026-02-18T03:00:00+00:00,39,0.890737,model-weather-experiment-640618020c918c13b93a05de,ecmwf00-a2d77f25-assumed-7b9a425c47be-1-20260216,2026-02-16T00:00:00+00:00,2026-02-16T10:00:00+00:00
2026-02-16T12:00:00+00:00,turbine-1,2026-02-18T04:00:00+00:00,40,0.715176,model-weather-experiment-640618020c918c13b93a05de,ecmwf00-a2d77f25-assumed-7b9a425c47be-1-20260216,2026-02-16T00:00:00+00:00,2026-02-16T10:00:00+00:00
2026-02-16T12:00:00+00:00,turbine-1,2026-02-18T05:00:00+00:00,41,0.744317,model-weather-experiment-640618020c918c13b93a05de,ecmwf00-a2d77f25-assumed-7b9a425c47be-1-20260216,2026-02-16T00:00:00+00:00,2026-02-16T10:00:00+00:00
2026-02-16T12:00:00+00:00,turbine-1,2026-02-18T06:00:00+00:00,42,0.950281,model-weather-experiment-640618020c918c13b93a05de,ecmwf00-a2d77f25-assumed-7b9a425c47be-1-20260216,2026-02-16T00:00:00+00:00,2026-02-16T10:00:00+00:00
2026-02-16T12:00:00+00:00,turbine-1,2026-02-18T07:00:00+00:00,43,0.940248,model-weather-experiment-640618020c918c13b93a05de,ecmwf00-a2d77f25-assumed-7b9a425c47be-1-20260216,2026-02-16T00:00:00+00:00,2026-02-16T10:00:00+00:00
2026-02-16T12:00:00+00:00,turbine-1,2026-02-18T08:00:00+00:00,44,0.953726,model-weather-experiment-640618020c918c13b93a05de,ecmwf00-a2d77f25-assumed-7b9a425c47be-1-20260216,2026-02-16T00:00:00+00:00,2026-02-16T10:00:00+00:00
2026-02-16T12:00:00+00:00,turbine-1,2026-02-18T09:00:00+00:00,45,0.952677,model-weather-experiment-640618020c918c13b93a05de,ecmwf00-a2d77f25-assumed-7b9a425c47be-1-20260216,2026-02-16T00:00:00+00:00,2026-02-16T10:00:00+00:00
2026-02-16T12:00:00+00:00,turbine-1,2026-02-18T10:00:00+00:00,46,0.984978,model-weather-experiment-640618020c918c13b93a05de,ecmwf00-a2d77f25-assumed-7b9a425c47be-1-20260216,2026-02-16T00:00:00+00:00,2026-02-16T10:00:00+00:00
2026-02-16T12:00:00+00:00,turbine-1,2026-02-18T11:00:00+00:00,47,0.987053,model-weather-experiment-640618020c918c13b93a05de,ecmwf00-a2d77f25-assumed-7b9a425c47be-1-20260216,2026-02-16T00:00:00+00:00,2026-02-16T10:00:00+00:00
2026-02-16T12:00:00+00:00,turbine-1,2026-02-18T12:00:00+00:00,48,0.886328,model-weather-experiment-640618020c918c13b93a05de,ecmwf00-a2d77f25-assumed-7b9a425c47be-1-20260216,2026-02-16T00:00:00+00:00,2026-02-16T10:00:00+00:00
2026-02-16T12:00:00+00:00,turbine-2,2026-02-16T13:00:00+00:00,1,0.304356,model-weather-experiment-640618020c918c13b93a05de,ecmwf00-a2d77f25-assumed-7b9a425c47be-2-20260216,2026-02-16T00:00:00+00:00,2026-02-16T10:00:00+00:00
2026-02-16T12:00:00+00:00,turbine-2,2026-02-16T14:00:00+00:00,2,0.244144,model-weather-experiment-640618020c918c13b93a05de,ecmwf00-a2d77f25-assumed-7b9a425c47be-2-20260216,2026-02-16T00:00:00+00:00,2026-02-16T10:00:00+00:00
2026-02-16T12:00:00+00:00,turbine-2,2026-02-16T15:00:00+00:00,3,0.432113,model-weather-experiment-640618020c918c13b93a05de,ecmwf00-a2d77f25-assumed-7b9a425c47be-2-20260216,2026-02-16T00:00:00+00:00,2026-02-16T10:00:00+00:00
2026-02-16T12:00:00+00:00,turbine-2,2026-02-16T16:00:00+00:00,4,0.188068,model-weather-experiment-640618020c918c13b93a05de,ecmwf00-a2d77f25-assumed-7b9a425c47be-2-20260216,2026-02-16T00:00:00+00:00,2026-02-16T10:00:00+00:00
2026-02-16T12:00:00+00:00,turbine-2,2026-02-16T17:00:00+00:00,5,0.211425,model-weather-experiment-640618020c918c13b93a05de,ecmwf00-a2d77f25-assumed-7b9a425c47be-2-20260216,2026-02-16T00:00:00+00:00,2026-02-16T10:00:00+00:00
2026-02-16T12:00:00+00:00,turbine-2,2026-02-16T18:00:00+00:00,6,0.219643,model-weather-experiment-640618020c918c13b93a05de,ecmwf00-a2d77f25-assumed-7b9a425c47be-2-20260216,2026-02-16T00:00:00+00:00,2026-02-16T10:00:00+00:00
2026-02-16T12:00:00+00:00,turbine-2,2026-02-16T19:00:00+00:00,7,0.146876,model-weather-experiment-640618020c918c13b93a05de,ecmwf00-a2d77f25-assumed-7b9a425c47be-2-20260216,2026-02-16T00:00:00+00:00,2026-02-16T10:00:00+00:00
2026-02-16T12:00:00+00:00,turbine-2,2026-02-16T20:00:00+00:00,8,0.158985,model-weather-experiment-640618020c918c13b93a05de,ecmwf00-a2d77f25-assumed-7b9a425c47be-2-20260216,2026-02-16T00:00:00+00:00,2026-02-16T10:00:00+00:00
2026-02-16T12:00:00+00:00,turbine-2,2026-02-16T21:00:00+00:00,9,0.224161,model-weather-experiment-640618020c918c13b93a05de,ecmwf00-a2d77f25-assumed-7b9a425c47be-2-20260216,2026-02-16T00:00:00+00:00,2026-02-16T10:00:00+00:00
2026-02-16T12:00:00+00:00,turbine-2,2026-02-16T22:00:00+00:00,10,0.274459,model-weather-experiment-640618020c918c13b93a05de,ecmwf00-a2d77f25-assumed-7b9a425c47be-2-20260216,2026-02-16T00:00:00+00:00,2026-02-16T10:00:00+00:00
2026-02-16T12:00:00+00:00,turbine-2,2026-02-16T23:00:00+00:00,11,0.141014,model-weather-experiment-640618020c918c13b93a05de,ecmwf00-a2d77f25-assumed-7b9a425c47be-2-20260216,2026-02-16T00:00:00+00:00,2026-02-16T10:00:00+00:00
2026-02-16T12:00:00+00:00,turbine-2,2026-02-17T00:00:00+00:00,12,0.081418,model-weather-experiment-640618020c918c13b93a05de,ecmwf00-a2d77f25-assumed-7b9a425c47be-2-20260216,2026-02-16T00:00:00+00:00,2026-02-16T10:00:00+00:00
2026-02-16T12:00:00+00:00,turbine-2,2026-02-17T01:00:00+00:00,13,0.104478,model-weather-experiment-640618020c918c13b93a05de,ecmwf00-a2d77f25-assumed-7b9a425c47be-2-20260216,2026-02-16T00:00:00+00:00,2026-02-16T10:00:00+00:00
2026-02-16T12:00:00+00:00,turbine-2,2026-02-17T02:00:00+00:00,14,0.091416,model-weather-experiment-640618020c918c13b93a05de,ecmwf00-a2d77f25-assumed-7b9a425c47be-2-20260216,2026-02-16T00:00:00+00:00,2026-02-16T10:00:00+00:00
2026-02-16T12:00:00+00:00,turbine-2,2026-02-17T03:00:00+00:00,15,0.145216,model-weather-experiment-640618020c918c13b93a05de,ecmwf00-a2d77f25-assumed-7b9a425c47be-2-20260216,2026-02-16T00:00:00+00:00,2026-02-16T10:00:00+00:00
2026-02-16T12:00:00+00:00,turbine-2,2026-02-17T04:00:00+00:00,16,0.243992,model-weather-experiment-640618020c918c13b93a05de,ecmwf00-a2d77f25-assumed-7b9a425c47be-2-20260216,2026-02-16T00:00:00+00:00,2026-02-16T10:00:00+00:00
2026-02-16T12:00:00+00:00,turbine-2,2026-02-17T05:00:00+00:00,17,0.332365,model-weather-experiment-640618020c918c13b93a05de,ecmwf00-a2d77f25-assumed-7b9a425c47be-2-20260216,2026-02-16T00:00:00+00:00,2026-02-16T10:00:00+00:00
2026-02-16T12:00:00+00:00,turbine-2,2026-02-17T06:00:00+00:00,18,0.268804,model-weather-experiment-640618020c918c13b93a05de,ecmwf00-a2d77f25-assumed-7b9a425c47be-2-20260216,2026-02-16T00:00:00+00:00,2026-02-16T10:00:00+00:00
2026-02-16T12:00:00+00:00,turbine-2,2026-02-17T07:00:00+00:00,19,0.20701,model-weather-experiment-640618020c918c13b93a05de,ecmwf00-a2d77f25-assumed-7b9a425c47be-2-20260216,2026-02-16T00:00:00+00:00,2026-02-16T10:00:00+00:00
2026-02-16T12:00:00+00:00,turbine-2,2026-02-17T08:00:00+00:00,20,0.19558,model-weather-experiment-640618020c918c13b93a05de,ecmwf00-a2d77f25-assumed-7b9a425c47be-2-20260216,2026-02-16T00:00:00+00:00,2026-02-16T10:00:00+00:00
2026-02-16T12:00:00+00:00,turbine-2,2026-02-17T09:00:00+00:00,21,0.14316,model-weather-experiment-640618020c918c13b93a05de,ecmwf00-a2d77f25-assumed-7b9a425c47be-2-20260216,2026-02-16T00:00:00+00:00,2026-02-16T10:00:00+00:00
2026-02-16T12:00:00+00:00,turbine-2,2026-02-17T10:00:00+00:00,22,0.200711,model-weather-experiment-640618020c918c13b93a05de,ecmwf00-a2d77f25-assumed-7b9a425c47be-2-20260216,2026-02-16T00:00:00+00:00,2026-02-16T10:00:00+00:00
2026-02-16T12:00:00+00:00,turbine-2,2026-02-17T11:00:00+00:00,23,0.309599,model-weather-experiment-640618020c918c13b93a05de,ecmwf00-a2d77f25-assumed-7b9a425c47be-2-20260216,2026-02-16T00:00:00+00:00,2026-02-16T10:00:00+00:00
2026-02-16T12:00:00+00:00,turbine-2,2026-02-17T12:00:00+00:00,24,0.648615,model-weather-experiment-640618020c918c13b93a05de,ecmwf00-a2d77f25-assumed-7b9a425c47be-2-20260216,2026-02-16T00:00:00+00:00,2026-02-16T10:00:00+00:00
2026-02-16T12:00:00+00:00,turbine-2,2026-02-17T13:00:00+00:00,25,0.670287,model-weather-experiment-640618020c918c13b93a05de,ecmwf00-a2d77f25-assumed-7b9a425c47be-2-20260216,2026-02-16T00:00:00+00:00,2026-02-16T10:00:00+00:00
2026-02-16T12:00:00+00:00,turbine-2,2026-02-17T14:00:00+00:00,26,0.757505,model-weather-experiment-640618020c918c13b93a05de,ecmwf00-a2d77f25-assumed-7b9a425c47be-2-20260216,2026-02-16T00:00:00+00:00,2026-02-16T10:00:00+00:00
2026-02-16T12:00:00+00:00,turbine-2,2026-02-17T15:00:00+00:00,27,0.839802,model-weather-experiment-640618020c918c13b93a05de,ecmwf00-a2d77f25-assumed-7b9a425c47be-2-20260216,2026-02-16T00:00:00+00:00,2026-02-16T10:00:00+00:00
2026-02-16T12:00:00+00:00,turbine-2,2026-02-17T16:00:00+00:00,28,0.787228,model-weather-experiment-640618020c918c13b93a05de,ecmwf00-a2d77f25-assumed-7b9a425c47be-2-20260216,2026-02-16T00:00:00+00:00,2026-02-16T10:00:00+00:00
2026-02-16T12:00:00+00:00,turbine-2,2026-02-17T17:00:00+00:00,29,0.593597,model-weather-experiment-640618020c918c13b93a05de,ecmwf00-a2d77f25-assumed-7b9a425c47be-2-20260216,2026-02-16T00:00:00+00:00,2026-02-16T10:00:00+00:00
2026-02-16T12:00:00+00:00,turbine-2,2026-02-17T18:00:00+00:00,30,0.637916,model-weather-experiment-640618020c918c13b93a05de,ecmwf00-a2d77f25-assumed-7b9a425c47be-2-20260216,2026-02-16T00:00:00+00:00,2026-02-16T10:00:00+00:00
2026-02-16T12:00:00+00:00,turbine-2,2026-02-17T19:00:00+00:00,31,0.808632,model-weather-experiment-640618020c918c13b93a05de,ecmwf00-a2d77f25-assumed-7b9a425c47be-2-20260216,2026-02-16T00:00:00+00:00,2026-02-16T10:00:00+00:00
2026-02-16T12:00:00+00:00,turbine-2,2026-02-17T20:00:00+00:00,32,0.677494,model-weather-experiment-640618020c918c13b93a05de,ecmwf00-a2d77f25-assumed-7b9a425c47be-2-20260216,2026-02-16T00:00:00+00:00,2026-02-16T10:00:00+00:00
2026-02-16T12:00:00+00:00,turbine-2,2026-02-17T21:00:00+00:00,33,0.53622,model-weather-experiment-640618020c918c13b93a05de,ecmwf00-a2d77f25-assumed-7b9a425c47be-2-20260216,2026-02-16T00:00:00+00:00,2026-02-16T10:00:00+00:00
2026-02-16T12:00:00+00:00,turbine-2,2026-02-17T22:00:00+00:00,34,0.50229,model-weather-experiment-640618020c918c13b93a05de,ecmwf00-a2d77f25-assumed-7b9a425c47be-2-20260216,2026-02-16T00:00:00+00:00,2026-02-16T10:00:00+00:00
2026-02-16T12:00:00+00:00,turbine-2,2026-02-17T23:00:00+00:00,35,0.66357,model-weather-experiment-640618020c918c13b93a05de,ecmwf00-a2d77f25-assumed-7b9a425c47be-2-20260216,2026-02-16T00:00:00+00:00,2026-02-16T10:00:00+00:00
2026-02-16T12:00:00+00:00,turbine-2,2026-02-18T00:00:00+00:00,36,0.770465,model-weather-experiment-640618020c918c13b93a05de,ecmwf00-a2d77f25-assumed-7b9a425c47be-2-20260216,2026-02-16T00:00:00+00:00,2026-02-16T10:00:00+00:00
2026-02-16T12:00:00+00:00,turbine-2,2026-02-18T01:00:00+00:00,37,0.833513,model-weather-experiment-640618020c918c13b93a05de,ecmwf00-a2d77f25-assumed-7b9a425c47be-2-20260216,2026-02-16T00:00:00+00:00,2026-02-16T10:00:00+00:00
2026-02-16T12:00:00+00:00,turbine-2,2026-02-18T02:00:00+00:00,38,0.813414,model-weather-experiment-640618020c918c13b93a05de,ecmwf00-a2d77f25-assumed-7b9a425c47be-2-20260216,2026-02-16T00:00:00+00:00,2026-02-16T10:00:00+00:00
2026-02-16T12:00:00+00:00,turbine-2,2026-02-18T03:00:00+00:00,39,0.832517,model-weather-experiment-640618020c918c13b93a05de,ecmwf00-a2d77f25-assumed-7b9a425c47be-2-20260216,2026-02-16T00:00:00+00:00,2026-02-16T10:00:00+00:00
2026-02-16T12:00:00+00:00,turbine-2,2026-02-18T04:00:00+00:00,40,0.647424,model-weather-experiment-640618020c918c13b93a05de,ecmwf00-a2d77f25-assumed-7b9a425c47be-2-20260216,2026-02-16T00:00:00+00:00,2026-02-16T10:00:00+00:00
2026-02-16T12:00:00+00:00,turbine-2,2026-02-18T05:00:00+00:00,41,0.732896,model-weather-experiment-640618020c918c13b93a05de,ecmwf00-a2d77f25-assumed-7b9a425c47be-2-20260216,2026-02-16T00:00:00+00:00,2026-02-16T10:00:00+00:00
2026-02-16T12:00:00+00:00,turbine-2,2026-02-18T06:00:00+00:00,42,0.954582,model-weather-experiment-640618020c918c13b93a05de,ecmwf00-a2d77f25-assumed-7b9a425c47be-2-20260216,2026-02-16T00:00:00+00:00,2026-02-16T10:00:00+00:00
2026-02-16T12:00:00+00:00,turbine-2,2026-02-18T07:00:00+00:00,43,0.925107,model-weather-experiment-640618020c918c13b93a05de,ecmwf00-a2d77f25-assumed-7b9a425c47be-2-20260216,2026-02-16T00:00:00+00:00,2026-02-16T10:00:00+00:00
2026-02-16T12:00:00+00:00,turbine-2,2026-02-18T08:00:00+00:00,44,0.936386,model-weather-experiment-640618020c918c13b93a05de,ecmwf00-a2d77f25-assumed-7b9a425c47be-2-20260216,2026-02-16T00:00:00+00:00,2026-02-16T10:00:00+00:00
2026-02-16T12:00:00+00:00,turbine-2,2026-02-18T09:00:00+00:00,45,0.931776,model-weather-experiment-640618020c918c13b93a05de,ecmwf00-a2d77f25-assumed-7b9a425c47be-2-20260216,2026-02-16T00:00:00+00:00,2026-02-16T10:00:00+00:00
2026-02-16T12:00:00+00:00,turbine-2,2026-02-18T10:00:00+00:00,46,0.994802,model-weather-experiment-640618020c918c13b93a05de,ecmwf00-a2d77f25-assumed-7b9a425c47be-2-20260216,2026-02-16T00:00:00+00:00,2026-02-16T10:00:00+00:00
2026-02-16T12:00:00+00:00,turbine-2,2026-02-18T11:00:00+00:00,47,0.998964,model-weather-experiment-640618020c918c13b93a05de,ecmwf00-a2d77f25-assumed-7b9a425c47be-2-20260216,2026-02-16T00:00:00+00:00,2026-02-16T10:00:00+00:00
2026-02-16T12:00:00+00:00,turbine-2,2026-02-18T12:00:00+00:00,48,0.894508,model-weather-experiment-640618020c918c13b93a05de,ecmwf00-a2d77f25-assumed-7b9a425c47be-2-20260216,2026-02-16T00:00:00+00:00,2026-02-16T10:00:00+00:00
2026-02-17T12:00:00+00:00,turbine-1,2026-02-17T13:00:00+00:00,1,0.555129,model-weather-experiment-640618020c918c13b93a05de,ecmwf00-a2d77f25-assumed-7b9a425c47be-1-20260217,2026-02-17T00:00:00+00:00,2026-02-17T10:00:00+00:00
2026-02-17T12:00:00+00:00,turbine-1,2026-02-17T14:00:00+00:00,2,0.56974,model-weather-experiment-640618020c918c13b93a05de,ecmwf00-a2d77f25-assumed-7b9a425c47be-1-20260217,2026-02-17T00:00:00+00:00,2026-02-17T10:00:00+00:00
2026-02-17T12:00:00+00:00,turbine-1,2026-02-17T15:00:00+00:00,3,0.73181,model-weather-experiment-640618020c918c13b93a05de,ecmwf00-a2d77f25-assumed-7b9a425c47be-1-20260217,2026-02-17T00:00:00+00:00,2026-02-17T10:00:00+00:00
2026-02-17T12:00:00+00:00,turbine-1,2026-02-17T16:00:00+00:00,4,0.722091,model-weather-experiment-640618020c918c13b93a05de,ecmwf00-a2d77f25-assumed-7b9a425c47be-1-20260217,2026-02-17T00:00:00+00:00,2026-02-17T10:00:00+00:00
2026-02-17T12:00:00+00:00,turbine-1,2026-02-17T17:00:00+00:00,5,0.668504,model-weather-experiment-640618020c918c13b93a05de,ecmwf00-a2d77f25-assumed-7b9a425c47be-1-20260217,2026-02-17T00:00:00+00:00,2026-02-17T10:00:00+00:00
2026-02-17T12:00:00+00:00,turbine-1,2026-02-17T18:00:00+00:00,6,0.665129,model-weather-experiment-640618020c918c13b93a05de,ecmwf00-a2d77f25-assumed-7b9a425c47be-1-20260217,2026-02-17T00:00:00+00:00,2026-02-17T10:00:00+00:00
2026-02-17T12:00:00+00:00,turbine-1,2026-02-17T19:00:00+00:00,7,0.778808,model-weather-experiment-640618020c918c13b93a05de,ecmwf00-a2d77f25-assumed-7b9a425c47be-1-20260217,2026-02-17T00:00:00+00:00,2026-02-17T10:00:00+00:00
2026-02-17T12:00:00+00:00,turbine-1,2026-02-17T20:00:00+00:00,8,0.826926,model-weather-experiment-640618020c918c13b93a05de,ecmwf00-a2d77f25-assumed-7b9a425c47be-1-20260217,2026-02-17T00:00:00+00:00,2026-02-17T10:00:00+00:00
2026-02-17T12:00:00+00:00,turbine-1,2026-02-17T21:00:00+00:00,9,0.828809,model-weather-experiment-640618020c918c13b93a05de,ecmwf00-a2d77f25-assumed-7b9a425c47be-1-20260217,2026-02-17T00:00:00+00:00,2026-02-17T10:00:00+00:00
2026-02-17T12:00:00+00:00,turbine-1,2026-02-17T22:00:00+00:00,10,0.726611,model-weather-experiment-640618020c918c13b93a05de,ecmwf00-a2d77f25-assumed-7b9a425c47be-1-20260217,2026-02-17T00:00:00+00:00,2026-02-17T10:00:00+00:00
2026-02-17T12:00:00+00:00,turbine-1,2026-02-17T23:00:00+00:00,11,0.872967,model-weather-experiment-640618020c918c13b93a05de,ecmwf00-a2d77f25-assumed-7b9a425c47be-1-20260217,2026-02-17T00:00:00+00:00,2026-02-17T10:00:00+00:00
2026-02-17T12:00:00+00:00,turbine-1,2026-02-18T00:00:00+00:00,12,0.667199,model-weather-experiment-640618020c918c13b93a05de,ecmwf00-a2d77f25-assumed-7b9a425c47be-1-20260217,2026-02-17T00:00:00+00:00,2026-02-17T10:00:00+00:00
2026-02-17T12:00:00+00:00,turbine-1,2026-02-18T01:00:00+00:00,13,0.549224,model-weather-experiment-640618020c918c13b93a05de,ecmwf00-a2d77f25-assumed-7b9a425c47be-1-20260217,2026-02-17T00:00:00+00:00,2026-02-17T10:00:00+00:00
2026-02-17T12:00:00+00:00,turbine-1,2026-02-18T02:00:00+00:00,14,0.668321,model-weather-experiment-640618020c918c13b93a05de,ecmwf00-a2d77f25-assumed-7b9a425c47be-1-20260217,2026-02-17T00:00:00+00:00,2026-02-17T10:00:00+00:00
2026-02-17T12:00:00+00:00,turbine-1,2026-02-18T03:00:00+00:00,15,0.852758,model-weather-experiment-640618020c918c13b93a05de,ecmwf00-a2d77f25-assumed-7b9a425c47be-1-20260217,2026-02-17T00:00:00+00:00,2026-02-17T10:00:00+00:00
2026-02-17T12:00:00+00:00,turbine-1,2026-02-18T04:00:00+00:00,16,0.850087,model-weather-experiment-640618020c918c13b93a05de,ecmwf00-a2d77f25-assumed-7b9a425c47be-1-20260217,2026-02-17T00:00:00+00:00,2026-02-17T10:00:00+00:00
2026-02-17T12:00:00+00:00,turbine-1,2026-02-18T05:00:00+00:00,17,0.84645,model-weather-experiment-640618020c918c13b93a05de,ecmwf00-a2d77f25-assumed-7b9a425c47be-1-20260217,2026-02-17T00:00:00+00:00,2026-02-17T10:00:00+00:00
2026-02-17T12:00:00+00:00,turbine-1,2026-02-18T06:00:00+00:00,18,0.922157,model-weather-experiment-640618020c918c13b93a05de,ecmwf00-a2d77f25-assumed-7b9a425c47be-1-20260217,2026-02-17T00:00:00+00:00,2026-02-17T10:00:00+00:00
2026-02-17T12:00:00+00:00,turbine-1,2026-02-18T07:00:00+00:00,19,0.930245,model-weather-experiment-640618020c918c13b93a05de,ecmwf00-a2d77f25-assumed-7b9a425c47be-1-20260217,2026-02-17T00:00:00+00:00,2026-02-17T10:00:00+00:00
2026-02-17T12:00:00+00:00,turbine-1,2026-02-18T08:00:00+00:00,20,0.96736,model-weather-experiment-640618020c918c13b93a05de,ecmwf00-a2d77f25-assumed-7b9a425c47be-1-20260217,2026-02-17T00:00:00+00:00,2026-02-17T10:00:00+00:00
2026-02-17T12:00:00+00:00,turbine-1,2026-02-18T09:00:00+00:00,21,0.964534,model-weather-experiment-640618020c918c13b93a05de,ecmwf00-a2d77f25-assumed-7b9a425c47be-1-20260217,2026-02-17T00:00:00+00:00,2026-02-17T10:00:00+00:00
2026-02-17T12:00:00+00:00,turbine-1,2026-02-18T10:00:00+00:00,22,0.981356,model-weather-experiment-640618020c918c13b93a05de,ecmwf00-a2d77f25-assumed-7b9a425c47be-1-20260217,2026-02-17T00:00:00+00:00,2026-02-17T10:00:00+00:00
2026-02-17T12:00:00+00:00,turbine-1,2026-02-18T11:00:00+00:00,23,0.961366,model-weather-experiment-640618020c918c13b93a05de,ecmwf00-a2d77f25-assumed-7b9a425c47be-1-20260217,2026-02-17T00:00:00+00:00,2026-02-17T10:00:00+00:00
2026-02-17T12:00:00+00:00,turbine-1,2026-02-18T12:00:00+00:00,24,0.929393,model-weather-experiment-640618020c918c13b93a05de,ecmwf00-a2d77f25-assumed-7b9a425c47be-1-20260217,2026-02-17T00:00:00+00:00,2026-02-17T10:00:00+00:00
2026-02-17T12:00:00+00:00,turbine-1,2026-02-18T13:00:00+00:00,25,0.535616,model-weather-experiment-640618020c918c13b93a05de,ecmwf00-a2d77f25-assumed-7b9a425c47be-1-20260217,2026-02-17T00:00:00+00:00,2026-02-17T10:00:00+00:00
2026-02-17T12:00:00+00:00,turbine-1,2026-02-18T14:00:00+00:00,26,0.577922,model-weather-experiment-640618020c918c13b93a05de,ecmwf00-a2d77f25-assumed-7b9a425c47be-1-20260217,2026-02-17T00:00:00+00:00,2026-02-17T10:00:00+00:00
2026-02-17T12:00:00+00:00,turbine-1,2026-02-18T15:00:00+00:00,27,0.636441,model-weather-experiment-640618020c918c13b93a05de,ecmwf00-a2d77f25-assumed-7b9a425c47be-1-20260217,2026-02-17T00:00:00+00:00,2026-02-17T10:00:00+00:00
2026-02-17T12:00:00+00:00,turbine-1,2026-02-18T16:00:00+00:00,28,0.391901,model-weather-experiment-640618020c918c13b93a05de,ecmwf00-a2d77f25-assumed-7b9a425c47be-1-20260217,2026-02-17T00:00:00+00:00,2026-02-17T10:00:00+00:00
2026-02-17T12:00:00+00:00,turbine-1,2026-02-18T17:00:00+00:00,29,0.60753,model-weather-experiment-640618020c918c13b93a05de,ecmwf00-a2d77f25-assumed-7b9a425c47be-1-20260217,2026-02-17T00:00:00+00:00,2026-02-17T10:00:00+00:00
2026-02-17T12:00:00+00:00,turbine-1,2026-02-18T18:00:00+00:00,30,0.366633,model-weather-experiment-640618020c918c13b93a05de,ecmwf00-a2d77f25-assumed-7b9a425c47be-1-20260217,2026-02-17T00:00:00+00:00,2026-02-17T10:00:00+00:00
2026-02-17T12:00:00+00:00,turbine-1,2026-02-18T19:00:00+00:00,31,0.589099,model-weather-experiment-640618020c918c13b93a05de,ecmwf00-a2d77f25-assumed-7b9a425c47be-1-20260217,2026-02-17T00:00:00+00:00,2026-02-17T10:00:00+00:00
2026-02-17T12:00:00+00:00,turbine-1,2026-02-18T20:00:00+00:00,32,0.373409,model-weather-experiment-640618020c918c13b93a05de,ecmwf00-a2d77f25-assumed-7b9a425c47be-1-20260217,2026-02-17T00:00:00+00:00,2026-02-17T10:00:00+00:00
2026-02-17T12:00:00+00:00,turbine-1,2026-02-18T21:00:00+00:00,33,0.4705,model-weather-experiment-640618020c918c13b93a05de,ecmwf00-a2d77f25-assumed-7b9a425c47be-1-20260217,2026-02-17T00:00:00+00:00,2026-02-17T10:00:00+00:00
2026-02-17T12:00:00+00:00,turbine-1,2026-02-18T22:00:00+00:00,34,0.359898,model-weather-experiment-640618020c918c13b93a05de,ecmwf00-a2d77f25-assumed-7b9a425c47be-1-20260217,2026-02-17T00:00:00+00:00,2026-02-17T10:00:00+00:00
2026-02-17T12:00:00+00:00,turbine-1,2026-02-18T23:00:00+00:00,35,0.536987,model-weather-experiment-640618020c918c13b93a05de,ecmwf00-a2d77f25-assumed-7b9a425c47be-1-20260217,2026-02-17T00:00:00+00:00,2026-02-17T10:00:00+00:00
2026-02-17T12:00:00+00:00,turbine-1,2026-02-19T00:00:00+00:00,36,0.399235,model-weather-experiment-640618020c918c13b93a05de,ecmwf00-a2d77f25-assumed-7b9a425c47be-1-20260217,2026-02-17T00:00:00+00:00,2026-02-17T10:00:00+00:00
2026-02-17T12:00:00+00:00,turbine-1,2026-02-19T01:00:00+00:00,37,0.4177,model-weather-experiment-640618020c918c13b93a05de,ecmwf00-a2d77f25-assumed-7b9a425c47be-1-20260217,2026-02-17T00:00:00+00:00,2026-02-17T10:00:00+00:00
2026-02-17T12:00:00+00:00,turbine-1,2026-02-19T02:00:00+00:00,38,0.349964,model-weather-experiment-640618020c918c13b93a05de,ecmwf00-a2d77f25-assumed-7b9a425c47be-1-20260217,2026-02-17T00:00:00+00:00,2026-02-17T10:00:00+00:00
2026-02-17T12:00:00+00:00,turbine-1,2026-02-19T03:00:00+00:00,39,0.413732,model-weather-experiment-640618020c918c13b93a05de,ecmwf00-a2d77f25-assumed-7b9a425c47be-1-20260217,2026-02-17T00:00:00+00:00,2026-02-17T10:00:00+00:00
2026-02-17T12:00:00+00:00,turbine-1,2026-02-19T04:00:00+00:00,40,0.617921,model-weather-experiment-640618020c918c13b93a05de,ecmwf00-a2d77f25-assumed-7b9a425c47be-1-20260217,2026-02-17T00:00:00+00:00,2026-02-17T10:00:00+00:00
2026-02-17T12:00:00+00:00,turbine-1,2026-02-19T05:00:00+00:00,41,0.330078,model-weather-experiment-640618020c918c13b93a05de,ecmwf00-a2d77f25-assumed-7b9a425c47be-1-20260217,2026-02-17T00:00:00+00:00,2026-02-17T10:00:00+00:00
2026-02-17T12:00:00+00:00,turbine-1,2026-02-19T06:00:00+00:00,42,0.378043,model-weather-experiment-640618020c918c13b93a05de,ecmwf00-a2d77f25-assumed-7b9a425c47be-1-20260217,2026-02-17T00:00:00+00:00,2026-02-17T10:00:00+00:00
2026-02-17T12:00:00+00:00,turbine-1,2026-02-19T07:00:00+00:00,43,0.318931,model-weather-experiment-640618020c918c13b93a05de,ecmwf00-a2d77f25-assumed-7b9a425c47be-1-20260217,2026-02-17T00:00:00+00:00,2026-02-17T10:00:00+00:00
2026-02-17T12:00:00+00:00,turbine-1,2026-02-19T08:00:00+00:00,44,0.246584,model-weather-experiment-640618020c918c13b93a05de,ecmwf00-a2d77f25-assumed-7b9a425c47be-1-20260217,2026-02-17T00:00:00+00:00,2026-02-17T10:00:00+00:00
2026-02-17T12:00:00+00:00,turbine-1,2026-02-19T09:00:00+00:00,45,0.204603,model-weather-experiment-640618020c918c13b93a05de,ecmwf00-a2d77f25-assumed-7b9a425c47be-1-20260217,2026-02-17T00:00:00+00:00,2026-02-17T10:00:00+00:00
2026-02-17T12:00:00+00:00,turbine-1,2026-02-19T10:00:00+00:00,46,0.191545,model-weather-experiment-640618020c918c13b93a05de,ecmwf00-a2d77f25-assumed-7b9a425c47be-1-20260217,2026-02-17T00:00:00+00:00,2026-02-17T10:00:00+00:00
2026-02-17T12:00:00+00:00,turbine-1,2026-02-19T11:00:00+00:00,47,0.290583,model-weather-experiment-640618020c918c13b93a05de,ecmwf00-a2d77f25-assumed-7b9a425c47be-1-20260217,2026-02-17T00:00:00+00:00,2026-02-17T10:00:00+00:00
2026-02-17T12:00:00+00:00,turbine-1,2026-02-19T12:00:00+00:00,48,0.208819,model-weather-experiment-640618020c918c13b93a05de,ecmwf00-a2d77f25-assumed-7b9a425c47be-1-20260217,2026-02-17T00:00:00+00:00,2026-02-17T10:00:00+00:00
2026-02-17T12:00:00+00:00,turbine-2,2026-02-17T13:00:00+00:00,1,0.529065,model-weather-experiment-640618020c918c13b93a05de,ecmwf00-a2d77f25-assumed-7b9a425c47be-2-20260217,2026-02-17T00:00:00+00:00,2026-02-17T10:00:00+00:00
2026-02-17T12:00:00+00:00,turbine-2,2026-02-17T14:00:00+00:00,2,0.568631,model-weather-experiment-640618020c918c13b93a05de,ecmwf00-a2d77f25-assumed-7b9a425c47be-2-20260217,2026-02-17T00:00:00+00:00,2026-02-17T10:00:00+00:00
2026-02-17T12:00:00+00:00,turbine-2,2026-02-17T15:00:00+00:00,3,0.749902,model-weather-experiment-640618020c918c13b93a05de,ecmwf00-a2d77f25-assumed-7b9a425c47be-2-20260217,2026-02-17T00:00:00+00:00,2026-02-17T10:00:00+00:00
2026-02-17T12:00:00+00:00,turbine-2,2026-02-17T16:00:00+00:00,4,0.733281,model-weather-experiment-640618020c918c13b93a05de,ecmwf00-a2d77f25-assumed-7b9a425c47be-2-20260217,2026-02-17T00:00:00+00:00,2026-02-17T10:00:00+00:00
2026-02-17T12:00:00+00:00,turbine-2,2026-02-17T17:00:00+00:00,5,0.617909,model-weather-experiment-640618020c918c13b93a05de,ecmwf00-a2d77f25-assumed-7b9a425c47be-2-20260217,2026-02-17T00:00:00+00:00,2026-02-17T10:00:00+00:00
2026-02-17T12:00:00+00:00,turbine-2,2026-02-17T18:00:00+00:00,6,0.614448,model-weather-experiment-640618020c918c13b93a05de,ecmwf00-a2d77f25-assumed-7b9a425c47be-2-20260217,2026-02-17T00:00:00+00:00,2026-02-17T10:00:00+00:00
2026-02-17T12:00:00+00:00,turbine-2,2026-02-17T19:00:00+00:00,7,0.742794,model-weather-experiment-640618020c918c13b93a05de,ecmwf00-a2d77f25-assumed-7b9a425c47be-2-20260217,2026-02-17T00:00:00+00:00,2026-02-17T10:00:00+00:00
2026-02-17T12:00:00+00:00,turbine-2,2026-02-17T20:00:00+00:00,8,0.801054,model-weather-experiment-640618020c918c13b93a05de,ecmwf00-a2d77f25-assumed-7b9a425c47be-2-20260217,2026-02-17T00:00:00+00:00,2026-02-17T10:00:00+00:00
2026-02-17T12:00:00+00:00,turbine-2,2026-02-17T21:00:00+00:00,9,0.753317,model-weather-experiment-640618020c918c13b93a05de,ecmwf00-a2d77f25-assumed-7b9a425c47be-2-20260217,2026-02-17T00:00:00+00:00,2026-02-17T10:00:00+00:00
2026-02-17T12:00:00+00:00,turbine-2,2026-02-17T22:00:00+00:00,10,0.684103,model-weather-experiment-640618020c918c13b93a05de,ecmwf00-a2d77f25-assumed-7b9a425c47be-2-20260217,2026-02-17T00:00:00+00:00,2026-02-17T10:00:00+00:00
2026-02-17T12:00:00+00:00,turbine-2,2026-02-17T23:00:00+00:00,11,0.806848,model-weather-experiment-640618020c918c13b93a05de,ecmwf00-a2d77f25-assumed-7b9a425c47be-2-20260217,2026-02-17T00:00:00+00:00,2026-02-17T10:00:00+00:00
2026-02-17T12:00:00+00:00,turbine-2,2026-02-18T00:00:00+00:00,12,0.565164,model-weather-experiment-640618020c918c13b93a05de,ecmwf00-a2d77f25-assumed-7b9a425c47be-2-20260217,2026-02-17T00:00:00+00:00,2026-02-17T10:00:00+00:00
2026-02-17T12:00:00+00:00,turbine-2,2026-02-18T01:00:00+00:00,13,0.467761,model-weather-experiment-640618020c918c13b93a05de,ecmwf00-a2d77f25-assumed-7b9a425c47be-2-20260217,2026-02-17T00:00:00+00:00,2026-02-17T10:00:00+00:00
2026-02-17T12:00:00+00:00,turbine-2,2026-02-18T02:00:00+00:00,14,0.610655,model-weather-experiment-640618020c918c13b93a05de,ecmwf00-a2d77f25-assumed-7b9a425c47be-2-20260217,2026-02-17T00:00:00+00:00,2026-02-17T10:00:00+00:00
2026-02-17T12:00:00+00:00,turbine-2,2026-02-18T03:00:00+00:00,15,0.807664,model-weather-experiment-640618020c918c13b93a05de,ecmwf00-a2d77f25-assumed-7b9a425c47be-2-20260217,2026-02-17T00:00:00+00:00,2026-02-17T10:00:00+00:00
2026-02-17T12:00:00+00:00,turbine-2,2026-02-18T04:00:00+00:00,16,0.776727,model-weather-experiment-640618020c918c13b93a05de,ecmwf00-a2d77f25-assumed-7b9a425c47be-2-20260217,2026-02-17T00:00:00+00:00,2026-02-17T10:00:00+00:00
2026-02-17T12:00:00+00:00,turbine-2,2026-02-18T05:00:00+00:00,17,0.880478,model-weather-experiment-640618020c918c13b93a05de,ecmwf00-a2d77f25-assumed-7b9a425c47be-2-20260217,2026-02-17T00:00:00+00:00,2026-02-17T10:00:00+00:00
2026-02-17T12:00:00+00:00,turbine-2,2026-02-18T06:00:00+00:00,18,0.951554,model-weather-experiment-640618020c918c13b93a05de,ecmwf00-a2d77f25-assumed-7b9a425c47be-2-20260217,2026-02-17T00:00:00+00:00,2026-02-17T10:00:00+00:00
2026-02-17T12:00:00+00:00,turbine-2,2026-02-18T07:00:00+00:00,19,0.971386,model-weather-experiment-640618020c918c13b93a05de,ecmwf00-a2d77f25-assumed-7b9a425c47be-2-20260217,2026-02-17T00:00:00+00:00,2026-02-17T10:00:00+00:00
2026-02-17T12:00:00+00:00,turbine-2,2026-02-18T08:00:00+00:00,20,0.970898,model-weather-experiment-640618020c918c13b93a05de,ecmwf00-a2d77f25-assumed-7b9a425c47be-2-20260217,2026-02-17T00:00:00+00:00,2026-02-17T10:00:00+00:00
2026-02-17T12:00:00+00:00,turbine-2,2026-02-18T09:00:00+00:00,21,0.996796,model-weather-experiment-640618020c918c13b93a05de,ecmwf00-a2d77f25-assumed-7b9a425c47be-2-20260217,2026-02-17T00:00:00+00:00,2026-02-17T10:00:00+00:00
2026-02-17T12:00:00+00:00,turbine-2,2026-02-18T10:00:00+00:00,22,1.0,model-weather-experiment-640618020c918c13b93a05de,ecmwf00-a2d77f25-assumed-7b9a425c47be-2-20260217,2026-02-17T00:00:00+00:00,2026-02-17T10:00:00+00:00
2026-02-17T12:00:00+00:00,turbine-2,2026-02-18T11:00:00+00:00,23,0.994373,model-weather-experiment-640618020c918c13b93a05de,ecmwf00-a2d77f25-assumed-7b9a425c47be-2-20260217,2026-02-17T00:00:00+00:00,2026-02-17T10:00:00+00:00
2026-02-17T12:00:00+00:00,turbine-2,2026-02-18T12:00:00+00:00,24,0.919264,model-weather-experiment-640618020c918c13b93a05de,ecmwf00-a2d77f25-assumed-7b9a425c47be-2-20260217,2026-02-17T00:00:00+00:00,2026-02-17T10:00:00+00:00
2026-02-17T12:00:00+00:00,turbine-2,2026-02-18T13:00:00+00:00,25,0.428291,model-weather-experiment-640618020c918c13b93a05de,ecmwf00-a2d77f25-assumed-7b9a425c47be-2-20260217,2026-02-17T00:00:00+00:00,2026-02-17T10:00:00+00:00
2026-02-17T12:00:00+00:00,turbine-2,2026-02-18T14:00:00+00:00,26,0.48967,model-weather-experiment-640618020c918c13b93a05de,ecmwf00-a2d77f25-assumed-7b9a425c47be-2-20260217,2026-02-17T00:00:00+00:00,2026-02-17T10:00:00+00:00
2026-02-17T12:00:00+00:00,turbine-2,2026-02-18T15:00:00+00:00,27,0.549391,model-weather-experiment-640618020c918c13b93a05de,ecmwf00-a2d77f25-assumed-7b9a425c47be-2-20260217,2026-02-17T00:00:00+00:00,2026-02-17T10:00:00+00:00
2026-02-17T12:00:00+00:00,turbine-2,2026-02-18T16:00:00+00:00,28,0.299605,model-weather-experiment-640618020c918c13b93a05de,ecmwf00-a2d77f25-assumed-7b9a425c47be-2-20260217,2026-02-17T00:00:00+00:00,2026-02-17T10:00:00+00:00
2026-02-17T12:00:00+00:00,turbine-2,2026-02-18T17:00:00+00:00,29,0.541684,model-weather-experiment-640618020c918c13b93a05de,ecmwf00-a2d77f25-assumed-7b9a425c47be-2-20260217,2026-02-17T00:00:00+00:00,2026-02-17T10:00:00+00:00
2026-02-17T12:00:00+00:00,turbine-2,2026-02-18T18:00:00+00:00,30,0.290958,model-weather-experiment-640618020c918c13b93a05de,ecmwf00-a2d77f25-assumed-7b9a425c47be-2-20260217,2026-02-17T00:00:00+00:00,2026-02-17T10:00:00+00:00
2026-02-17T12:00:00+00:00,turbine-2,2026-02-18T19:00:00+00:00,31,0.511578,model-weather-experiment-640618020c918c13b93a05de,ecmwf00-a2d77f25-assumed-7b9a425c47be-2-20260217,2026-02-17T00:00:00+00:00,2026-02-17T10:00:00+00:00
2026-02-17T12:00:00+00:00,turbine-2,2026-02-18T20:00:00+00:00,32,0.275522,model-weather-experiment-640618020c918c13b93a05de,ecmwf00-a2d77f25-assumed-7b9a425c47be-2-20260217,2026-02-17T00:00:00+00:00,2026-02-17T10:00:00+00:00
2026-02-17T12:00:00+00:00,turbine-2,2026-02-18T21:00:00+00:00,33,0.376203,model-weather-experiment-640618020c918c13b93a05de,ecmwf00-a2d77f25-assumed-7b9a425c47be-2-20260217,2026-02-17T00:00:00+00:00,2026-02-17T10:00:00+00:00
2026-02-17T12:00:00+00:00,turbine-2,2026-02-18T22:00:00+00:00,34,0.255718,model-weather-experiment-640618020c918c13b93a05de,ecmwf00-a2d77f25-assumed-7b9a425c47be-2-20260217,2026-02-17T00:00:00+00:00,2026-02-17T10:00:00+00:00
2026-02-17T12:00:00+00:00,turbine-2,2026-02-18T23:00:00+00:00,35,0.396984,model-weather-experiment-640618020c918c13b93a05de,ecmwf00-a2d77f25-assumed-7b9a425c47be-2-20260217,2026-02-17T00:00:00+00:00,2026-02-17T10:00:00+00:00
2026-02-17T12:00:00+00:00,turbine-2,2026-02-19T00:00:00+00:00,36,0.27185,model-weather-experiment-640618020c918c13b93a05de,ecmwf00-a2d77f25-assumed-7b9a425c47be-2-20260217,2026-02-17T00:00:00+00:00,2026-02-17T10:00:00+00:00
2026-02-17T12:00:00+00:00,turbine-2,2026-02-19T01:00:00+00:00,37,0.345614,model-weather-experiment-640618020c918c13b93a05de,ecmwf00-a2d77f25-assumed-7b9a425c47be-2-20260217,2026-02-17T00:00:00+00:00,2026-02-17T10:00:00+00:00
2026-02-17T12:00:00+00:00,turbine-2,2026-02-19T02:00:00+00:00,38,0.287647,model-weather-experiment-640618020c918c13b93a05de,ecmwf00-a2d77f25-assumed-7b9a425c47be-2-20260217,2026-02-17T00:00:00+00:00,2026-02-17T10:00:00+00:00
2026-02-17T12:00:00+00:00,turbine-2,2026-02-19T03:00:00+00:00,39,0.32654,model-weather-experiment-640618020c918c13b93a05de,ecmwf00-a2d77f25-assumed-7b9a425c47be-2-20260217,2026-02-17T00:00:00+00:00,2026-02-17T10:00:00+00:00
2026-02-17T12:00:00+00:00,turbine-2,2026-02-19T04:00:00+00:00,40,0.533118,model-weather-experiment-640618020c918c13b93a05de,ecmwf00-a2d77f25-assumed-7b9a425c47be-2-20260217,2026-02-17T00:00:00+00:00,2026-02-17T10:00:00+00:00
2026-02-17T12:00:00+00:00,turbine-2,2026-02-19T05:00:00+00:00,41,0.258022,model-weather-experiment-640618020c918c13b93a05de,ecmwf00-a2d77f25-assumed-7b9a425c47be-2-20260217,2026-02-17T00:00:00+00:00,2026-02-17T10:00:00+00:00
2026-02-17T12:00:00+00:00,turbine-2,2026-02-19T06:00:00+00:00,42,0.379757,model-weather-experiment-640618020c918c13b93a05de,ecmwf00-a2d77f25-assumed-7b9a425c47be-2-20260217,2026-02-17T00:00:00+00:00,2026-02-17T10:00:00+00:00
2026-02-17T12:00:00+00:00,turbine-2,2026-02-19T07:00:00+00:00,43,0.329356,model-weather-experiment-640618020c918c13b93a05de,ecmwf00-a2d77f25-assumed-7b9a425c47be-2-20260217,2026-02-17T00:00:00+00:00,2026-02-17T10:00:00+00:00
2026-02-17T12:00:00+00:00,turbine-2,2026-02-19T08:00:00+00:00,44,0.216666,model-weather-experiment-640618020c918c13b93a05de,ecmwf00-a2d77f25-assumed-7b9a425c47be-2-20260217,2026-02-17T00:00:00+00:00,2026-02-17T10:00:00+00:00
2026-02-17T12:00:00+00:00,turbine-2,2026-02-19T09:00:00+00:00,45,0.208267,model-weather-experiment-640618020c918c13b93a05de,ecmwf00-a2d77f25-assumed-7b9a425c47be-2-20260217,2026-02-17T00:00:00+00:00,2026-02-17T10:00:00+00:00
2026-02-17T12:00:00+00:00,turbine-2,2026-02-19T10:00:00+00:00,46,0.18173,model-weather-experiment-640618020c918c13b93a05de,ecmwf00-a2d77f25-assumed-7b9a425c47be-2-20260217,2026-02-17T00:00:00+00:00,2026-02-17T10:00:00+00:00
2026-02-17T12:00:00+00:00,turbine-2,2026-02-19T11:00:00+00:00,47,0.252478,model-weather-experiment-640618020c918c13b93a05de,ecmwf00-a2d77f25-assumed-7b9a425c47be-2-20260217,2026-02-17T00:00:00+00:00,2026-02-17T10:00:00+00:00
2026-02-17T12:00:00+00:00,turbine-2,2026-02-19T12:00:00+00:00,48,0.23688,model-weather-experiment-640618020c918c13b93a05de,ecmwf00-a2d77f25-assumed-7b9a425c47be-2-20260217,2026-02-17T00:00:00+00:00,2026-02-17T10:00:00+00:00
2026-02-18T12:00:00+00:00,turbine-1,2026-02-18T13:00:00+00:00,1,0.744177,model-weather-experiment-640618020c918c13b93a05de,ecmwf00-a2d77f25-assumed-7b9a425c47be-1-20260218,2026-02-18T00:00:00+00:00,2026-02-18T10:00:00+00:00
2026-02-18T12:00:00+00:00,turbine-1,2026-02-18T14:00:00+00:00,2,0.62171,model-weather-experiment-640618020c918c13b93a05de,ecmwf00-a2d77f25-assumed-7b9a425c47be-1-20260218,2026-02-18T00:00:00+00:00,2026-02-18T10:00:00+00:00
2026-02-18T12:00:00+00:00,turbine-1,2026-02-18T15:00:00+00:00,3,0.64596,model-weather-experiment-640618020c918c13b93a05de,ecmwf00-a2d77f25-assumed-7b9a425c47be-1-20260218,2026-02-18T00:00:00+00:00,2026-02-18T10:00:00+00:00
2026-02-18T12:00:00+00:00,turbine-1,2026-02-18T16:00:00+00:00,4,0.657874,model-weather-experiment-640618020c918c13b93a05de,ecmwf00-a2d77f25-assumed-7b9a425c47be-1-20260218,2026-02-18T00:00:00+00:00,2026-02-18T10:00:00+00:00
2026-02-18T12:00:00+00:00,turbine-1,2026-02-18T17:00:00+00:00,5,0.41649,model-weather-experiment-640618020c918c13b93a05de,ecmwf00-a2d77f25-assumed-7b9a425c47be-1-20260218,2026-02-18T00:00:00+00:00,2026-02-18T10:00:00+00:00
2026-02-18T12:00:00+00:00,turbine-1,2026-02-18T18:00:00+00:00,6,0.414539,model-weather-experiment-640618020c918c13b93a05de,ecmwf00-a2d77f25-assumed-7b9a425c47be-1-20260218,2026-02-18T00:00:00+00:00,2026-02-18T10:00:00+00:00
2026-02-18T12:00:00+00:00,turbine-1,2026-02-18T19:00:00+00:00,7,0.357684,model-weather-experiment-640618020c918c13b93a05de,ecmwf00-a2d77f25-assumed-7b9a425c47be-1-20260218,2026-02-18T00:00:00+00:00,2026-02-18T10:00:00+00:00
2026-02-18T12:00:00+00:00,turbine-1,2026-02-18T20:00:00+00:00,8,0.194418,model-weather-experiment-640618020c918c13b93a05de,ecmwf00-a2d77f25-assumed-7b9a425c47be-1-20260218,2026-02-18T00:00:00+00:00,2026-02-18T10:00:00+00:00
2026-02-18T12:00:00+00:00,turbine-1,2026-02-18T21:00:00+00:00,9,0.207096,model-weather-experiment-640618020c918c13b93a05de,ecmwf00-a2d77f25-assumed-7b9a425c47be-1-20260218,2026-02-18T00:00:00+00:00,2026-02-18T10:00:00+00:00
2026-02-18T12:00:00+00:00,turbine-1,2026-02-18T22:00:00+00:00,10,0.279515,model-weather-experiment-640618020c918c13b93a05de,ecmwf00-a2d77f25-assumed-7b9a425c47be-1-20260218,2026-02-18T00:00:00+00:00,2026-02-18T10:00:00+00:00
2026-02-18T12:00:00+00:00,turbine-1,2026-02-18T23:00:00+00:00,11,0.374282,model-weather-experiment-640618020c918c13b93a05de,ecmwf00-a2d77f25-assumed-7b9a425c47be-1-20260218,2026-02-18T00:00:00+00:00,2026-02-18T10:00:00+00:00
2026-02-18T12:00:00+00:00,turbine-1,2026-02-19T00:00:00+00:00,12,0.208895,model-weather-experiment-640618020c918c13b93a05de,ecmwf00-a2d77f25-assumed-7b9a425c47be-1-20260218,2026-02-18T00:00:00+00:00,2026-02-18T10:00:00+00:00
2026-02-18T12:00:00+00:00,turbine-1,2026-02-19T01:00:00+00:00,13,0.184194,model-weather-experiment-640618020c918c13b93a05de,ecmwf00-a2d77f25-assumed-7b9a425c47be-1-20260218,2026-02-18T00:00:00+00:00,2026-02-18T10:00:00+00:00
2026-02-18T12:00:00+00:00,turbine-1,2026-02-19T02:00:00+00:00,14,0.193137,model-weather-experiment-640618020c918c13b93a05de,ecmwf00-a2d77f25-assumed-7b9a425c47be-1-20260218,2026-02-18T00:00:00+00:00,2026-02-18T10:00:00+00:00
2026-02-18T12:00:00+00:00,turbine-1,2026-02-19T03:00:00+00:00,15,0.206833,model-weather-experiment-640618020c918c13b93a05de,ecmwf00-a2d77f25-assumed-7b9a425c47be-1-20260218,2026-02-18T00:00:00+00:00,2026-02-18T10:00:00+00:00
2026-02-18T12:00:00+00:00,turbine-1,2026-02-19T04:00:00+00:00,16,0.26117,model-weather-experiment-640618020c918c13b93a05de,ecmwf00-a2d77f25-assumed-7b9a425c47be-1-20260218,2026-02-18T00:00:00+00:00,2026-02-18T10:00:00+00:00
2026-02-18T12:00:00+00:00,turbine-1,2026-02-19T05:00:00+00:00,17,0.345886,model-weather-experiment-640618020c918c13b93a05de,ecmwf00-a2d77f25-assumed-7b9a425c47be-1-20260218,2026-02-18T00:00:00+00:00,2026-02-18T10:00:00+00:00
2026-02-18T12:00:00+00:00,turbine-1,2026-02-19T06:00:00+00:00,18,0.197979,model-weather-experiment-640618020c918c13b93a05de,ecmwf00-a2d77f25-assumed-7b9a425c47be-1-20260218,2026-02-18T00:00:00+00:00,2026-02-18T10:00:00+00:00
2026-02-18T12:00:00+00:00,turbine-1,2026-02-19T07:00:00+00:00,19,0.193207,model-weather-experiment-640618020c918c13b93a05de,ecmwf00-a2d77f25-assumed-7b9a425c47be-1-20260218,2026-02-18T00:00:00+00:00,2026-02-18T10:00:00+00:00
2026-02-18T12:00:00+00:00,turbine-1,2026-02-19T08:00:00+00:00,20,0.240308,model-weather-experiment-640618020c918c13b93a05de,ecmwf00-a2d77f25-assumed-7b9a425c47be-1-20260218,2026-02-18T00:00:00+00:00,2026-02-18T10:00:00+00:00
2026-02-18T12:00:00+00:00,turbine-1,2026-02-19T09:00:00+00:00,21,0.207595,model-weather-experiment-640618020c918c13b93a05de,ecmwf00-a2d77f25-assumed-7b9a425c47be-1-20260218,2026-02-18T00:00:00+00:00,2026-02-18T10:00:00+00:00
2026-02-18T12:00:00+00:00,turbine-1,2026-02-19T10:00:00+00:00,22,0.178297,model-weather-experiment-640618020c918c13b93a05de,ecmwf00-a2d77f25-assumed-7b9a425c47be-1-20260218,2026-02-18T00:00:00+00:00,2026-02-18T10:00:00+00:00
2026-02-18T12:00:00+00:00,turbine-1,2026-02-19T11:00:00+00:00,23,0.163537,model-weather-experiment-640618020c918c13b93a05de,ecmwf00-a2d77f25-assumed-7b9a425c47be-1-20260218,2026-02-18T00:00:00+00:00,2026-02-18T10:00:00+00:00
2026-02-18T12:00:00+00:00,turbine-1,2026-02-19T12:00:00+00:00,24,0.167418,model-weather-experiment-640618020c918c13b93a05de,ecmwf00-a2d77f25-assumed-7b9a425c47be-1-20260218,2026-02-18T00:00:00+00:00,2026-02-18T10:00:00+00:00
2026-02-18T12:00:00+00:00,turbine-1,2026-02-19T13:00:00+00:00,25,0.168627,model-weather-experiment-640618020c918c13b93a05de,ecmwf00-a2d77f25-assumed-7b9a425c47be-1-20260218,2026-02-18T00:00:00+00:00,2026-02-18T10:00:00+00:00
2026-02-18T12:00:00+00:00,turbine-1,2026-02-19T14:00:00+00:00,26,0.055357,model-weather-experiment-640618020c918c13b93a05de,ecmwf00-a2d77f25-assumed-7b9a425c47be-1-20260218,2026-02-18T00:00:00+00:00,2026-02-18T10:00:00+00:00
2026-02-18T12:00:00+00:00,turbine-1,2026-02-19T15:00:00+00:00,27,0.045637,model-weather-experiment-640618020c918c13b93a05de,ecmwf00-a2d77f25-assumed-7b9a425c47be-1-20260218,2026-02-18T00:00:00+00:00,2026-02-18T10:00:00+00:00
2026-02-18T12:00:00+00:00,turbine-1,2026-02-19T16:00:00+00:00,28,0.055988,model-weather-experiment-640618020c918c13b93a05de,ecmwf00-a2d77f25-assumed-7b9a425c47be-1-20260218,2026-02-18T00:00:00+00:00,2026-02-18T10:00:00+00:00
2026-02-18T12:00:00+00:00,turbine-1,2026-02-19T17:00:00+00:00,29,0.322853,model-weather-experiment-640618020c918c13b93a05de,ecmwf00-a2d77f25-assumed-7b9a425c47be-1-20260218,2026-02-18T00:00:00+00:00,2026-02-18T10:00:00+00:00
2026-02-18T12:00:00+00:00,turbine-1,2026-02-19T18:00:00+00:00,30,0.499134,model-weather-experiment-640618020c918c13b93a05de,ecmwf00-a2d77f25-assumed-7b9a425c47be-1-20260218,2026-02-18T00:00:00+00:00,2026-02-18T10:00:00+00:00
2026-02-18T12:00:00+00:00,turbine-1,2026-02-19T19:00:00+00:00,31,0.44509,model-weather-experiment-640618020c918c13b93a05de,ecmwf00-a2d77f25-assumed-7b9a425c47be-1-20260218,2026-02-18T00:00:00+00:00,2026-02-18T10:00:00+00:00
2026-02-18T12:00:00+00:00,turbine-1,2026-02-19T20:00:00+00:00,32,0.473304,model-weather-experiment-640618020c918c13b93a05de,ecmwf00-a2d77f25-assumed-7b9a425c47be-1-20260218,2026-02-18T00:00:00+00:00,2026-02-18T10:00:00+00:00
2026-02-18T12:00:00+00:00,turbine-1,2026-02-19T21:00:00+00:00,33,0.608611,model-weather-experiment-640618020c918c13b93a05de,ecmwf00-a2d77f25-assumed-7b9a425c47be-1-20260218,2026-02-18T00:00:00+00:00,2026-02-18T10:00:00+00:00
2026-02-18T12:00:00+00:00,turbine-1,2026-02-19T22:00:00+00:00,34,0.645013,model-weather-experiment-640618020c918c13b93a05de,ecmwf00-a2d77f25-assumed-7b9a425c47be-1-20260218,2026-02-18T00:00:00+00:00,2026-02-18T10:00:00+00:00
2026-02-18T12:00:00+00:00,turbine-1,2026-02-19T23:00:00+00:00,35,0.630348,model-weather-experiment-640618020c918c13b93a05de,ecmwf00-a2d77f25-assumed-7b9a425c47be-1-20260218,2026-02-18T00:00:00+00:00,2026-02-18T10:00:00+00:00
2026-02-18T12:00:00+00:00,turbine-1,2026-02-20T00:00:00+00:00,36,0.636409,model-weather-experiment-640618020c918c13b93a05de,ecmwf00-a2d77f25-assumed-7b9a425c47be-1-20260218,2026-02-18T00:00:00+00:00,2026-02-18T10:00:00+00:00
2026-02-18T12:00:00+00:00,turbine-1,2026-02-20T01:00:00+00:00,37,0.63334,model-weather-experiment-640618020c918c13b93a05de,ecmwf00-a2d77f25-assumed-7b9a425c47be-1-20260218,2026-02-18T00:00:00+00:00,2026-02-18T10:00:00+00:00
2026-02-18T12:00:00+00:00,turbine-1,2026-02-20T02:00:00+00:00,38,0.562829,model-weather-experiment-640618020c918c13b93a05de,ecmwf00-a2d77f25-assumed-7b9a425c47be-1-20260218,2026-02-18T00:00:00+00:00,2026-02-18T10:00:00+00:00
2026-02-18T12:00:00+00:00,turbine-1,2026-02-20T03:00:00+00:00,39,0.506971,model-weather-experiment-640618020c918c13b93a05de,ecmwf00-a2d77f25-assumed-7b9a425c47be-1-20260218,2026-02-18T00:00:00+00:00,2026-02-18T10:00:00+00:00
2026-02-18T12:00:00+00:00,turbine-1,2026-02-20T04:00:00+00:00,40,0.277603,model-weather-experiment-640618020c918c13b93a05de,ecmwf00-a2d77f25-assumed-7b9a425c47be-1-20260218,2026-02-18T00:00:00+00:00,2026-02-18T10:00:00+00:00
2026-02-18T12:00:00+00:00,turbine-1,2026-02-20T05:00:00+00:00,41,0.18927,model-weather-experiment-640618020c918c13b93a05de,ecmwf00-a2d77f25-assumed-7b9a425c47be-1-20260218,2026-02-18T00:00:00+00:00,2026-02-18T10:00:00+00:00
2026-02-18T12:00:00+00:00,turbine-1,2026-02-20T06:00:00+00:00,42,0.130719,model-weather-experiment-640618020c918c13b93a05de,ecmwf00-a2d77f25-assumed-7b9a425c47be-1-20260218,2026-02-18T00:00:00+00:00,2026-02-18T10:00:00+00:00
2026-02-18T12:00:00+00:00,turbine-1,2026-02-20T07:00:00+00:00,43,0.102674,model-weather-experiment-640618020c918c13b93a05de,ecmwf00-a2d77f25-assumed-7b9a425c47be-1-20260218,2026-02-18T00:00:00+00:00,2026-02-18T10:00:00+00:00
2026-02-18T12:00:00+00:00,turbine-1,2026-02-20T08:00:00+00:00,44,0.070633,model-weather-experiment-640618020c918c13b93a05de,ecmwf00-a2d77f25-assumed-7b9a425c47be-1-20260218,2026-02-18T00:00:00+00:00,2026-02-18T10:00:00+00:00
2026-02-18T12:00:00+00:00,turbine-1,2026-02-20T09:00:00+00:00,45,0.060074,model-weather-experiment-640618020c918c13b93a05de,ecmwf00-a2d77f25-assumed-7b9a425c47be-1-20260218,2026-02-18T00:00:00+00:00,2026-02-18T10:00:00+00:00
2026-02-18T12:00:00+00:00,turbine-1,2026-02-20T10:00:00+00:00,46,0.061054,model-weather-experiment-640618020c918c13b93a05de,ecmwf00-a2d77f25-assumed-7b9a425c47be-1-20260218,2026-02-18T00:00:00+00:00,2026-02-18T10:00:00+00:00
2026-02-18T12:00:00+00:00,turbine-1,2026-02-20T11:00:00+00:00,47,0.078074,model-weather-experiment-640618020c918c13b93a05de,ecmwf00-a2d77f25-assumed-7b9a425c47be-1-20260218,2026-02-18T00:00:00+00:00,2026-02-18T10:00:00+00:00
2026-02-18T12:00:00+00:00,turbine-1,2026-02-20T12:00:00+00:00,48,0.379941,model-weather-experiment-640618020c918c13b93a05de,ecmwf00-a2d77f25-assumed-7b9a425c47be-1-20260218,2026-02-18T00:00:00+00:00,2026-02-18T10:00:00+00:00
2026-02-18T12:00:00+00:00,turbine-2,2026-02-18T13:00:00+00:00,1,0.674509,model-weather-experiment-640618020c918c13b93a05de,ecmwf00-a2d77f25-assumed-7b9a425c47be-2-20260218,2026-02-18T00:00:00+00:00,2026-02-18T10:00:00+00:00
2026-02-18T12:00:00+00:00,turbine-2,2026-02-18T14:00:00+00:00,2,0.52675,model-weather-experiment-640618020c918c13b93a05de,ecmwf00-a2d77f25-assumed-7b9a425c47be-2-20260218,2026-02-18T00:00:00+00:00,2026-02-18T10:00:00+00:00
2026-02-18T12:00:00+00:00,turbine-2,2026-02-18T15:00:00+00:00,3,0.605409,model-weather-experiment-640618020c918c13b93a05de,ecmwf00-a2d77f25-assumed-7b9a425c47be-2-20260218,2026-02-18T00:00:00+00:00,2026-02-18T10:00:00+00:00
2026-02-18T12:00:00+00:00,turbine-2,2026-02-18T16:00:00+00:00,4,0.619243,model-weather-experiment-640618020c918c13b93a05de,ecmwf00-a2d77f25-assumed-7b9a425c47be-2-20260218,2026-02-18T00:00:00+00:00,2026-02-18T10:00:00+00:00
2026-02-18T12:00:00+00:00,turbine-2,2026-02-18T17:00:00+00:00,5,0.334268,model-weather-experiment-640618020c918c13b93a05de,ecmwf00-a2d77f25-assumed-7b9a425c47be-2-20260218,2026-02-18T00:00:00+00:00,2026-02-18T10:00:00+00:00
2026-02-18T12:00:00+00:00,turbine-2,2026-02-18T18:00:00+00:00,6,0.319323,model-weather-experiment-640618020c918c13b93a05de,ecmwf00-a2d77f25-assumed-7b9a425c47be-2-20260218,2026-02-18T00:00:00+00:00,2026-02-18T10:00:00+00:00
2026-02-18T12:00:00+00:00,turbine-2,2026-02-18T19:00:00+00:00,7,0.294976,model-weather-experiment-640618020c918c13b93a05de,ecmwf00-a2d77f25-assumed-7b9a425c47be-2-20260218,2026-02-18T00:00:00+00:00,2026-02-18T10:00:00+00:00
2026-02-18T12:00:00+00:00,turbine-2,2026-02-18T20:00:00+00:00,8,0.157266,model-weather-experiment-640618020c918c13b93a05de,ecmwf00-a2d77f25-assumed-7b9a425c47be-2-20260218,2026-02-18T00:00:00+00:00,2026-02-18T10:00:00+00:00
2026-02-18T12:00:00+00:00,turbine-2,2026-02-18T21:00:00+00:00,9,0.156858,model-weather-experiment-640618020c918c13b93a05de,ecmwf00-a2d77f25-assumed-7b9a425c47be-2-20260218,2026-02-18T00:00:00+00:00,2026-02-18T10:00:00+00:00
2026-02-18T12:00:00+00:00,turbine-2,2026-02-18T22:00:00+00:00,10,0.189959,model-weather-experiment-640618020c918c13b93a05de,ecmwf00-a2d77f25-assumed-7b9a425c47be-2-20260218,2026-02-18T00:00:00+00:00,2026-02-18T10:00:00+00:00
2026-02-18T12:00:00+00:00,turbine-2,2026-02-18T23:00:00+00:00,11,0.281674,model-weather-experiment-640618020c918c13b93a05de,ecmwf00-a2d77f25-assumed-7b9a425c47be-2-20260218,2026-02-18T00:00:00+00:00,2026-02-18T10:00:00+00:00
2026-02-18T12:00:00+00:00,turbine-2,2026-02-19T00:00:00+00:00,12,0.170632,model-weather-experiment-640618020c918c13b93a05de,ecmwf00-a2d77f25-assumed-7b9a425c47be-2-20260218,2026-02-18T00:00:00+00:00,2026-02-18T10:00:00+00:00
2026-02-18T12:00:00+00:00,turbine-2,2026-02-19T01:00:00+00:00,13,0.152399,model-weather-experiment-640618020c918c13b93a05de,ecmwf00-a2d77f25-assumed-7b9a425c47be-2-20260218,2026-02-18T00:00:00+00:00,2026-02-18T10:00:00+00:00
2026-02-18T12:00:00+00:00,turbine-2,2026-02-19T02:00:00+00:00,14,0.173125,model-weather-experiment-640618020c918c13b93a05de,ecmwf00-a2d77f25-assumed-7b9a425c47be-2-20260218,2026-02-18T00:00:00+00:00,2026-02-18T10:00:00+00:00
2026-02-18T12:00:00+00:00,turbine-2,2026-02-19T03:00:00+00:00,15,0.168029,model-weather-experiment-640618020c918c13b93a05de,ecmwf00-a2d77f25-assumed-7b9a425c47be-2-20260218,2026-02-18T00:00:00+00:00,2026-02-18T10:00:00+00:00
2026-02-18T12:00:00+00:00,turbine-2,2026-02-19T04:00:00+00:00,16,0.191005,model-weather-experiment-640618020c918c13b93a05de,ecmwf00-a2d77f25-assumed-7b9a425c47be-2-20260218,2026-02-18T00:00:00+00:00,2026-02-18T10:00:00+00:00
2026-02-18T12:00:00+00:00,turbine-2,2026-02-19T05:00:00+00:00,17,0.246473,model-weather-experiment-640618020c918c13b93a05de,ecmwf00-a2d77f25-assumed-7b9a425c47be-2-20260218,2026-02-18T00:00:00+00:00,2026-02-18T10:00:00+00:00
2026-02-18T12:00:00+00:00,turbine-2,2026-02-19T06:00:00+00:00,18,0.163131,model-weather-experiment-640618020c918c13b93a05de,ecmwf00-a2d77f25-assumed-7b9a425c47be-2-20260218,2026-02-18T00:00:00+00:00,2026-02-18T10:00:00+00:00
2026-02-18T12:00:00+00:00,turbine-2,2026-02-19T07:00:00+00:00,19,0.160637,model-weather-experiment-640618020c918c13b93a05de,ecmwf00-a2d77f25-assumed-7b9a425c47be-2-20260218,2026-02-18T00:00:00+00:00,2026-02-18T10:00:00+00:00
2026-02-18T12:00:00+00:00,turbine-2,2026-02-19T08:00:00+00:00,20,0.192985,model-weather-experiment-640618020c918c13b93a05de,ecmwf00-a2d77f25-assumed-7b9a425c47be-2-20260218,2026-02-18T00:00:00+00:00,2026-02-18T10:00:00+00:00
2026-02-18T12:00:00+00:00,turbine-2,2026-02-19T09:00:00+00:00,21,0.179031,model-weather-experiment-640618020c918c13b93a05de,ecmwf00-a2d77f25-assumed-7b9a425c47be-2-20260218,2026-02-18T00:00:00+00:00,2026-02-18T10:00:00+00:00
2026-02-18T12:00:00+00:00,turbine-2,2026-02-19T10:00:00+00:00,22,0.163977,model-weather-experiment-640618020c918c13b93a05de,ecmwf00-a2d77f25-assumed-7b9a425c47be-2-20260218,2026-02-18T00:00:00+00:00,2026-02-18T10:00:00+00:00
2026-02-18T12:00:00+00:00,turbine-2,2026-02-19T11:00:00+00:00,23,0.151089,model-weather-experiment-640618020c918c13b93a05de,ecmwf00-a2d77f25-assumed-7b9a425c47be-2-20260218,2026-02-18T00:00:00+00:00,2026-02-18T10:00:00+00:00
2026-02-18T12:00:00+00:00,turbine-2,2026-02-19T12:00:00+00:00,24,0.155967,model-weather-experiment-640618020c918c13b93a05de,ecmwf00-a2d77f25-assumed-7b9a425c47be-2-20260218,2026-02-18T00:00:00+00:00,2026-02-18T10:00:00+00:00
2026-02-18T12:00:00+00:00,turbine-2,2026-02-19T13:00:00+00:00,25,0.165132,model-weather-experiment-640618020c918c13b93a05de,ecmwf00-a2d77f25-assumed-7b9a425c47be-2-20260218,2026-02-18T00:00:00+00:00,2026-02-18T10:00:00+00:00
2026-02-18T12:00:00+00:00,turbine-2,2026-02-19T14:00:00+00:00,26,0.109421,model-weather-experiment-640618020c918c13b93a05de,ecmwf00-a2d77f25-assumed-7b9a425c47be-2-20260218,2026-02-18T00:00:00+00:00,2026-02-18T10:00:00+00:00
2026-02-18T12:00:00+00:00,turbine-2,2026-02-19T15:00:00+00:00,27,0.053217,model-weather-experiment-640618020c918c13b93a05de,ecmwf00-a2d77f25-assumed-7b9a425c47be-2-20260218,2026-02-18T00:00:00+00:00,2026-02-18T10:00:00+00:00
2026-02-18T12:00:00+00:00,turbine-2,2026-02-19T16:00:00+00:00,28,0.066252,model-weather-experiment-640618020c918c13b93a05de,ecmwf00-a2d77f25-assumed-7b9a425c47be-2-20260218,2026-02-18T00:00:00+00:00,2026-02-18T10:00:00+00:00
2026-02-18T12:00:00+00:00,turbine-2,2026-02-19T17:00:00+00:00,29,0.314011,model-weather-experiment-640618020c918c13b93a05de,ecmwf00-a2d77f25-assumed-7b9a425c47be-2-20260218,2026-02-18T00:00:00+00:00,2026-02-18T10:00:00+00:00
2026-02-18T12:00:00+00:00,turbine-2,2026-02-19T18:00:00+00:00,30,0.488527,model-weather-experiment-640618020c918c13b93a05de,ecmwf00-a2d77f25-assumed-7b9a425c47be-2-20260218,2026-02-18T00:00:00+00:00,2026-02-18T10:00:00+00:00
2026-02-18T12:00:00+00:00,turbine-2,2026-02-19T19:00:00+00:00,31,0.466496,model-weather-experiment-640618020c918c13b93a05de,ecmwf00-a2d77f25-assumed-7b9a425c47be-2-20260218,2026-02-18T00:00:00+00:00,2026-02-18T10:00:00+00:00
2026-02-18T12:00:00+00:00,turbine-2,2026-02-19T20:00:00+00:00,32,0.465879,model-weather-experiment-640618020c918c13b93a05de,ecmwf00-a2d77f25-assumed-7b9a425c47be-2-20260218,2026-02-18T00:00:00+00:00,2026-02-18T10:00:00+00:00
2026-02-18T12:00:00+00:00,turbine-2,2026-02-19T21:00:00+00:00,33,0.616573,model-weather-experiment-640618020c918c13b93a05de,ecmwf00-a2d77f25-assumed-7b9a425c47be-2-20260218,2026-02-18T00:00:00+00:00,2026-02-18T10:00:00+00:00
2026-02-18T12:00:00+00:00,turbine-2,2026-02-19T22:00:00+00:00,34,0.687442,model-weather-experiment-640618020c918c13b93a05de,ecmwf00-a2d77f25-assumed-7b9a425c47be-2-20260218,2026-02-18T00:00:00+00:00,2026-02-18T10:00:00+00:00
2026-02-18T12:00:00+00:00,turbine-2,2026-02-19T23:00:00+00:00,35,0.681453,model-weather-experiment-640618020c918c13b93a05de,ecmwf00-a2d77f25-assumed-7b9a425c47be-2-20260218,2026-02-18T00:00:00+00:00,2026-02-18T10:00:00+00:00
2026-02-18T12:00:00+00:00,turbine-2,2026-02-20T00:00:00+00:00,36,0.640265,model-weather-experiment-640618020c918c13b93a05de,ecmwf00-a2d77f25-assumed-7b9a425c47be-2-20260218,2026-02-18T00:00:00+00:00,2026-02-18T10:00:00+00:00
2026-02-18T12:00:00+00:00,turbine-2,2026-02-20T01:00:00+00:00,37,0.668154,model-weather-experiment-640618020c918c13b93a05de,ecmwf00-a2d77f25-assumed-7b9a425c47be-2-20260218,2026-02-18T00:00:00+00:00,2026-02-18T10:00:00+00:00
2026-02-18T12:00:00+00:00,turbine-2,2026-02-20T02:00:00+00:00,38,0.588158,model-weather-experiment-640618020c918c13b93a05de,ecmwf00-a2d77f25-assumed-7b9a425c47be-2-20260218,2026-02-18T00:00:00+00:00,2026-02-18T10:00:00+00:00
2026-02-18T12:00:00+00:00,turbine-2,2026-02-20T03:00:00+00:00,39,0.49236,model-weather-experiment-640618020c918c13b93a05de,ecmwf00-a2d77f25-assumed-7b9a425c47be-2-20260218,2026-02-18T00:00:00+00:00,2026-02-18T10:00:00+00:00
2026-02-18T12:00:00+00:00,turbine-2,2026-02-20T04:00:00+00:00,40,0.238338,model-weather-experiment-640618020c918c13b93a05de,ecmwf00-a2d77f25-assumed-7b9a425c47be-2-20260218,2026-02-18T00:00:00+00:00,2026-02-18T10:00:00+00:00
2026-02-18T12:00:00+00:00,turbine-2,2026-02-20T05:00:00+00:00,41,0.133198,model-weather-experiment-640618020c918c13b93a05de,ecmwf00-a2d77f25-assumed-7b9a425c47be-2-20260218,2026-02-18T00:00:00+00:00,2026-02-18T10:00:00+00:00
2026-02-18T12:00:00+00:00,turbine-2,2026-02-20T06:00:00+00:00,42,0.102892,model-weather-experiment-640618020c918c13b93a05de,ecmwf00-a2d77f25-assumed-7b9a425c47be-2-20260218,2026-02-18T00:00:00+00:00,2026-02-18T10:00:00+00:00
2026-02-18T12:00:00+00:00,turbine-2,2026-02-20T07:00:00+00:00,43,0.062143,model-weather-experiment-640618020c918c13b93a05de,ecmwf00-a2d77f25-assumed-7b9a425c47be-2-20260218,2026-02-18T00:00:00+00:00,2026-02-18T10:00:00+00:00
2026-02-18T12:00:00+00:00,turbine-2,2026-02-20T08:00:00+00:00,44,0.042666,model-weather-experiment-640618020c918c13b93a05de,ecmwf00-a2d77f25-assumed-7b9a425c47be-2-20260218,2026-02-18T00:00:00+00:00,2026-02-18T10:00:00+00:00
2026-02-18T12:00:00+00:00,turbine-2,2026-02-20T09:00:00+00:00,45,0.043565,model-weather-experiment-640618020c918c13b93a05de,ecmwf00-a2d77f25-assumed-7b9a425c47be-2-20260218,2026-02-18T00:00:00+00:00,2026-02-18T10:00:00+00:00
2026-02-18T12:00:00+00:00,turbine-2,2026-02-20T10:00:00+00:00,46,0.039245,model-weather-experiment-640618020c918c13b93a05de,ecmwf00-a2d77f25-assumed-7b9a425c47be-2-20260218,2026-02-18T00:00:00+00:00,2026-02-18T10:00:00+00:00
2026-02-18T12:00:00+00:00,turbine-2,2026-02-20T11:00:00+00:00,47,0.078464,model-weather-experiment-640618020c918c13b93a05de,ecmwf00-a2d77f25-assumed-7b9a425c47be-2-20260218,2026-02-18T00:00:00+00:00,2026-02-18T10:00:00+00:00
2026-02-18T12:00:00+00:00,turbine-2,2026-02-20T12:00:00+00:00,48,0.356449,model-weather-experiment-640618020c918c13b93a05de,ecmwf00-a2d77f25-assumed-7b9a425c47be-2-20260218,2026-02-18T00:00:00+00:00,2026-02-18T10:00:00+00:00
2026-02-19T12:00:00+00:00,turbine-1,2026-02-19T13:00:00+00:00,1,0.07408,model-weather-experiment-640618020c918c13b93a05de,ecmwf00-a2d77f25-assumed-7b9a425c47be-1-20260219,2026-02-19T00:00:00+00:00,2026-02-19T10:00:00+00:00
2026-02-19T12:00:00+00:00,turbine-1,2026-02-19T14:00:00+00:00,2,0.023914,model-weather-experiment-640618020c918c13b93a05de,ecmwf00-a2d77f25-assumed-7b9a425c47be-1-20260219,2026-02-19T00:00:00+00:00,2026-02-19T10:00:00+00:00
2026-02-19T12:00:00+00:00,turbine-1,2026-02-19T15:00:00+00:00,3,0.127159,model-weather-experiment-640618020c918c13b93a05de,ecmwf00-a2d77f25-assumed-7b9a425c47be-1-20260219,2026-02-19T00:00:00+00:00,2026-02-19T10:00:00+00:00
2026-02-19T12:00:00+00:00,turbine-1,2026-02-19T16:00:00+00:00,4,0.406336,model-weather-experiment-640618020c918c13b93a05de,ecmwf00-a2d77f25-assumed-7b9a425c47be-1-20260219,2026-02-19T00:00:00+00:00,2026-02-19T10:00:00+00:00
2026-02-19T12:00:00+00:00,turbine-1,2026-02-19T17:00:00+00:00,5,0.168353,model-weather-experiment-640618020c918c13b93a05de,ecmwf00-a2d77f25-assumed-7b9a425c47be-1-20260219,2026-02-19T00:00:00+00:00,2026-02-19T10:00:00+00:00
2026-02-19T12:00:00+00:00,turbine-1,2026-02-19T18:00:00+00:00,6,0.174428,model-weather-experiment-640618020c918c13b93a05de,ecmwf00-a2d77f25-assumed-7b9a425c47be-1-20260219,2026-02-19T00:00:00+00:00,2026-02-19T10:00:00+00:00
2026-02-19T12:00:00+00:00,turbine-1,2026-02-19T19:00:00+00:00,7,0.317597,model-weather-experiment-640618020c918c13b93a05de,ecmwf00-a2d77f25-assumed-7b9a425c47be-1-20260219,2026-02-19T00:00:00+00:00,2026-02-19T10:00:00+00:00
2026-02-19T12:00:00+00:00,turbine-1,2026-02-19T20:00:00+00:00,8,0.434927,model-weather-experiment-640618020c918c13b93a05de,ecmwf00-a2d77f25-assumed-7b9a425c47be-1-20260219,2026-02-19T00:00:00+00:00,2026-02-19T10:00:00+00:00
2026-02-19T12:00:00+00:00,turbine-1,2026-02-19T21:00:00+00:00,9,0.490734,model-weather-experiment-640618020c918c13b93a05de,ecmwf00-a2d77f25-assumed-7b9a425c47be-1-20260219,2026-02-19T00:00:00+00:00,2026-02-19T10:00:00+00:00
2026-02-19T12:00:00+00:00,turbine-1,2026-02-19T22:00:00+00:00,10,0.455622,model-weather-experiment-640618020c918c13b93a05de,ecmwf00-a2d77f25-assumed-7b9a425c47be-1-20260219,2026-02-19T00:00:00+00:00,2026-02-19T10:00:00+00:00
2026-02-19T12:00:00+00:00,turbine-1,2026-02-19T23:00:00+00:00,11,0.557788,model-weather-experiment-640618020c918c13b93a05de,ecmwf00-a2d77f25-assumed-7b9a425c47be-1-20260219,2026-02-19T00:00:00+00:00,2026-02-19T10:00:00+00:00
2026-02-19T12:00:00+00:00,turbine-1,2026-02-20T00:00:00+00:00,12,0.610652,model-weather-experiment-640618020c918c13b93a05de,ecmwf00-a2d77f25-assumed-7b9a425c47be-1-20260219,2026-02-19T00:00:00+00:00,2026-02-19T10:00:00+00:00
2026-02-19T12:00:00+00:00,turbine-1,2026-02-20T01:00:00+00:00,13,0.644563,model-weather-experiment-640618020c918c13b93a05de,ecmwf00-a2d77f25-assumed-7b9a425c47be-1-20260219,2026-02-19T00:00:00+00:00,2026-02-19T10:00:00+00:00
2026-02-19T12:00:00+00:00,turbine-1,2026-02-20T02:00:00+00:00,14,0.741421,model-weather-experiment-640618020c918c13b93a05de,ecmwf00-a2d77f25-assumed-7b9a425c47be-1-20260219,2026-02-19T00:00:00+00:00,2026-02-19T10:00:00+00:00
2026-02-19T12:00:00+00:00,turbine-1,2026-02-20T03:00:00+00:00,15,0.634735,model-weather-experiment-640618020c918c13b93a05de,ecmwf00-a2d77f25-assumed-7b9a425c47be-1-20260219,2026-02-19T00:00:00+00:00,2026-02-19T10:00:00+00:00
2026-02-19T12:00:00+00:00,turbine-1,2026-02-20T04:00:00+00:00,16,0.375639,model-weather-experiment-640618020c918c13b93a05de,ecmwf00-a2d77f25-assumed-7b9a425c47be-1-20260219,2026-02-19T00:00:00+00:00,2026-02-19T10:00:00+00:00
2026-02-19T12:00:00+00:00,turbine-1,2026-02-20T05:00:00+00:00,17,0.247256,model-weather-experiment-640618020c918c13b93a05de,ecmwf00-a2d77f25-assumed-7b9a425c47be-1-20260219,2026-02-19T00:00:00+00:00,2026-02-19T10:00:00+00:00
2026-02-19T12:00:00+00:00,turbine-1,2026-02-20T06:00:00+00:00,18,0.206845,model-weather-experiment-640618020c918c13b93a05de,ecmwf00-a2d77f25-assumed-7b9a425c47be-1-20260219,2026-02-19T00:00:00+00:00,2026-02-19T10:00:00+00:00
2026-02-19T12:00:00+00:00,turbine-1,2026-02-20T07:00:00+00:00,19,0.154018,model-weather-experiment-640618020c918c13b93a05de,ecmwf00-a2d77f25-assumed-7b9a425c47be-1-20260219,2026-02-19T00:00:00+00:00,2026-02-19T10:00:00+00:00
2026-02-19T12:00:00+00:00,turbine-1,2026-02-20T08:00:00+00:00,20,0.130107,model-weather-experiment-640618020c918c13b93a05de,ecmwf00-a2d77f25-assumed-7b9a425c47be-1-20260219,2026-02-19T00:00:00+00:00,2026-02-19T10:00:00+00:00
2026-02-19T12:00:00+00:00,turbine-1,2026-02-20T09:00:00+00:00,21,0.106832,model-weather-experiment-640618020c918c13b93a05de,ecmwf00-a2d77f25-assumed-7b9a425c47be-1-20260219,2026-02-19T00:00:00+00:00,2026-02-19T10:00:00+00:00
2026-02-19T12:00:00+00:00,turbine-1,2026-02-20T10:00:00+00:00,22,0.078485,model-weather-experiment-640618020c918c13b93a05de,ecmwf00-a2d77f25-assumed-7b9a425c47be-1-20260219,2026-02-19T00:00:00+00:00,2026-02-19T10:00:00+00:00
2026-02-19T12:00:00+00:00,turbine-1,2026-02-20T11:00:00+00:00,23,0.052511,model-weather-experiment-640618020c918c13b93a05de,ecmwf00-a2d77f25-assumed-7b9a425c47be-1-20260219,2026-02-19T00:00:00+00:00,2026-02-19T10:00:00+00:00
2026-02-19T12:00:00+00:00,turbine-1,2026-02-20T12:00:00+00:00,24,0.04998,model-weather-experiment-640618020c918c13b93a05de,ecmwf00-a2d77f25-assumed-7b9a425c47be-1-20260219,2026-02-19T00:00:00+00:00,2026-02-19T10:00:00+00:00
2026-02-19T12:00:00+00:00,turbine-1,2026-02-20T13:00:00+00:00,25,0.066167,model-weather-experiment-640618020c918c13b93a05de,ecmwf00-a2d77f25-assumed-7b9a425c47be-1-20260219,2026-02-19T00:00:00+00:00,2026-02-19T10:00:00+00:00
2026-02-19T12:00:00+00:00,turbine-1,2026-02-20T14:00:00+00:00,26,0.242619,model-weather-experiment-640618020c918c13b93a05de,ecmwf00-a2d77f25-assumed-7b9a425c47be-1-20260219,2026-02-19T00:00:00+00:00,2026-02-19T10:00:00+00:00
2026-02-19T12:00:00+00:00,turbine-1,2026-02-20T15:00:00+00:00,27,0.595265,model-weather-experiment-640618020c918c13b93a05de,ecmwf00-a2d77f25-assumed-7b9a425c47be-1-20260219,2026-02-19T00:00:00+00:00,2026-02-19T10:00:00+00:00
2026-02-19T12:00:00+00:00,turbine-1,2026-02-20T16:00:00+00:00,28,0.599967,model-weather-experiment-640618020c918c13b93a05de,ecmwf00-a2d77f25-assumed-7b9a425c47be-1-20260219,2026-02-19T00:00:00+00:00,2026-02-19T10:00:00+00:00
2026-02-19T12:00:00+00:00,turbine-1,2026-02-20T17:00:00+00:00,29,0.729728,model-weather-experiment-640618020c918c13b93a05de,ecmwf00-a2d77f25-assumed-7b9a425c47be-1-20260219,2026-02-19T00:00:00+00:00,2026-02-19T10:00:00+00:00
2026-02-19T12:00:00+00:00,turbine-1,2026-02-20T18:00:00+00:00,30,0.857942,model-weather-experiment-640618020c918c13b93a05de,ecmwf00-a2d77f25-assumed-7b9a425c47be-1-20260219,2026-02-19T00:00:00+00:00,2026-02-19T10:00:00+00:00
2026-02-19T12:00:00+00:00,turbine-1,2026-02-20T19:00:00+00:00,31,0.876033,model-weather-experiment-640618020c918c13b93a05de,ecmwf00-a2d77f25-assumed-7b9a425c47be-1-20260219,2026-02-19T00:00:00+00:00,2026-02-19T10:00:00+00:00
2026-02-19T12:00:00+00:00,turbine-1,2026-02-20T20:00:00+00:00,32,0.80469,model-weather-experiment-640618020c918c13b93a05de,ecmwf00-a2d77f25-assumed-7b9a425c47be-1-20260219,2026-02-19T00:00:00+00:00,2026-02-19T10:00:00+00:00
2026-02-19T12:00:00+00:00,turbine-1,2026-02-20T21:00:00+00:00,33,0.742811,model-weather-experiment-640618020c918c13b93a05de,ecmwf00-a2d77f25-assumed-7b9a425c47be-1-20260219,2026-02-19T00:00:00+00:00,2026-02-19T10:00:00+00:00
2026-02-19T12:00:00+00:00,turbine-1,2026-02-20T22:00:00+00:00,34,0.639127,model-weather-experiment-640618020c918c13b93a05de,ecmwf00-a2d77f25-assumed-7b9a425c47be-1-20260219,2026-02-19T00:00:00+00:00,2026-02-19T10:00:00+00:00
2026-02-19T12:00:00+00:00,turbine-1,2026-02-20T23:00:00+00:00,35,0.48546,model-weather-experiment-640618020c918c13b93a05de,ecmwf00-a2d77f25-assumed-7b9a425c47be-1-20260219,2026-02-19T00:00:00+00:00,2026-02-19T10:00:00+00:00
2026-02-19T12:00:00+00:00,turbine-1,2026-02-21T00:00:00+00:00,36,0.317843,model-weather-experiment-640618020c918c13b93a05de,ecmwf00-a2d77f25-assumed-7b9a425c47be-1-20260219,2026-02-19T00:00:00+00:00,2026-02-19T10:00:00+00:00
2026-02-19T12:00:00+00:00,turbine-1,2026-02-21T01:00:00+00:00,37,0.220856,model-weather-experiment-640618020c918c13b93a05de,ecmwf00-a2d77f25-assumed-7b9a425c47be-1-20260219,2026-02-19T00:00:00+00:00,2026-02-19T10:00:00+00:00
2026-02-19T12:00:00+00:00,turbine-1,2026-02-21T02:00:00+00:00,38,0.276396,model-weather-experiment-640618020c918c13b93a05de,ecmwf00-a2d77f25-assumed-7b9a425c47be-1-20260219,2026-02-19T00:00:00+00:00,2026-02-19T10:00:00+00:00
2026-02-19T12:00:00+00:00,turbine-1,2026-02-21T03:00:00+00:00,39,0.367393,model-weather-experiment-640618020c918c13b93a05de,ecmwf00-a2d77f25-assumed-7b9a425c47be-1-20260219,2026-02-19T00:00:00+00:00,2026-02-19T10:00:00+00:00
2026-02-19T12:00:00+00:00,turbine-1,2026-02-21T04:00:00+00:00,40,0.279145,model-weather-experiment-640618020c918c13b93a05de,ecmwf00-a2d77f25-assumed-7b9a425c47be-1-20260219,2026-02-19T00:00:00+00:00,2026-02-19T10:00:00+00:00
2026-02-19T12:00:00+00:00,turbine-1,2026-02-21T05:00:00+00:00,41,0.093386,model-weather-experiment-640618020c918c13b93a05de,ecmwf00-a2d77f25-assumed-7b9a425c47be-1-20260219,2026-02-19T00:00:00+00:00,2026-02-19T10:00:00+00:00
2026-02-19T12:00:00+00:00,turbine-1,2026-02-21T06:00:00+00:00,42,0.860881,model-weather-experiment-640618020c918c13b93a05de,ecmwf00-a2d77f25-assumed-7b9a425c47be-1-20260219,2026-02-19T00:00:00+00:00,2026-02-19T10:00:00+00:00
2026-02-19T12:00:00+00:00,turbine-1,2026-02-21T07:00:00+00:00,43,0.89008,model-weather-experiment-640618020c918c13b93a05de,ecmwf00-a2d77f25-assumed-7b9a425c47be-1-20260219,2026-02-19T00:00:00+00:00,2026-02-19T10:00:00+00:00
2026-02-19T12:00:00+00:00,turbine-1,2026-02-21T08:00:00+00:00,44,0.901185,model-weather-experiment-640618020c918c13b93a05de,ecmwf00-a2d77f25-assumed-7b9a425c47be-1-20260219,2026-02-19T00:00:00+00:00,2026-02-19T10:00:00+00:00
2026-02-19T12:00:00+00:00,turbine-1,2026-02-21T09:00:00+00:00,45,0.898798,model-weather-experiment-640618020c918c13b93a05de,ecmwf00-a2d77f25-assumed-7b9a425c47be-1-20260219,2026-02-19T00:00:00+00:00,2026-02-19T10:00:00+00:00
2026-02-19T12:00:00+00:00,turbine-1,2026-02-21T10:00:00+00:00,46,0.798842,model-weather-experiment-640618020c918c13b93a05de,ecmwf00-a2d77f25-assumed-7b9a425c47be-1-20260219,2026-02-19T00:00:00+00:00,2026-02-19T10:00:00+00:00
2026-02-19T12:00:00+00:00,turbine-1,2026-02-21T11:00:00+00:00,47,0.38224,model-weather-experiment-640618020c918c13b93a05de,ecmwf00-a2d77f25-assumed-7b9a425c47be-1-20260219,2026-02-19T00:00:00+00:00,2026-02-19T10:00:00+00:00
2026-02-19T12:00:00+00:00,turbine-1,2026-02-21T12:00:00+00:00,48,0.338199,model-weather-experiment-640618020c918c13b93a05de,ecmwf00-a2d77f25-assumed-7b9a425c47be-1-20260219,2026-02-19T00:00:00+00:00,2026-02-19T10:00:00+00:00
2026-02-19T12:00:00+00:00,turbine-2,2026-02-19T13:00:00+00:00,1,0.104468,model-weather-experiment-640618020c918c13b93a05de,ecmwf00-a2d77f25-assumed-7b9a425c47be-2-20260219,2026-02-19T00:00:00+00:00,2026-02-19T10:00:00+00:00
2026-02-19T12:00:00+00:00,turbine-2,2026-02-19T14:00:00+00:00,2,0.068326,model-weather-experiment-640618020c918c13b93a05de,ecmwf00-a2d77f25-assumed-7b9a425c47be-2-20260219,2026-02-19T00:00:00+00:00,2026-02-19T10:00:00+00:00
2026-02-19T12:00:00+00:00,turbine-2,2026-02-19T15:00:00+00:00,3,0.0929,model-weather-experiment-640618020c918c13b93a05de,ecmwf00-a2d77f25-assumed-7b9a425c47be-2-20260219,2026-02-19T00:00:00+00:00,2026-02-19T10:00:00+00:00
2026-02-19T12:00:00+00:00,turbine-2,2026-02-19T16:00:00+00:00,4,0.400452,model-weather-experiment-640618020c918c13b93a05de,ecmwf00-a2d77f25-assumed-7b9a425c47be-2-20260219,2026-02-19T00:00:00+00:00,2026-02-19T10:00:00+00:00
2026-02-19T12:00:00+00:00,turbine-2,2026-02-19T17:00:00+00:00,5,0.122015,model-weather-experiment-640618020c918c13b93a05de,ecmwf00-a2d77f25-assumed-7b9a425c47be-2-20260219,2026-02-19T00:00:00+00:00,2026-02-19T10:00:00+00:00
2026-02-19T12:00:00+00:00,turbine-2,2026-02-19T18:00:00+00:00,6,0.129695,model-weather-experiment-640618020c918c13b93a05de,ecmwf00-a2d77f25-assumed-7b9a425c47be-2-20260219,2026-02-19T00:00:00+00:00,2026-02-19T10:00:00+00:00
2026-02-19T12:00:00+00:00,turbine-2,2026-02-19T19:00:00+00:00,7,0.305994,model-weather-experiment-640618020c918c13b93a05de,ecmwf00-a2d77f25-assumed-7b9a425c47be-2-20260219,2026-02-19T00:00:00+00:00,2026-02-19T10:00:00+00:00
2026-02-19T12:00:00+00:00,turbine-2,2026-02-19T20:00:00+00:00,8,0.430193,model-weather-experiment-640618020c918c13b93a05de,ecmwf00-a2d77f25-assumed-7b9a425c47be-2-20260219,2026-02-19T00:00:00+00:00,2026-02-19T10:00:00+00:00
2026-02-19T12:00:00+00:00,turbine-2,2026-02-19T21:00:00+00:00,9,0.494404,model-weather-experiment-640618020c918c13b93a05de,ecmwf00-a2d77f25-assumed-7b9a425c47be-2-20260219,2026-02-19T00:00:00+00:00,2026-02-19T10:00:00+00:00
2026-02-19T12:00:00+00:00,turbine-2,2026-02-19T22:00:00+00:00,10,0.470626,model-weather-experiment-640618020c918c13b93a05de,ecmwf00-a2d77f25-assumed-7b9a425c47be-2-20260219,2026-02-19T00:00:00+00:00,2026-02-19T10:00:00+00:00
2026-02-19T12:00:00+00:00,turbine-2,2026-02-19T23:00:00+00:00,11,0.567861,model-weather-experiment-640618020c918c13b93a05de,ecmwf00-a2d77f25-assumed-7b9a425c47be-2-20260219,2026-02-19T00:00:00+00:00,2026-02-19T10:00:00+00:00
2026-02-19T12:00:00+00:00,turbine-2,2026-02-20T00:00:00+00:00,12,0.689371,model-weather-experiment-640618020c918c13b93a05de,ecmwf00-a2d77f25-assumed-7b9a425c47be-2-20260219,2026-02-19T00:00:00+00:00,2026-02-19T10:00:00+00:00
2026-02-19T12:00:00+00:00,turbine-2,2026-02-20T01:00:00+00:00,13,0.710018,model-weather-experiment-640618020c918c13b93a05de,ecmwf00-a2d77f25-assumed-7b9a425c47be-2-20260219,2026-02-19T00:00:00+00:00,2026-02-19T10:00:00+00:00
2026-02-19T12:00:00+00:00,turbine-2,2026-02-20T02:00:00+00:00,14,0.793123,model-weather-experiment-640618020c918c13b93a05de,ecmwf00-a2d77f25-assumed-7b9a425c47be-2-20260219,2026-02-19T00:00:00+00:00,2026-02-19T10:00:00+00:00
2026-02-19T12:00:00+00:00,turbine-2,2026-02-20T03:00:00+00:00,15,0.691838,model-weather-experiment-640618020c918c13b93a05de,ecmwf00-a2d77f25-assumed-7b9a425c47be-2-20260219,2026-02-19T00:00:00+00:00,2026-02-19T10:00:00+00:00
2026-02-19T12:00:00+00:00,turbine-2,2026-02-20T04:00:00+00:00,16,0.336422,model-weather-experiment-640618020c918c13b93a05de,ecmwf00-a2d77f25-assumed-7b9a425c47be-2-20260219,2026-02-19T00:00:00+00:00,2026-02-19T10:00:00+00:00
2026-02-19T12:00:00+00:00,turbine-2,2026-02-20T05:00:00+00:00,17,0.196163,model-weather-experiment-640618020c918c13b93a05de,ecmwf00-a2d77f25-assumed-7b9a425c47be-2-20260219,2026-02-19T00:00:00+00:00,2026-02-19T10:00:00+00:00
2026-02-19T12:00:00+00:00,turbine-2,2026-02-20T06:00:00+00:00,18,0.174424,model-weather-experiment-640618020c918c13b93a05de,ecmwf00-a2d77f25-assumed-7b9a425c47be-2-20260219,2026-02-19T00:00:00+00:00,2026-02-19T10:00:00+00:00
2026-02-19T12:00:00+00:00,turbine-2,2026-02-20T07:00:00+00:00,19,0.113517,model-weather-experiment-640618020c918c13b93a05de,ecmwf00-a2d77f25-assumed-7b9a425c47be-2-20260219,2026-02-19T00:00:00+00:00,2026-02-19T10:00:00+00:00
2026-02-19T12:00:00+00:00,turbine-2,2026-02-20T08:00:00+00:00,20,0.109984,model-weather-experiment-640618020c918c13b93a05de,ecmwf00-a2d77f25-assumed-7b9a425c47be-2-20260219,2026-02-19T00:00:00+00:00,2026-02-19T10:00:00+00:00
2026-02-19T12:00:00+00:00,turbine-2,2026-02-20T09:00:00+00:00,21,0.089604,model-weather-experiment-640618020c918c13b93a05de,ecmwf00-a2d77f25-assumed-7b9a425c47be-2-20260219,2026-02-19T00:00:00+00:00,2026-02-19T10:00:00+00:00
2026-02-19T12:00:00+00:00,turbine-2,2026-02-20T10:00:00+00:00,22,0.052106,model-weather-experiment-640618020c918c13b93a05de,ecmwf00-a2d77f25-assumed-7b9a425c47be-2-20260219,2026-02-19T00:00:00+00:00,2026-02-19T10:00:00+00:00
2026-02-19T12:00:00+00:00,turbine-2,2026-02-20T11:00:00+00:00,23,0.042131,model-weather-experiment-640618020c918c13b93a05de,ecmwf00-a2d77f25-assumed-7b9a425c47be-2-20260219,2026-02-19T00:00:00+00:00,2026-02-19T10:00:00+00:00
2026-02-19T12:00:00+00:00,turbine-2,2026-02-20T12:00:00+00:00,24,0.054458,model-weather-experiment-640618020c918c13b93a05de,ecmwf00-a2d77f25-assumed-7b9a425c47be-2-20260219,2026-02-19T00:00:00+00:00,2026-02-19T10:00:00+00:00
2026-02-19T12:00:00+00:00,turbine-2,2026-02-20T13:00:00+00:00,25,0.052911,model-weather-experiment-640618020c918c13b93a05de,ecmwf00-a2d77f25-assumed-7b9a425c47be-2-20260219,2026-02-19T00:00:00+00:00,2026-02-19T10:00:00+00:00
2026-02-19T12:00:00+00:00,turbine-2,2026-02-20T14:00:00+00:00,26,0.207307,model-weather-experiment-640618020c918c13b93a05de,ecmwf00-a2d77f25-assumed-7b9a425c47be-2-20260219,2026-02-19T00:00:00+00:00,2026-02-19T10:00:00+00:00
2026-02-19T12:00:00+00:00,turbine-2,2026-02-20T15:00:00+00:00,27,0.572046,model-weather-experiment-640618020c918c13b93a05de,ecmwf00-a2d77f25-assumed-7b9a425c47be-2-20260219,2026-02-19T00:00:00+00:00,2026-02-19T10:00:00+00:00
2026-02-19T12:00:00+00:00,turbine-2,2026-02-20T16:00:00+00:00,28,0.575548,model-weather-experiment-640618020c918c13b93a05de,ecmwf00-a2d77f25-assumed-7b9a425c47be-2-20260219,2026-02-19T00:00:00+00:00,2026-02-19T10:00:00+00:00
2026-02-19T12:00:00+00:00,turbine-2,2026-02-20T17:00:00+00:00,29,0.759439,model-weather-experiment-640618020c918c13b93a05de,ecmwf00-a2d77f25-assumed-7b9a425c47be-2-20260219,2026-02-19T00:00:00+00:00,2026-02-19T10:00:00+00:00
2026-02-19T12:00:00+00:00,turbine-2,2026-02-20T18:00:00+00:00,30,0.856301,model-weather-experiment-640618020c918c13b93a05de,ecmwf00-a2d77f25-assumed-7b9a425c47be-2-20260219,2026-02-19T00:00:00+00:00,2026-02-19T10:00:00+00:00
2026-02-19T12:00:00+00:00,turbine-2,2026-02-20T19:00:00+00:00,31,0.856815,model-weather-experiment-640618020c918c13b93a05de,ecmwf00-a2d77f25-assumed-7b9a425c47be-2-20260219,2026-02-19T00:00:00+00:00,2026-02-19T10:00:00+00:00
2026-02-19T12:00:00+00:00,turbine-2,2026-02-20T20:00:00+00:00,32,0.778031,model-weather-experiment-640618020c918c13b93a05de,ecmwf00-a2d77f25-assumed-7b9a425c47be-2-20260219,2026-02-19T00:00:00+00:00,2026-02-19T10:00:00+00:00
2026-02-19T12:00:00+00:00,turbine-2,2026-02-20T21:00:00+00:00,33,0.651512,model-weather-experiment-640618020c918c13b93a05de,ecmwf00-a2d77f25-assumed-7b9a425c47be-2-20260219,2026-02-19T00:00:00+00:00,2026-02-19T10:00:00+00:00
2026-02-19T12:00:00+00:00,turbine-2,2026-02-20T22:00:00+00:00,34,0.543301,model-weather-experiment-640618020c918c13b93a05de,ecmwf00-a2d77f25-assumed-7b9a425c47be-2-20260219,2026-02-19T00:00:00+00:00,2026-02-19T10:00:00+00:00
2026-02-19T12:00:00+00:00,turbine-2,2026-02-20T23:00:00+00:00,35,0.384599,model-weather-experiment-640618020c918c13b93a05de,ecmwf00-a2d77f25-assumed-7b9a425c47be-2-20260219,2026-02-19T00:00:00+00:00,2026-02-19T10:00:00+00:00
2026-02-19T12:00:00+00:00,turbine-2,2026-02-21T00:00:00+00:00,36,0.224383,model-weather-experiment-640618020c918c13b93a05de,ecmwf00-a2d77f25-assumed-7b9a425c47be-2-20260219,2026-02-19T00:00:00+00:00,2026-02-19T10:00:00+00:00
2026-02-19T12:00:00+00:00,turbine-2,2026-02-21T01:00:00+00:00,37,0.164945,model-weather-experiment-640618020c918c13b93a05de,ecmwf00-a2d77f25-assumed-7b9a425c47be-2-20260219,2026-02-19T00:00:00+00:00,2026-02-19T10:00:00+00:00
2026-02-19T12:00:00+00:00,turbine-2,2026-02-21T02:00:00+00:00,38,0.198933,model-weather-experiment-640618020c918c13b93a05de,ecmwf00-a2d77f25-assumed-7b9a425c47be-2-20260219,2026-02-19T00:00:00+00:00,2026-02-19T10:00:00+00:00
2026-02-19T12:00:00+00:00,turbine-2,2026-02-21T03:00:00+00:00,39,0.299841,model-weather-experiment-640618020c918c13b93a05de,ecmwf00-a2d77f25-assumed-7b9a425c47be-2-20260219,2026-02-19T00:00:00+00:00,2026-02-19T10:00:00+00:00
2026-02-19T12:00:00+00:00,turbine-2,2026-02-21T04:00:00+00:00,40,0.183642,model-weather-experiment-640618020c918c13b93a05de,ecmwf00-a2d77f25-assumed-7b9a425c47be-2-20260219,2026-02-19T00:00:00+00:00,2026-02-19T10:00:00+00:00
2026-02-19T12:00:00+00:00,turbine-2,2026-02-21T05:00:00+00:00,41,0.079302,model-weather-experiment-640618020c918c13b93a05de,ecmwf00-a2d77f25-assumed-7b9a425c47be-2-20260219,2026-02-19T00:00:00+00:00,2026-02-19T10:00:00+00:00
2026-02-19T12:00:00+00:00,turbine-2,2026-02-21T06:00:00+00:00,42,0.845964,model-weather-experiment-640618020c918c13b93a05de,ecmwf00-a2d77f25-assumed-7b9a425c47be-2-20260219,2026-02-19T00:00:00+00:00,2026-02-19T10:00:00+00:00
2026-02-19T12:00:00+00:00,turbine-2,2026-02-21T07:00:00+00:00,43,0.895835,model-weather-experiment-640618020c918c13b93a05de,ecmwf00-a2d77f25-assumed-7b9a425c47be-2-20260219,2026-02-19T00:00:00+00:00,2026-02-19T10:00:00+00:00
2026-02-19T12:00:00+00:00,turbine-2,2026-02-21T08:00:00+00:00,44,0.912869,model-weather-experiment-640618020c918c13b93a05de,ecmwf00-a2d77f25-assumed-7b9a425c47be-2-20260219,2026-02-19T00:00:00+00:00,2026-02-19T10:00:00+00:00
2026-02-19T12:00:00+00:00,turbine-2,2026-02-21T09:00:00+00:00,45,0.904223,model-weather-experiment-640618020c918c13b93a05de,ecmwf00-a2d77f25-assumed-7b9a425c47be-2-20260219,2026-02-19T00:00:00+00:00,2026-02-19T10:00:00+00:00
2026-02-19T12:00:00+00:00,turbine-2,2026-02-21T10:00:00+00:00,46,0.811516,model-weather-experiment-640618020c918c13b93a05de,ecmwf00-a2d77f25-assumed-7b9a425c47be-2-20260219,2026-02-19T00:00:00+00:00,2026-02-19T10:00:00+00:00
2026-02-19T12:00:00+00:00,turbine-2,2026-02-21T11:00:00+00:00,47,0.345615,model-weather-experiment-640618020c918c13b93a05de,ecmwf00-a2d77f25-assumed-7b9a425c47be-2-20260219,2026-02-19T00:00:00+00:00,2026-02-19T10:00:00+00:00
2026-02-19T12:00:00+00:00,turbine-2,2026-02-21T12:00:00+00:00,48,0.309306,model-weather-experiment-640618020c918c13b93a05de,ecmwf00-a2d77f25-assumed-7b9a425c47be-2-20260219,2026-02-19T00:00:00+00:00,2026-02-19T10:00:00+00:00
2026-02-20T12:00:00+00:00,turbine-1,2026-02-20T13:00:00+00:00,1,0.029398,model-weather-experiment-640618020c918c13b93a05de,ecmwf00-a2d77f25-assumed-7b9a425c47be-1-20260220,2026-02-20T00:00:00+00:00,2026-02-20T10:00:00+00:00
2026-02-20T12:00:00+00:00,turbine-1,2026-02-20T14:00:00+00:00,2,0.076009,model-weather-experiment-640618020c918c13b93a05de,ecmwf00-a2d77f25-assumed-7b9a425c47be-1-20260220,2026-02-20T00:00:00+00:00,2026-02-20T10:00:00+00:00
2026-02-20T12:00:00+00:00,turbine-1,2026-02-20T15:00:00+00:00,3,0.419597,model-weather-experiment-640618020c918c13b93a05de,ecmwf00-a2d77f25-assumed-7b9a425c47be-1-20260220,2026-02-20T00:00:00+00:00,2026-02-20T10:00:00+00:00
2026-02-20T12:00:00+00:00,turbine-1,2026-02-20T16:00:00+00:00,4,0.585902,model-weather-experiment-640618020c918c13b93a05de,ecmwf00-a2d77f25-assumed-7b9a425c47be-1-20260220,2026-02-20T00:00:00+00:00,2026-02-20T10:00:00+00:00
2026-02-20T12:00:00+00:00,turbine-1,2026-02-20T17:00:00+00:00,5,0.589784,model-weather-experiment-640618020c918c13b93a05de,ecmwf00-a2d77f25-assumed-7b9a425c47be-1-20260220,2026-02-20T00:00:00+00:00,2026-02-20T10:00:00+00:00
2026-02-20T12:00:00+00:00,turbine-1,2026-02-20T18:00:00+00:00,6,0.791708,model-weather-experiment-640618020c918c13b93a05de,ecmwf00-a2d77f25-assumed-7b9a425c47be-1-20260220,2026-02-20T00:00:00+00:00,2026-02-20T10:00:00+00:00
2026-02-20T12:00:00+00:00,turbine-1,2026-02-20T19:00:00+00:00,7,0.868731,model-weather-experiment-640618020c918c13b93a05de,ecmwf00-a2d77f25-assumed-7b9a425c47be-1-20260220,2026-02-20T00:00:00+00:00,2026-02-20T10:00:00+00:00
2026-02-20T12:00:00+00:00,turbine-1,2026-02-20T20:00:00+00:00,8,0.853623,model-weather-experiment-640618020c918c13b93a05de,ecmwf00-a2d77f25-assumed-7b9a425c47be-1-20260220,2026-02-20T00:00:00+00:00,2026-02-20T10:00:00+00:00
2026-02-20T12:00:00+00:00,turbine-1,2026-02-20T21:00:00+00:00,9,0.729822,model-weather-experiment-640618020c918c13b93a05de,ecmwf00-a2d77f25-assumed-7b9a425c47be-1-20260220,2026-02-20T00:00:00+00:00,2026-02-20T10:00:00+00:00
2026-02-20T12:00:00+00:00,turbine-1,2026-02-20T22:00:00+00:00,10,0.643306,model-weather-experiment-640618020c918c13b93a05de,ecmwf00-a2d77f25-assumed-7b9a425c47be-1-20260220,2026-02-20T00:00:00+00:00,2026-02-20T10:00:00+00:00
2026-02-20T12:00:00+00:00,turbine-1,2026-02-20T23:00:00+00:00,11,0.562481,model-weather-experiment-640618020c918c13b93a05de,ecmwf00-a2d77f25-assumed-7b9a425c47be-1-20260220,2026-02-20T00:00:00+00:00,2026-02-20T10:00:00+00:00
2026-02-20T12:00:00+00:00,turbine-1,2026-02-21T00:00:00+00:00,12,0.401331,model-weather-experiment-640618020c918c13b93a05de,ecmwf00-a2d77f25-assumed-7b9a425c47be-1-20260220,2026-02-20T00:00:00+00:00,2026-02-20T10:00:00+00:00
2026-02-20T12:00:00+00:00,turbine-1,2026-02-21T01:00:00+00:00,13,0.262783,model-weather-experiment-640618020c918c13b93a05de,ecmwf00-a2d77f25-assumed-7b9a425c47be-1-20260220,2026-02-20T00:00:00+00:00,2026-02-20T10:00:00+00:00
2026-02-20T12:00:00+00:00,turbine-1,2026-02-21T02:00:00+00:00,14,0.220087,model-weather-experiment-640618020c918c13b93a05de,ecmwf00-a2d77f25-assumed-7b9a425c47be-1-20260220,2026-02-20T00:00:00+00:00,2026-02-20T10:00:00+00:00
2026-02-20T12:00:00+00:00,turbine-1,2026-02-21T03:00:00+00:00,15,0.211831,model-weather-experiment-640618020c918c13b93a05de,ecmwf00-a2d77f25-assumed-7b9a425c47be-1-20260220,2026-02-20T00:00:00+00:00,2026-02-20T10:00:00+00:00
2026-02-20T12:00:00+00:00,turbine-1,2026-02-21T04:00:00+00:00,16,0.039339,model-weather-experiment-640618020c918c13b93a05de,ecmwf00-a2d77f25-assumed-7b9a425c47be-1-20260220,2026-02-20T00:00:00+00:00,2026-02-20T10:00:00+00:00
2026-02-20T12:00:00+00:00,turbine-1,2026-02-21T05:00:00+00:00,17,0.294108,model-weather-experiment-640618020c918c13b93a05de,ecmwf00-a2d77f25-assumed-7b9a425c47be-1-20260220,2026-02-20T00:00:00+00:00,2026-02-20T10:00:00+00:00
2026-02-20T12:00:00+00:00,turbine-1,2026-02-21T06:00:00+00:00,18,0.864922,model-weather-experiment-640618020c918c13b93a05de,ecmwf00-a2d77f25-assumed-7b9a425c47be-1-20260220,2026-02-20T00:00:00+00:00,2026-02-20T10:00:00+00:00
2026-02-20T12:00:00+00:00,turbine-1,2026-02-21T07:00:00+00:00,19,0.870146,model-weather-experiment-640618020c918c13b93a05de,ecmwf00-a2d77f25-assumed-7b9a425c47be-1-20260220,2026-02-20T00:00:00+00:00,2026-02-20T10:00:00+00:00
2026-02-20T12:00:00+00:00,turbine-1,2026-02-21T08:00:00+00:00,20,0.876701,model-weather-experiment-640618020c918c13b93a05de,ecmwf00-a2d77f25-assumed-7b9a425c47be-1-20260220,2026-02-20T00:00:00+00:00,2026-02-20T10:00:00+00:00
2026-02-20T12:00:00+00:00,turbine-1,2026-02-21T09:00:00+00:00,21,0.871667,model-weather-experiment-640618020c918c13b93a05de,ecmwf00-a2d77f25-assumed-7b9a425c47be-1-20260220,2026-02-20T00:00:00+00:00,2026-02-20T10:00:00+00:00
2026-02-20T12:00:00+00:00,turbine-1,2026-02-21T10:00:00+00:00,22,0.909029,model-weather-experiment-640618020c918c13b93a05de,ecmwf00-a2d77f25-assumed-7b9a425c47be-1-20260220,2026-02-20T00:00:00+00:00,2026-02-20T10:00:00+00:00
2026-02-20T12:00:00+00:00,turbine-1,2026-02-21T11:00:00+00:00,23,0.838526,model-weather-experiment-640618020c918c13b93a05de,ecmwf00-a2d77f25-assumed-7b9a425c47be-1-20260220,2026-02-20T00:00:00+00:00,2026-02-20T10:00:00+00:00
2026-02-20T12:00:00+00:00,turbine-1,2026-02-21T12:00:00+00:00,24,0.800262,model-weather-experiment-640618020c918c13b93a05de,ecmwf00-a2d77f25-assumed-7b9a425c47be-1-20260220,2026-02-20T00:00:00+00:00,2026-02-20T10:00:00+00:00
2026-02-20T12:00:00+00:00,turbine-1,2026-02-21T13:00:00+00:00,25,0.43476,model-weather-experiment-640618020c918c13b93a05de,ecmwf00-a2d77f25-assumed-7b9a425c47be-1-20260220,2026-02-20T00:00:00+00:00,2026-02-20T10:00:00+00:00
2026-02-20T12:00:00+00:00,turbine-1,2026-02-21T14:00:00+00:00,26,0.415359,model-weather-experiment-640618020c918c13b93a05de,ecmwf00-a2d77f25-assumed-7b9a425c47be-1-20260220,2026-02-20T00:00:00+00:00,2026-02-20T10:00:00+00:00
2026-02-20T12:00:00+00:00,turbine-1,2026-02-21T15:00:00+00:00,27,0.233309,model-weather-experiment-640618020c918c13b93a05de,ecmwf00-a2d77f25-assumed-7b9a425c47be-1-20260220,2026-02-20T00:00:00+00:00,2026-02-20T10:00:00+00:00
2026-02-20T12:00:00+00:00,turbine-1,2026-02-21T16:00:00+00:00,28,0.254704,model-weather-experiment-640618020c918c13b93a05de,ecmwf00-a2d77f25-assumed-7b9a425c47be-1-20260220,2026-02-20T00:00:00+00:00,2026-02-20T10:00:00+00:00
2026-02-20T12:00:00+00:00,turbine-1,2026-02-21T17:00:00+00:00,29,0.27698,model-weather-experiment-640618020c918c13b93a05de,ecmwf00-a2d77f25-assumed-7b9a425c47be-1-20260220,2026-02-20T00:00:00+00:00,2026-02-20T10:00:00+00:00
2026-02-20T12:00:00+00:00,turbine-1,2026-02-21T18:00:00+00:00,30,0.569216,model-weather-experiment-640618020c918c13b93a05de,ecmwf00-a2d77f25-assumed-7b9a425c47be-1-20260220,2026-02-20T00:00:00+00:00,2026-02-20T10:00:00+00:00
2026-02-20T12:00:00+00:00,turbine-1,2026-02-21T19:00:00+00:00,31,0.664826,model-weather-experiment-640618020c918c13b93a05de,ecmwf00-a2d77f25-assumed-7b9a425c47be-1-20260220,2026-02-20T00:00:00+00:00,2026-02-20T10:00:00+00:00
2026-02-20T12:00:00+00:00,turbine-1,2026-02-21T20:00:00+00:00,32,0.622018,model-weather-experiment-640618020c918c13b93a05de,ecmwf00-a2d77f25-assumed-7b9a425c47be-1-20260220,2026-02-20T00:00:00+00:00,2026-02-20T10:00:00+00:00
2026-02-20T12:00:00+00:00,turbine-1,2026-02-21T21:00:00+00:00,33,0.453228,model-weather-experiment-640618020c918c13b93a05de,ecmwf00-a2d77f25-assumed-7b9a425c47be-1-20260220,2026-02-20T00:00:00+00:00,2026-02-20T10:00:00+00:00
2026-02-20T12:00:00+00:00,turbine-1,2026-02-21T22:00:00+00:00,34,0.200528,model-weather-experiment-640618020c918c13b93a05de,ecmwf00-a2d77f25-assumed-7b9a425c47be-1-20260220,2026-02-20T00:00:00+00:00,2026-02-20T10:00:00+00:00
2026-02-20T12:00:00+00:00,turbine-1,2026-02-21T23:00:00+00:00,35,0.093085,model-weather-experiment-640618020c918c13b93a05de,ecmwf00-a2d77f25-assumed-7b9a425c47be-1-20260220,2026-02-20T00:00:00+00:00,2026-02-20T10:00:00+00:00
2026-02-20T12:00:00+00:00,turbine-1,2026-02-22T00:00:00+00:00,36,0.050259,model-weather-experiment-640618020c918c13b93a05de,ecmwf00-a2d77f25-assumed-7b9a425c47be-1-20260220,2026-02-20T00:00:00+00:00,2026-02-20T10:00:00+00:00
2026-02-20T12:00:00+00:00,turbine-1,2026-02-22T01:00:00+00:00,37,0.075396,model-weather-experiment-640618020c918c13b93a05de,ecmwf00-a2d77f25-assumed-7b9a425c47be-1-20260220,2026-02-20T00:00:00+00:00,2026-02-20T10:00:00+00:00
2026-02-20T12:00:00+00:00,turbine-1,2026-02-22T02:00:00+00:00,38,0.106614,model-weather-experiment-640618020c918c13b93a05de,ecmwf00-a2d77f25-assumed-7b9a425c47be-1-20260220,2026-02-20T00:00:00+00:00,2026-02-20T10:00:00+00:00
2026-02-20T12:00:00+00:00,turbine-1,2026-02-22T03:00:00+00:00,39,0.115701,model-weather-experiment-640618020c918c13b93a05de,ecmwf00-a2d77f25-assumed-7b9a425c47be-1-20260220,2026-02-20T00:00:00+00:00,2026-02-20T10:00:00+00:00
2026-02-20T12:00:00+00:00,turbine-1,2026-02-22T04:00:00+00:00,40,0.140093,model-weather-experiment-640618020c918c13b93a05de,ecmwf00-a2d77f25-assumed-7b9a425c47be-1-20260220,2026-02-20T00:00:00+00:00,2026-02-20T10:00:00+00:00
2026-02-20T12:00:00+00:00,turbine-1,2026-02-22T05:00:00+00:00,41,0.129018,model-weather-experiment-640618020c918c13b93a05de,ecmwf00-a2d77f25-assumed-7b9a425c47be-1-20260220,2026-02-20T00:00:00+00:00,2026-02-20T10:00:00+00:00
2026-02-20T12:00:00+00:00,turbine-1,2026-02-22T06:00:00+00:00,42,0.254125,model-weather-experiment-640618020c918c13b93a05de,ecmwf00-a2d77f25-assumed-7b9a425c47be-1-20260220,2026-02-20T00:00:00+00:00,2026-02-20T10:00:00+00:00
2026-02-20T12:00:00+00:00,turbine-1,2026-02-22T07:00:00+00:00,43,0.648024,model-weather-experiment-640618020c918c13b93a05de,ecmwf00-a2d77f25-assumed-7b9a425c47be-1-20260220,2026-02-20T00:00:00+00:00,2026-02-20T10:00:00+00:00
2026-02-20T12:00:00+00:00,turbine-1,2026-02-22T08:00:00+00:00,44,0.858749,model-weather-experiment-640618020c918c13b93a05de,ecmwf00-a2d77f25-assumed-7b9a425c47be-1-20260220,2026-02-20T00:00:00+00:00,2026-02-20T10:00:00+00:00
2026-02-20T12:00:00+00:00,turbine-1,2026-02-22T09:00:00+00:00,45,0.88189,model-weather-experiment-640618020c918c13b93a05de,ecmwf00-a2d77f25-assumed-7b9a425c47be-1-20260220,2026-02-20T00:00:00+00:00,2026-02-20T10:00:00+00:00
2026-02-20T12:00:00+00:00,turbine-1,2026-02-22T10:00:00+00:00,46,0.866208,model-weather-experiment-640618020c918c13b93a05de,ecmwf00-a2d77f25-assumed-7b9a425c47be-1-20260220,2026-02-20T00:00:00+00:00,2026-02-20T10:00:00+00:00
2026-02-20T12:00:00+00:00,turbine-1,2026-02-22T11:00:00+00:00,47,0.870188,model-weather-experiment-640618020c918c13b93a05de,ecmwf00-a2d77f25-assumed-7b9a425c47be-1-20260220,2026-02-20T00:00:00+00:00,2026-02-20T10:00:00+00:00
2026-02-20T12:00:00+00:00,turbine-1,2026-02-22T12:00:00+00:00,48,0.804977,model-weather-experiment-640618020c918c13b93a05de,ecmwf00-a2d77f25-assumed-7b9a425c47be-1-20260220,2026-02-20T00:00:00+00:00,2026-02-20T10:00:00+00:00
2026-02-20T12:00:00+00:00,turbine-2,2026-02-20T13:00:00+00:00,1,0.021132,model-weather-experiment-640618020c918c13b93a05de,ecmwf00-a2d77f25-assumed-7b9a425c47be-2-20260220,2026-02-20T00:00:00+00:00,2026-02-20T10:00:00+00:00
2026-02-20T12:00:00+00:00,turbine-2,2026-02-20T14:00:00+00:00,2,0.079343,model-weather-experiment-640618020c918c13b93a05de,ecmwf00-a2d77f25-assumed-7b9a425c47be-2-20260220,2026-02-20T00:00:00+00:00,2026-02-20T10:00:00+00:00
2026-02-20T12:00:00+00:00,turbine-2,2026-02-20T15:00:00+00:00,3,0.379514,model-weather-experiment-640618020c918c13b93a05de,ecmwf00-a2d77f25-assumed-7b9a425c47be-2-20260220,2026-02-20T00:00:00+00:00,2026-02-20T10:00:00+00:00
2026-02-20T12:00:00+00:00,turbine-2,2026-02-20T16:00:00+00:00,4,0.560455,model-weather-experiment-640618020c918c13b93a05de,ecmwf00-a2d77f25-assumed-7b9a425c47be-2-20260220,2026-02-20T00:00:00+00:00,2026-02-20T10:00:00+00:00
2026-02-20T12:00:00+00:00,turbine-2,2026-02-20T17:00:00+00:00,5,0.580266,model-weather-experiment-640618020c918c13b93a05de,ecmwf00-a2d77f25-assumed-7b9a425c47be-2-20260220,2026-02-20T00:00:00+00:00,2026-02-20T10:00:00+00:00
2026-02-20T12:00:00+00:00,turbine-2,2026-02-20T18:00:00+00:00,6,0.750768,model-weather-experiment-640618020c918c13b93a05de,ecmwf00-a2d77f25-assumed-7b9a425c47be-2-20260220,2026-02-20T00:00:00+00:00,2026-02-20T10:00:00+00:00
2026-02-20T12:00:00+00:00,turbine-2,2026-02-20T19:00:00+00:00,7,0.783627,model-weather-experiment-640618020c918c13b93a05de,ecmwf00-a2d77f25-assumed-7b9a425c47be-2-20260220,2026-02-20T00:00:00+00:00,2026-02-20T10:00:00+00:00
2026-02-20T12:00:00+00:00,turbine-2,2026-02-20T20:00:00+00:00,8,0.803849,model-weather-experiment-640618020c918c13b93a05de,ecmwf00-a2d77f25-assumed-7b9a425c47be-2-20260220,2026-02-20T00:00:00+00:00,2026-02-20T10:00:00+00:00
2026-02-20T12:00:00+00:00,turbine-2,2026-02-20T21:00:00+00:00,9,0.670345,model-weather-experiment-640618020c918c13b93a05de,ecmwf00-a2d77f25-assumed-7b9a425c47be-2-20260220,2026-02-20T00:00:00+00:00,2026-02-20T10:00:00+00:00
2026-02-20T12:00:00+00:00,turbine-2,2026-02-20T22:00:00+00:00,10,0.576315,model-weather-experiment-640618020c918c13b93a05de,ecmwf00-a2d77f25-assumed-7b9a425c47be-2-20260220,2026-02-20T00:00:00+00:00,2026-02-20T10:00:00+00:00
2026-02-20T12:00:00+00:00,turbine-2,2026-02-20T23:00:00+00:00,11,0.455281,model-weather-experiment-640618020c918c13b93a05de,ecmwf00-a2d77f25-assumed-7b9a425c47be-2-20260220,2026-02-20T00:00:00+00:00,2026-02-20T10:00:00+00:00
2026-02-20T12:00:00+00:00,turbine-2,2026-02-21T00:00:00+00:00,12,0.294701,model-weather-experiment-640618020c918c13b93a05de,ecmwf00-a2d77f25-assumed-7b9a425c47be-2-20260220,2026-02-20T00:00:00+00:00,2026-02-20T10:00:00+00:00
2026-02-20T12:00:00+00:00,turbine-2,2026-02-21T01:00:00+00:00,13,0.17691,model-weather-experiment-640618020c918c13b93a05de,ecmwf00-a2d77f25-assumed-7b9a425c47be-2-20260220,2026-02-20T00:00:00+00:00,2026-02-20T10:00:00+00:00
2026-02-20T12:00:00+00:00,turbine-2,2026-02-21T02:00:00+00:00,14,0.174234,model-weather-experiment-640618020c918c13b93a05de,ecmwf00-a2d77f25-assumed-7b9a425c47be-2-20260220,2026-02-20T00:00:00+00:00,2026-02-20T10:00:00+00:00
2026-02-20T12:00:00+00:00,turbine-2,2026-02-21T03:00:00+00:00,15,0.154172,model-weather-experiment-640618020c918c13b93a05de,ecmwf00-a2d77f25-assumed-7b9a425c47be-2-20260220,2026-02-20T00:00:00+00:00,2026-02-20T10:00:00+00:00
2026-02-20T12:00:00+00:00,turbine-2,2026-02-21T04:00:00+00:00,16,0.039578,model-weather-experiment-640618020c918c13b93a05de,ecmwf00-a2d77f25-assumed-7b9a425c47be-2-20260220,2026-02-20T00:00:00+00:00,2026-02-20T10:00:00+00:00
2026-02-20T12:00:00+00:00,turbine-2,2026-02-21T05:00:00+00:00,17,0.261799,model-weather-experiment-640618020c918c13b93a05de,ecmwf00-a2d77f25-assumed-7b9a425c47be-2-20260220,2026-02-20T00:00:00+00:00,2026-02-20T10:00:00+00:00
2026-02-20T12:00:00+00:00,turbine-2,2026-02-21T06:00:00+00:00,18,0.922625,model-weather-experiment-640618020c918c13b93a05de,ecmwf00-a2d77f25-assumed-7b9a425c47be-2-20260220,2026-02-20T00:00:00+00:00,2026-02-20T10:00:00+00:00
2026-02-20T12:00:00+00:00,turbine-2,2026-02-21T07:00:00+00:00,19,0.926616,model-weather-experiment-640618020c918c13b93a05de,ecmwf00-a2d77f25-assumed-7b9a425c47be-2-20260220,2026-02-20T00:00:00+00:00,2026-02-20T10:00:00+00:00
2026-02-20T12:00:00+00:00,turbine-2,2026-02-21T08:00:00+00:00,20,0.93085,model-weather-experiment-640618020c918c13b93a05de,ecmwf00-a2d77f25-assumed-7b9a425c47be-2-20260220,2026-02-20T00:00:00+00:00,2026-02-20T10:00:00+00:00
2026-02-20T12:00:00+00:00,turbine-2,2026-02-21T09:00:00+00:00,21,0.938019,model-weather-experiment-640618020c918c13b93a05de,ecmwf00-a2d77f25-assumed-7b9a425c47be-2-20260220,2026-02-20T00:00:00+00:00,2026-02-20T10:00:00+00:00
2026-02-20T12:00:00+00:00,turbine-2,2026-02-21T10:00:00+00:00,22,0.944535,model-weather-experiment-640618020c918c13b93a05de,ecmwf00-a2d77f25-assumed-7b9a425c47be-2-20260220,2026-02-20T00:00:00+00:00,2026-02-20T10:00:00+00:00
2026-02-20T12:00:00+00:00,turbine-2,2026-02-21T11:00:00+00:00,23,0.836616,model-weather-experiment-640618020c918c13b93a05de,ecmwf00-a2d77f25-assumed-7b9a425c47be-2-20260220,2026-02-20T00:00:00+00:00,2026-02-20T10:00:00+00:00
2026-02-20T12:00:00+00:00,turbine-2,2026-02-21T12:00:00+00:00,24,0.7932,model-weather-experiment-640618020c918c13b93a05de,ecmwf00-a2d77f25-assumed-7b9a425c47be-2-20260220,2026-02-20T00:00:00+00:00,2026-02-20T10:00:00+00:00
2026-02-20T12:00:00+00:00,turbine-2,2026-02-21T13:00:00+00:00,25,0.401384,model-weather-experiment-640618020c918c13b93a05de,ecmwf00-a2d77f25-assumed-7b9a425c47be-2-20260220,2026-02-20T00:00:00+00:00,2026-02-20T10:00:00+00:00
2026-02-20T12:00:00+00:00,turbine-2,2026-02-21T14:00:00+00:00,26,0.364388,model-weather-experiment-640618020c918c13b93a05de,ecmwf00-a2d77f25-assumed-7b9a425c47be-2-20260220,2026-02-20T00:00:00+00:00,2026-02-20T10:00:00+00:00
2026-02-20T12:00:00+00:00,turbine-2,2026-02-21T15:00:00+00:00,27,0.195523,model-weather-experiment-640618020c918c13b93a05de,ecmwf00-a2d77f25-assumed-7b9a425c47be-2-20260220,2026-02-20T00:00:00+00:00,2026-02-20T10:00:00+00:00
2026-02-20T12:00:00+00:00,turbine-2,2026-02-21T16:00:00+00:00,28,0.247853,model-weather-experiment-640618020c918c13b93a05de,ecmwf00-a2d77f25-assumed-7b9a425c47be-2-20260220,2026-02-20T00:00:00+00:00,2026-02-20T10:00:00+00:00
2026-02-20T12:00:00+00:00,turbine-2,2026-02-21T17:00:00+00:00,29,0.252595,model-weather-experiment-640618020c918c13b93a05de,ecmwf00-a2d77f25-assumed-7b9a425c47be-2-20260220,2026-02-20T00:00:00+00:00,2026-02-20T10:00:00+00:00
2026-02-20T12:00:00+00:00,turbine-2,2026-02-21T18:00:00+00:00,30,0.549969,model-weather-experiment-640618020c918c13b93a05de,ecmwf00-a2d77f25-assumed-7b9a425c47be-2-20260220,2026-02-20T00:00:00+00:00,2026-02-20T10:00:00+00:00
2026-02-20T12:00:00+00:00,turbine-2,2026-02-21T19:00:00+00:00,31,0.670782,model-weather-experiment-640618020c918c13b93a05de,ecmwf00-a2d77f25-assumed-7b9a425c47be-2-20260220,2026-02-20T00:00:00+00:00,2026-02-20T10:00:00+00:00
2026-02-20T12:00:00+00:00,turbine-2,2026-02-21T20:00:00+00:00,32,0.621735,model-weather-experiment-640618020c918c13b93a05de,ecmwf00-a2d77f25-assumed-7b9a425c47be-2-20260220,2026-02-20T00:00:00+00:00,2026-02-20T10:00:00+00:00
2026-02-20T12:00:00+00:00,turbine-2,2026-02-21T21:00:00+00:00,33,0.463408,model-weather-experiment-640618020c918c13b93a05de,ecmwf00-a2d77f25-assumed-7b9a425c47be-2-20260220,2026-02-20T00:00:00+00:00,2026-02-20T10:00:00+00:00
2026-02-20T12:00:00+00:00,turbine-2,2026-02-21T22:00:00+00:00,34,0.170435,model-weather-experiment-640618020c918c13b93a05de,ecmwf00-a2d77f25-assumed-7b9a425c47be-2-20260220,2026-02-20T00:00:00+00:00,2026-02-20T10:00:00+00:00
2026-02-20T12:00:00+00:00,turbine-2,2026-02-21T23:00:00+00:00,35,0.086044,model-weather-experiment-640618020c918c13b93a05de,ecmwf00-a2d77f25-assumed-7b9a425c47be-2-20260220,2026-02-20T00:00:00+00:00,2026-02-20T10:00:00+00:00
2026-02-20T12:00:00+00:00,turbine-2,2026-02-22T00:00:00+00:00,36,0.052843,model-weather-experiment-640618020c918c13b93a05de,ecmwf00-a2d77f25-assumed-7b9a425c47be-2-20260220,2026-02-20T00:00:00+00:00,2026-02-20T10:00:00+00:00
2026-02-20T12:00:00+00:00,turbine-2,2026-02-22T01:00:00+00:00,37,0.077386,model-weather-experiment-640618020c918c13b93a05de,ecmwf00-a2d77f25-assumed-7b9a425c47be-2-20260220,2026-02-20T00:00:00+00:00,2026-02-20T10:00:00+00:00
2026-02-20T12:00:00+00:00,turbine-2,2026-02-22T02:00:00+00:00,38,0.108537,model-weather-experiment-640618020c918c13b93a05de,ecmwf00-a2d77f25-assumed-7b9a425c47be-2-20260220,2026-02-20T00:00:00+00:00,2026-02-20T10:00:00+00:00
2026-02-20T12:00:00+00:00,turbine-2,2026-02-22T03:00:00+00:00,39,0.115434,model-weather-experiment-640618020c918c13b93a05de,ecmwf00-a2d77f25-assumed-7b9a425c47be-2-20260220,2026-02-20T00:00:00+00:00,2026-02-20T10:00:00+00:00
2026-02-20T12:00:00+00:00,turbine-2,2026-02-22T04:00:00+00:00,40,0.093419,model-weather-experiment-640618020c918c13b93a05de,ecmwf00-a2d77f25-assumed-7b9a425c47be-2-20260220,2026-02-20T00:00:00+00:00,2026-02-20T10:00:00+00:00
2026-02-20T12:00:00+00:00,turbine-2,2026-02-22T05:00:00+00:00,41,0.107222,model-weather-experiment-640618020c918c13b93a05de,ecmwf00-a2d77f25-assumed-7b9a425c47be-2-20260220,2026-02-20T00:00:00+00:00,2026-02-20T10:00:00+00:00
2026-02-20T12:00:00+00:00,turbine-2,2026-02-22T06:00:00+00:00,42,0.233147,model-weather-experiment-640618020c918c13b93a05de,ecmwf00-a2d77f25-assumed-7b9a425c47be-2-20260220,2026-02-20T00:00:00+00:00,2026-02-20T10:00:00+00:00
2026-02-20T12:00:00+00:00,turbine-2,2026-02-22T07:00:00+00:00,43,0.663663,model-weather-experiment-640618020c918c13b93a05de,ecmwf00-a2d77f25-assumed-7b9a425c47be-2-20260220,2026-02-20T00:00:00+00:00,2026-02-20T10:00:00+00:00
2026-02-20T12:00:00+00:00,turbine-2,2026-02-22T08:00:00+00:00,44,0.900826,model-weather-experiment-640618020c918c13b93a05de,ecmwf00-a2d77f25-assumed-7b9a425c47be-2-20260220,2026-02-20T00:00:00+00:00,2026-02-20T10:00:00+00:00
2026-02-20T12:00:00+00:00,turbine-2,2026-02-22T09:00:00+00:00,45,0.941489,model-weather-experiment-640618020c918c13b93a05de,ecmwf00-a2d77f25-assumed-7b9a425c47be-2-20260220,2026-02-20T00:00:00+00:00,2026-02-20T10:00:00+00:00
2026-02-20T12:00:00+00:00,turbine-2,2026-02-22T10:00:00+00:00,46,0.902031,model-weather-experiment-640618020c918c13b93a05de,ecmwf00-a2d77f25-assumed-7b9a425c47be-2-20260220,2026-02-20T00:00:00+00:00,2026-02-20T10:00:00+00:00
2026-02-20T12:00:00+00:00,turbine-2,2026-02-22T11:00:00+00:00,47,0.893949,model-weather-experiment-640618020c918c13b93a05de,ecmwf00-a2d77f25-assumed-7b9a425c47be-2-20260220,2026-02-20T00:00:00+00:00,2026-02-20T10:00:00+00:00
2026-02-20T12:00:00+00:00,turbine-2,2026-02-22T12:00:00+00:00,48,0.843153,model-weather-experiment-640618020c918c13b93a05de,ecmwf00-a2d77f25-assumed-7b9a425c47be-2-20260220,2026-02-20T00:00:00+00:00,2026-02-20T10:00:00+00:00
2026-02-21T12:00:00+00:00,turbine-1,2026-02-21T13:00:00+00:00,1,0.245576,model-weather-experiment-640618020c918c13b93a05de,ecmwf00-a2d77f25-assumed-7b9a425c47be-1-20260221,2026-02-21T00:00:00+00:00,2026-02-21T10:00:00+00:00
2026-02-21T12:00:00+00:00,turbine-1,2026-02-21T14:00:00+00:00,2,0.161602,model-weather-experiment-640618020c918c13b93a05de,ecmwf00-a2d77f25-assumed-7b9a425c47be-1-20260221,2026-02-21T00:00:00+00:00,2026-02-21T10:00:00+00:00
2026-02-21T12:00:00+00:00,turbine-1,2026-02-21T15:00:00+00:00,3,0.094997,model-weather-experiment-640618020c918c13b93a05de,ecmwf00-a2d77f25-assumed-7b9a425c47be-1-20260221,2026-02-21T00:00:00+00:00,2026-02-21T10:00:00+00:00
2026-02-21T12:00:00+00:00,turbine-1,2026-02-21T16:00:00+00:00,4,0.097963,model-weather-experiment-640618020c918c13b93a05de,ecmwf00-a2d77f25-assumed-7b9a425c47be-1-20260221,2026-02-21T00:00:00+00:00,2026-02-21T10:00:00+00:00
2026-02-21T12:00:00+00:00,turbine-1,2026-02-21T17:00:00+00:00,5,0.121665,model-weather-experiment-640618020c918c13b93a05de,ecmwf00-a2d77f25-assumed-7b9a425c47be-1-20260221,2026-02-21T00:00:00+00:00,2026-02-21T10:00:00+00:00
2026-02-21T12:00:00+00:00,turbine-1,2026-02-21T18:00:00+00:00,6,0.100108,model-weather-experiment-640618020c918c13b93a05de,ecmwf00-a2d77f25-assumed-7b9a425c47be-1-20260221,2026-02-21T00:00:00+00:00,2026-02-21T10:00:00+00:00
2026-02-21T12:00:00+00:00,turbine-1,2026-02-21T19:00:00+00:00,7,0.100669,model-weather-experiment-640618020c918c13b93a05de,ecmwf00-a2d77f25-assumed-7b9a425c47be-1-20260221,2026-02-21T00:00:00+00:00,2026-02-21T10:00:00+00:00
2026-02-21T12:00:00+00:00,turbine-1,2026-02-21T20:00:00+00:00,8,0.055105,model-weather-experiment-640618020c918c13b93a05de,ecmwf00-a2d77f25-assumed-7b9a425c47be-1-20260221,2026-02-21T00:00:00+00:00,2026-02-21T10:00:00+00:00
2026-02-21T12:00:00+00:00,turbine-1,2026-02-21T21:00:00+00:00,9,0.020127,model-weather-experiment-640618020c918c13b93a05de,ecmwf00-a2d77f25-assumed-7b9a425c47be-1-20260221,2026-02-21T00:00:00+00:00,2026-02-21T10:00:00+00:00
2026-02-21T12:00:00+00:00,turbine-1,2026-02-21T22:00:00+00:00,10,0.018282,model-weather-experiment-640618020c918c13b93a05de,ecmwf00-a2d77f25-assumed-7b9a425c47be-1-20260221,2026-02-21T00:00:00+00:00,2026-02-21T10:00:00+00:00
2026-02-21T12:00:00+00:00,turbine-1,2026-02-21T23:00:00+00:00,11,0.015211,model-weather-experiment-640618020c918c13b93a05de,ecmwf00-a2d77f25-assumed-7b9a425c47be-1-20260221,2026-02-21T00:00:00+00:00,2026-02-21T10:00:00+00:00
2026-02-21T12:00:00+00:00,turbine-1,2026-02-22T00:00:00+00:00,12,0.045302,model-weather-experiment-640618020c918c13b93a05de,ecmwf00-a2d77f25-assumed-7b9a425c47be-1-20260221,2026-02-21T00:00:00+00:00,2026-02-21T10:00:00+00:00
2026-02-21T12:00:00+00:00,turbine-1,2026-02-22T01:00:00+00:00,13,0.059712,model-weather-experiment-640618020c918c13b93a05de,ecmwf00-a2d77f25-assumed-7b9a425c47be-1-20260221,2026-02-21T00:00:00+00:00,2026-02-21T10:00:00+00:00
2026-02-21T12:00:00+00:00,turbine-1,2026-02-22T02:00:00+00:00,14,0.124546,model-weather-experiment-640618020c918c13b93a05de,ecmwf00-a2d77f25-assumed-7b9a425c47be-1-20260221,2026-02-21T00:00:00+00:00,2026-02-21T10:00:00+00:00
2026-02-21T12:00:00+00:00,turbine-1,2026-02-22T03:00:00+00:00,15,0.315531,model-weather-experiment-640618020c918c13b93a05de,ecmwf00-a2d77f25-assumed-7b9a425c47be-1-20260221,2026-02-21T00:00:00+00:00,2026-02-21T10:00:00+00:00
2026-02-21T12:00:00+00:00,turbine-1,2026-02-22T04:00:00+00:00,16,0.341222,model-weather-experiment-640618020c918c13b93a05de,ecmwf00-a2d77f25-assumed-7b9a425c47be-1-20260221,2026-02-21T00:00:00+00:00,2026-02-21T10:00:00+00:00
2026-02-21T12:00:00+00:00,turbine-1,2026-02-22T05:00:00+00:00,17,0.631118,model-weather-experiment-640618020c918c13b93a05de,ecmwf00-a2d77f25-assumed-7b9a425c47be-1-20260221,2026-02-21T00:00:00+00:00,2026-02-21T10:00:00+00:00
2026-02-21T12:00:00+00:00,turbine-1,2026-02-22T06:00:00+00:00,18,0.840964,model-weather-experiment-640618020c918c13b93a05de,ecmwf00-a2d77f25-assumed-7b9a425c47be-1-20260221,2026-02-21T00:00:00+00:00,2026-02-21T10:00:00+00:00
2026-02-21T12:00:00+00:00,turbine-1,2026-02-22T07:00:00+00:00,19,0.924121,model-weather-experiment-640618020c918c13b93a05de,ecmwf00-a2d77f25-assumed-7b9a425c47be-1-20260221,2026-02-21T00:00:00+00:00,2026-02-21T10:00:00+00:00
2026-02-21T12:00:00+00:00,turbine-1,2026-02-22T08:00:00+00:00,20,0.935174,model-weather-experiment-640618020c918c13b93a05de,ecmwf00-a2d77f25-assumed-7b9a425c47be-1-20260221,2026-02-21T00:00:00+00:00,2026-02-21T10:00:00+00:00
2026-02-21T12:00:00+00:00,turbine-1,2026-02-22T09:00:00+00:00,21,0.913781,model-weather-experiment-640618020c918c13b93a05de,ecmwf00-a2d77f25-assumed-7b9a425c47be-1-20260221,2026-02-21T00:00:00+00:00,2026-02-21T10:00:00+00:00
2026-02-21T12:00:00+00:00,turbine-1,2026-02-22T10:00:00+00:00,22,0.882635,model-weather-experiment-640618020c918c13b93a05de,ecmwf00-a2d77f25-assumed-7b9a425c47be-1-20260221,2026-02-21T00:00:00+00:00,2026-02-21T10:00:00+00:00
2026-02-21T12:00:00+00:00,turbine-1,2026-02-22T11:00:00+00:00,23,0.798783,model-weather-experiment-640618020c918c13b93a05de,ecmwf00-a2d77f25-assumed-7b9a425c47be-1-20260221,2026-02-21T00:00:00+00:00,2026-02-21T10:00:00+00:00
2026-02-21T12:00:00+00:00,turbine-1,2026-02-22T12:00:00+00:00,24,0.794162,model-weather-experiment-640618020c918c13b93a05de,ecmwf00-a2d77f25-assumed-7b9a425c47be-1-20260221,2026-02-21T00:00:00+00:00,2026-02-21T10:00:00+00:00
2026-02-21T12:00:00+00:00,turbine-1,2026-02-22T13:00:00+00:00,25,0.467643,model-weather-experiment-640618020c918c13b93a05de,ecmwf00-a2d77f25-assumed-7b9a425c47be-1-20260221,2026-02-21T00:00:00+00:00,2026-02-21T10:00:00+00:00
2026-02-21T12:00:00+00:00,turbine-1,2026-02-22T14:00:00+00:00,26,0.26235,model-weather-experiment-640618020c918c13b93a05de,ecmwf00-a2d77f25-assumed-7b9a425c47be-1-20260221,2026-02-21T00:00:00+00:00,2026-02-21T10:00:00+00:00
2026-02-21T12:00:00+00:00,turbine-1,2026-02-22T15:00:00+00:00,27,0.200633,model-weather-experiment-640618020c918c13b93a05de,ecmwf00-a2d77f25-assumed-7b9a425c47be-1-20260221,2026-02-21T00:00:00+00:00,2026-02-21T10:00:00+00:00
2026-02-21T12:00:00+00:00,turbine-1,2026-02-22T16:00:00+00:00,28,0.143783,model-weather-experiment-640618020c918c13b93a05de,ecmwf00-a2d77f25-assumed-7b9a425c47be-1-20260221,2026-02-21T00:00:00+00:00,2026-02-21T10:00:00+00:00
2026-02-21T12:00:00+00:00,turbine-1,2026-02-22T17:00:00+00:00,29,0.095996,model-weather-experiment-640618020c918c13b93a05de,ecmwf00-a2d77f25-assumed-7b9a425c47be-1-20260221,2026-02-21T00:00:00+00:00,2026-02-21T10:00:00+00:00
2026-02-21T12:00:00+00:00,turbine-1,2026-02-22T18:00:00+00:00,30,0.060672,model-weather-experiment-640618020c918c13b93a05de,ecmwf00-a2d77f25-assumed-7b9a425c47be-1-20260221,2026-02-21T00:00:00+00:00,2026-02-21T10:00:00+00:00
2026-02-21T12:00:00+00:00,turbine-1,2026-02-22T19:00:00+00:00,31,0.077166,model-weather-experiment-640618020c918c13b93a05de,ecmwf00-a2d77f25-assumed-7b9a425c47be-1-20260221,2026-02-21T00:00:00+00:00,2026-02-21T10:00:00+00:00
2026-02-21T12:00:00+00:00,turbine-1,2026-02-22T20:00:00+00:00,32,0.058595,model-weather-experiment-640618020c918c13b93a05de,ecmwf00-a2d77f25-assumed-7b9a425c47be-1-20260221,2026-02-21T00:00:00+00:00,2026-02-21T10:00:00+00:00
2026-02-21T12:00:00+00:00,turbine-1,2026-02-22T21:00:00+00:00,33,0.081739,model-weather-experiment-640618020c918c13b93a05de,ecmwf00-a2d77f25-assumed-7b9a425c47be-1-20260221,2026-02-21T00:00:00+00:00,2026-02-21T10:00:00+00:00
2026-02-21T12:00:00+00:00,turbine-1,2026-02-22T22:00:00+00:00,34,0.073479,model-weather-experiment-640618020c918c13b93a05de,ecmwf00-a2d77f25-assumed-7b9a425c47be-1-20260221,2026-02-21T00:00:00+00:00,2026-02-21T10:00:00+00:00
2026-02-21T12:00:00+00:00,turbine-1,2026-02-22T23:00:00+00:00,35,0.04747,model-weather-experiment-640618020c918c13b93a05de,ecmwf00-a2d77f25-assumed-7b9a425c47be-1-20260221,2026-02-21T00:00:00+00:00,2026-02-21T10:00:00+00:00
2026-02-21T12:00:00+00:00,turbine-1,2026-02-23T00:00:00+00:00,36,0.09319,model-weather-experiment-640618020c918c13b93a05de,ecmwf00-a2d77f25-assumed-7b9a425c47be-1-20260221,2026-02-21T00:00:00+00:00,2026-02-21T10:00:00+00:00
2026-02-21T12:00:00+00:00,turbine-1,2026-02-23T01:00:00+00:00,37,0.131422,model-weather-experiment-640618020c918c13b93a05de,ecmwf00-a2d77f25-assumed-7b9a425c47be-1-20260221,2026-02-21T00:00:00+00:00,2026-02-21T10:00:00+00:00
2026-02-21T12:00:00+00:00,turbine-1,2026-02-23T02:00:00+00:00,38,0.129399,model-weather-experiment-640618020c918c13b93a05de,ecmwf00-a2d77f25-assumed-7b9a425c47be-1-20260221,2026-02-21T00:00:00+00:00,2026-02-21T10:00:00+00:00
2026-02-21T12:00:00+00:00,turbine-1,2026-02-23T03:00:00+00:00,39,0.120968,model-weather-experiment-640618020c918c13b93a05de,ecmwf00-a2d77f25-assumed-7b9a425c47be-1-20260221,2026-02-21T00:00:00+00:00,2026-02-21T10:00:00+00:00
2026-02-21T12:00:00+00:00,turbine-1,2026-02-23T04:00:00+00:00,40,0.116351,model-weather-experiment-640618020c918c13b93a05de,ecmwf00-a2d77f25-assumed-7b9a425c47be-1-20260221,2026-02-21T00:00:00+00:00,2026-02-21T10:00:00+00:00
2026-02-21T12:00:00+00:00,turbine-1,2026-02-23T05:00:00+00:00,41,0.122896,model-weather-experiment-640618020c918c13b93a05de,ecmwf00-a2d77f25-assumed-7b9a425c47be-1-20260221,2026-02-21T00:00:00+00:00,2026-02-21T10:00:00+00:00
2026-02-21T12:00:00+00:00,turbine-1,2026-02-23T06:00:00+00:00,42,0.171766,model-weather-experiment-640618020c918c13b93a05de,ecmwf00-a2d77f25-assumed-7b9a425c47be-1-20260221,2026-02-21T00:00:00+00:00,2026-02-21T10:00:00+00:00
2026-02-21T12:00:00+00:00,turbine-1,2026-02-23T07:00:00+00:00,43,0.322837,model-weather-experiment-640618020c918c13b93a05de,ecmwf00-a2d77f25-assumed-7b9a425c47be-1-20260221,2026-02-21T00:00:00+00:00,2026-02-21T10:00:00+00:00
2026-02-21T12:00:00+00:00,turbine-1,2026-02-23T08:00:00+00:00,44,0.450825,model-weather-experiment-640618020c918c13b93a05de,ecmwf00-a2d77f25-assumed-7b9a425c47be-1-20260221,2026-02-21T00:00:00+00:00,2026-02-21T10:00:00+00:00
2026-02-21T12:00:00+00:00,turbine-1,2026-02-23T09:00:00+00:00,45,0.684839,model-weather-experiment-640618020c918c13b93a05de,ecmwf00-a2d77f25-assumed-7b9a425c47be-1-20260221,2026-02-21T00:00:00+00:00,2026-02-21T10:00:00+00:00
2026-02-21T12:00:00+00:00,turbine-1,2026-02-23T10:00:00+00:00,46,0.812918,model-weather-experiment-640618020c918c13b93a05de,ecmwf00-a2d77f25-assumed-7b9a425c47be-1-20260221,2026-02-21T00:00:00+00:00,2026-02-21T10:00:00+00:00
2026-02-21T12:00:00+00:00,turbine-1,2026-02-23T11:00:00+00:00,47,0.894301,model-weather-experiment-640618020c918c13b93a05de,ecmwf00-a2d77f25-assumed-7b9a425c47be-1-20260221,2026-02-21T00:00:00+00:00,2026-02-21T10:00:00+00:00
2026-02-21T12:00:00+00:00,turbine-1,2026-02-23T12:00:00+00:00,48,0.895021,model-weather-experiment-640618020c918c13b93a05de,ecmwf00-a2d77f25-assumed-7b9a425c47be-1-20260221,2026-02-21T00:00:00+00:00,2026-02-21T10:00:00+00:00
2026-02-21T12:00:00+00:00,turbine-2,2026-02-21T13:00:00+00:00,1,0.215198,model-weather-experiment-640618020c918c13b93a05de,ecmwf00-a2d77f25-assumed-7b9a425c47be-2-20260221,2026-02-21T00:00:00+00:00,2026-02-21T10:00:00+00:00
2026-02-21T12:00:00+00:00,turbine-2,2026-02-21T14:00:00+00:00,2,0.111357,model-weather-experiment-640618020c918c13b93a05de,ecmwf00-a2d77f25-assumed-7b9a425c47be-2-20260221,2026-02-21T00:00:00+00:00,2026-02-21T10:00:00+00:00
2026-02-21T12:00:00+00:00,turbine-2,2026-02-21T15:00:00+00:00,3,0.07307,model-weather-experiment-640618020c918c13b93a05de,ecmwf00-a2d77f25-assumed-7b9a425c47be-2-20260221,2026-02-21T00:00:00+00:00,2026-02-21T10:00:00+00:00
2026-02-21T12:00:00+00:00,turbine-2,2026-02-21T16:00:00+00:00,4,0.075152,model-weather-experiment-640618020c918c13b93a05de,ecmwf00-a2d77f25-assumed-7b9a425c47be-2-20260221,2026-02-21T00:00:00+00:00,2026-02-21T10:00:00+00:00
2026-02-21T12:00:00+00:00,turbine-2,2026-02-21T17:00:00+00:00,5,0.099967,model-weather-experiment-640618020c918c13b93a05de,ecmwf00-a2d77f25-assumed-7b9a425c47be-2-20260221,2026-02-21T00:00:00+00:00,2026-02-21T10:00:00+00:00
2026-02-21T12:00:00+00:00,turbine-2,2026-02-21T18:00:00+00:00,6,0.078375,model-weather-experiment-640618020c918c13b93a05de,ecmwf00-a2d77f25-assumed-7b9a425c47be-2-20260221,2026-02-21T00:00:00+00:00,2026-02-21T10:00:00+00:00
2026-02-21T12:00:00+00:00,turbine-2,2026-02-21T19:00:00+00:00,7,0.08137,model-weather-experiment-640618020c918c13b93a05de,ecmwf00-a2d77f25-assumed-7b9a425c47be-2-20260221,2026-02-21T00:00:00+00:00,2026-02-21T10:00:00+00:00
2026-02-21T12:00:00+00:00,turbine-2,2026-02-21T20:00:00+00:00,8,0.053384,model-weather-experiment-640618020c918c13b93a05de,ecmwf00-a2d77f25-assumed-7b9a425c47be-2-20260221,2026-02-21T00:00:00+00:00,2026-02-21T10:00:00+00:00
2026-02-21T12:00:00+00:00,turbine-2,2026-02-21T21:00:00+00:00,9,0.044106,model-weather-experiment-640618020c918c13b93a05de,ecmwf00-a2d77f25-assumed-7b9a425c47be-2-20260221,2026-02-21T00:00:00+00:00,2026-02-21T10:00:00+00:00
2026-02-21T12:00:00+00:00,turbine-2,2026-02-21T22:00:00+00:00,10,0.035469,model-weather-experiment-640618020c918c13b93a05de,ecmwf00-a2d77f25-assumed-7b9a425c47be-2-20260221,2026-02-21T00:00:00+00:00,2026-02-21T10:00:00+00:00
2026-02-21T12:00:00+00:00,turbine-2,2026-02-21T23:00:00+00:00,11,0.034479,model-weather-experiment-640618020c918c13b93a05de,ecmwf00-a2d77f25-assumed-7b9a425c47be-2-20260221,2026-02-21T00:00:00+00:00,2026-02-21T10:00:00+00:00
2026-02-21T12:00:00+00:00,turbine-2,2026-02-22T00:00:00+00:00,12,0.073995,model-weather-experiment-640618020c918c13b93a05de,ecmwf00-a2d77f25-assumed-7b9a425c47be-2-20260221,2026-02-21T00:00:00+00:00,2026-02-21T10:00:00+00:00
2026-02-21T12:00:00+00:00,turbine-2,2026-02-22T01:00:00+00:00,13,0.0738,model-weather-experiment-640618020c918c13b93a05de,ecmwf00-a2d77f25-assumed-7b9a425c47be-2-20260221,2026-02-21T00:00:00+00:00,2026-02-21T10:00:00+00:00
2026-02-21T12:00:00+00:00,turbine-2,2026-02-22T02:00:00+00:00,14,0.104937,model-weather-experiment-640618020c918c13b93a05de,ecmwf00-a2d77f25-assumed-7b9a425c47be-2-20260221,2026-02-21T00:00:00+00:00,2026-02-21T10:00:00+00:00
2026-02-21T12:00:00+00:00,turbine-2,2026-02-22T03:00:00+00:00,15,0.248989,model-weather-experiment-640618020c918c13b93a05de,ecmwf00-a2d77f25-assumed-7b9a425c47be-2-20260221,2026-02-21T00:00:00+00:00,2026-02-21T10:00:00+00:00
2026-02-21T12:00:00+00:00,turbine-2,2026-02-22T04:00:00+00:00,16,0.302208,model-weather-experiment-640618020c918c13b93a05de,ecmwf00-a2d77f25-assumed-7b9a425c47be-2-20260221,2026-02-21T00:00:00+00:00,2026-02-21T10:00:00+00:00
2026-02-21T12:00:00+00:00,turbine-2,2026-02-22T05:00:00+00:00,17,0.614929,model-weather-experiment-640618020c918c13b93a05de,ecmwf00-a2d77f25-assumed-7b9a425c47be-2-20260221,2026-02-21T00:00:00+00:00,2026-02-21T10:00:00+00:00
2026-02-21T12:00:00+00:00,turbine-2,2026-02-22T06:00:00+00:00,18,0.903394,model-weather-experiment-640618020c918c13b93a05de,ecmwf00-a2d77f25-assumed-7b9a425c47be-2-20260221,2026-02-21T00:00:00+00:00,2026-02-21T10:00:00+00:00
2026-02-21T12:00:00+00:00,turbine-2,2026-02-22T07:00:00+00:00,19,0.995164,model-weather-experiment-640618020c918c13b93a05de,ecmwf00-a2d77f25-assumed-7b9a425c47be-2-20260221,2026-02-21T00:00:00+00:00,2026-02-21T10:00:00+00:00
2026-02-21T12:00:00+00:00,turbine-2,2026-02-22T08:00:00+00:00,20,1.0,model-weather-experiment-640618020c918c13b93a05de,ecmwf00-a2d77f25-assumed-7b9a425c47be-2-20260221,2026-02-21T00:00:00+00:00,2026-02-21T10:00:00+00:00
2026-02-21T12:00:00+00:00,turbine-2,2026-02-22T09:00:00+00:00,21,0.975131,model-weather-experiment-640618020c918c13b93a05de,ecmwf00-a2d77f25-assumed-7b9a425c47be-2-20260221,2026-02-21T00:00:00+00:00,2026-02-21T10:00:00+00:00
2026-02-21T12:00:00+00:00,turbine-2,2026-02-22T10:00:00+00:00,22,0.893774,model-weather-experiment-640618020c918c13b93a05de,ecmwf00-a2d77f25-assumed-7b9a425c47be-2-20260221,2026-02-21T00:00:00+00:00,2026-02-21T10:00:00+00:00
2026-02-21T12:00:00+00:00,turbine-2,2026-02-22T11:00:00+00:00,23,0.831686,model-weather-experiment-640618020c918c13b93a05de,ecmwf00-a2d77f25-assumed-7b9a425c47be-2-20260221,2026-02-21T00:00:00+00:00,2026-02-21T10:00:00+00:00
2026-02-21T12:00:00+00:00,turbine-2,2026-02-22T12:00:00+00:00,24,0.805406,model-weather-experiment-640618020c918c13b93a05de,ecmwf00-a2d77f25-assumed-7b9a425c47be-2-20260221,2026-02-21T00:00:00+00:00,2026-02-21T10:00:00+00:00
2026-02-21T12:00:00+00:00,turbine-2,2026-02-22T13:00:00+00:00,25,0.378493,model-weather-experiment-640618020c918c13b93a05de,ecmwf00-a2d77f25-assumed-7b9a425c47be-2-20260221,2026-02-21T00:00:00+00:00,2026-02-21T10:00:00+00:00
2026-02-21T12:00:00+00:00,turbine-2,2026-02-22T14:00:00+00:00,26,0.210178,model-weather-experiment-640618020c918c13b93a05de,ecmwf00-a2d77f25-assumed-7b9a425c47be-2-20260221,2026-02-21T00:00:00+00:00,2026-02-21T10:00:00+00:00
2026-02-21T12:00:00+00:00,turbine-2,2026-02-22T15:00:00+00:00,27,0.167638,model-weather-experiment-640618020c918c13b93a05de,ecmwf00-a2d77f25-assumed-7b9a425c47be-2-20260221,2026-02-21T00:00:00+00:00,2026-02-21T10:00:00+00:00
2026-02-21T12:00:00+00:00,turbine-2,2026-02-22T16:00:00+00:00,28,0.106661,model-weather-experiment-640618020c918c13b93a05de,ecmwf00-a2d77f25-assumed-7b9a425c47be-2-20260221,2026-02-21T00:00:00+00:00,2026-02-21T10:00:00+00:00
2026-02-21T12:00:00+00:00,turbine-2,2026-02-22T17:00:00+00:00,29,0.127664,model-weather-experiment-640618020c918c13b93a05de,ecmwf00-a2d77f25-assumed-7b9a425c47be-2-20260221,2026-02-21T00:00:00+00:00,2026-02-21T10:00:00+00:00
2026-02-21T12:00:00+00:00,turbine-2,2026-02-22T18:00:00+00:00,30,0.101007,model-weather-experiment-640618020c918c13b93a05de,ecmwf00-a2d77f25-assumed-7b9a425c47be-2-20260221,2026-02-21T00:00:00+00:00,2026-02-21T10:00:00+00:00
2026-02-21T12:00:00+00:00,turbine-2,2026-02-22T19:00:00+00:00,31,0.111682,model-weather-experiment-640618020c918c13b93a05de,ecmwf00-a2d77f25-assumed-7b9a425c47be-2-20260221,2026-02-21T00:00:00+00:00,2026-02-21T10:00:00+00:00
2026-02-21T12:00:00+00:00,turbine-2,2026-02-22T20:00:00+00:00,32,0.097836,model-weather-experiment-640618020c918c13b93a05de,ecmwf00-a2d77f25-assumed-7b9a425c47be-2-20260221,2026-02-21T00:00:00+00:00,2026-02-21T10:00:00+00:00
2026-02-21T12:00:00+00:00,turbine-2,2026-02-22T21:00:00+00:00,33,0.095318,model-weather-experiment-640618020c918c13b93a05de,ecmwf00-a2d77f25-assumed-7b9a425c47be-2-20260221,2026-02-21T00:00:00+00:00,2026-02-21T10:00:00+00:00
2026-02-21T12:00:00+00:00,turbine-2,2026-02-22T22:00:00+00:00,34,0.073427,model-weather-experiment-640618020c918c13b93a05de,ecmwf00-a2d77f25-assumed-7b9a425c47be-2-20260221,2026-02-21T00:00:00+00:00,2026-02-21T10:00:00+00:00
2026-02-21T12:00:00+00:00,turbine-2,2026-02-22T23:00:00+00:00,35,0.057546,model-weather-experiment-640618020c918c13b93a05de,ecmwf00-a2d77f25-assumed-7b9a425c47be-2-20260221,2026-02-21T00:00:00+00:00,2026-02-21T10:00:00+00:00
2026-02-21T12:00:00+00:00,turbine-2,2026-02-23T00:00:00+00:00,36,0.071632,model-weather-experiment-640618020c918c13b93a05de,ecmwf00-a2d77f25-assumed-7b9a425c47be-2-20260221,2026-02-21T00:00:00+00:00,2026-02-21T10:00:00+00:00
2026-02-21T12:00:00+00:00,turbine-2,2026-02-23T01:00:00+00:00,37,0.112751,model-weather-experiment-640618020c918c13b93a05de,ecmwf00-a2d77f25-assumed-7b9a425c47be-2-20260221,2026-02-21T00:00:00+00:00,2026-02-21T10:00:00+00:00
2026-02-21T12:00:00+00:00,turbine-2,2026-02-23T02:00:00+00:00,38,0.10871,model-weather-experiment-640618020c918c13b93a05de,ecmwf00-a2d77f25-assumed-7b9a425c47be-2-20260221,2026-02-21T00:00:00+00:00,2026-02-21T10:00:00+00:00
2026-02-21T12:00:00+00:00,turbine-2,2026-02-23T03:00:00+00:00,39,0.084697,model-weather-experiment-640618020c918c13b93a05de,ecmwf00-a2d77f25-assumed-7b9a425c47be-2-20260221,2026-02-21T00:00:00+00:00,2026-02-21T10:00:00+00:00
2026-02-21T12:00:00+00:00,turbine-2,2026-02-23T04:00:00+00:00,40,0.068592,model-weather-experiment-640618020c918c13b93a05de,ecmwf00-a2d77f25-assumed-7b9a425c47be-2-20260221,2026-02-21T00:00:00+00:00,2026-02-21T10:00:00+00:00
2026-02-21T12:00:00+00:00,turbine-2,2026-02-23T05:00:00+00:00,41,0.09293,model-weather-experiment-640618020c918c13b93a05de,ecmwf00-a2d77f25-assumed-7b9a425c47be-2-20260221,2026-02-21T00:00:00+00:00,2026-02-21T10:00:00+00:00
2026-02-21T12:00:00+00:00,turbine-2,2026-02-23T06:00:00+00:00,42,0.150644,model-weather-experiment-640618020c918c13b93a05de,ecmwf00-a2d77f25-assumed-7b9a425c47be-2-20260221,2026-02-21T00:00:00+00:00,2026-02-21T10:00:00+00:00
2026-02-21T12:00:00+00:00,turbine-2,2026-02-23T07:00:00+00:00,43,0.320043,model-weather-experiment-640618020c918c13b93a05de,ecmwf00-a2d77f25-assumed-7b9a425c47be-2-20260221,2026-02-21T00:00:00+00:00,2026-02-21T10:00:00+00:00
2026-02-21T12:00:00+00:00,turbine-2,2026-02-23T08:00:00+00:00,44,0.4553,model-weather-experiment-640618020c918c13b93a05de,ecmwf00-a2d77f25-assumed-7b9a425c47be-2-20260221,2026-02-21T00:00:00+00:00,2026-02-21T10:00:00+00:00
2026-02-21T12:00:00+00:00,turbine-2,2026-02-23T09:00:00+00:00,45,0.717688,model-weather-experiment-640618020c918c13b93a05de,ecmwf00-a2d77f25-assumed-7b9a425c47be-2-20260221,2026-02-21T00:00:00+00:00,2026-02-21T10:00:00+00:00
2026-02-21T12:00:00+00:00,turbine-2,2026-02-23T10:00:00+00:00,46,0.810594,model-weather-experiment-640618020c918c13b93a05de,ecmwf00-a2d77f25-assumed-7b9a425c47be-2-20260221,2026-02-21T00:00:00+00:00,2026-02-21T10:00:00+00:00
2026-02-21T12:00:00+00:00,turbine-2,2026-02-23T11:00:00+00:00,47,0.876548,model-weather-experiment-640618020c918c13b93a05de,ecmwf00-a2d77f25-assumed-7b9a425c47be-2-20260221,2026-02-21T00:00:00+00:00,2026-02-21T10:00:00+00:00
2026-02-21T12:00:00+00:00,turbine-2,2026-02-23T12:00:00+00:00,48,0.913434,model-weather-experiment-640618020c918c13b93a05de,ecmwf00-a2d77f25-assumed-7b9a425c47be-2-20260221,2026-02-21T00:00:00+00:00,2026-02-21T10:00:00+00:00
2026-02-22T12:00:00+00:00,turbine-1,2026-02-22T13:00:00+00:00,1,0.431532,model-weather-experiment-640618020c918c13b93a05de,ecmwf00-a2d77f25-assumed-7b9a425c47be-1-20260222,2026-02-22T00:00:00+00:00,2026-02-22T10:00:00+00:00
2026-02-22T12:00:00+00:00,turbine-1,2026-02-22T14:00:00+00:00,2,0.202377,model-weather-experiment-640618020c918c13b93a05de,ecmwf00-a2d77f25-assumed-7b9a425c47be-1-20260222,2026-02-22T00:00:00+00:00,2026-02-22T10:00:00+00:00
2026-02-22T12:00:00+00:00,turbine-1,2026-02-22T15:00:00+00:00,3,0.12369,model-weather-experiment-640618020c918c13b93a05de,ecmwf00-a2d77f25-assumed-7b9a425c47be-1-20260222,2026-02-22T00:00:00+00:00,2026-02-22T10:00:00+00:00
2026-02-22T12:00:00+00:00,turbine-1,2026-02-22T16:00:00+00:00,4,0.097025,model-weather-experiment-640618020c918c13b93a05de,ecmwf00-a2d77f25-assumed-7b9a425c47be-1-20260222,2026-02-22T00:00:00+00:00,2026-02-22T10:00:00+00:00
2026-02-22T12:00:00+00:00,turbine-1,2026-02-22T17:00:00+00:00,5,0.089492,model-weather-experiment-640618020c918c13b93a05de,ecmwf00-a2d77f25-assumed-7b9a425c47be-1-20260222,2026-02-22T00:00:00+00:00,2026-02-22T10:00:00+00:00
2026-02-22T12:00:00+00:00,turbine-1,2026-02-22T18:00:00+00:00,6,0.039478,model-weather-experiment-640618020c918c13b93a05de,ecmwf00-a2d77f25-assumed-7b9a425c47be-1-20260222,2026-02-22T00:00:00+00:00,2026-02-22T10:00:00+00:00
2026-02-22T12:00:00+00:00,turbine-1,2026-02-22T19:00:00+00:00,7,0.041154,model-weather-experiment-640618020c918c13b93a05de,ecmwf00-a2d77f25-assumed-7b9a425c47be-1-20260222,2026-02-22T00:00:00+00:00,2026-02-22T10:00:00+00:00
2026-02-22T12:00:00+00:00,turbine-1,2026-02-22T20:00:00+00:00,8,0.028197,model-weather-experiment-640618020c918c13b93a05de,ecmwf00-a2d77f25-assumed-7b9a425c47be-1-20260222,2026-02-22T00:00:00+00:00,2026-02-22T10:00:00+00:00
2026-02-22T12:00:00+00:00,turbine-1,2026-02-22T21:00:00+00:00,9,0.064661,model-weather-experiment-640618020c918c13b93a05de,ecmwf00-a2d77f25-assumed-7b9a425c47be-1-20260222,2026-02-22T00:00:00+00:00,2026-02-22T10:00:00+00:00
2026-02-22T12:00:00+00:00,turbine-1,2026-02-22T22:00:00+00:00,10,0.066534,model-weather-experiment-640618020c918c13b93a05de,ecmwf00-a2d77f25-assumed-7b9a425c47be-1-20260222,2026-02-22T00:00:00+00:00,2026-02-22T10:00:00+00:00
2026-02-22T12:00:00+00:00,turbine-1,2026-02-22T23:00:00+00:00,11,0.066683,model-weather-experiment-640618020c918c13b93a05de,ecmwf00-a2d77f25-assumed-7b9a425c47be-1-20260222,2026-02-22T00:00:00+00:00,2026-02-22T10:00:00+00:00
2026-02-22T12:00:00+00:00,turbine-1,2026-02-23T00:00:00+00:00,12,0.041783,model-weather-experiment-640618020c918c13b93a05de,ecmwf00-a2d77f25-assumed-7b9a425c47be-1-20260222,2026-02-22T00:00:00+00:00,2026-02-22T10:00:00+00:00
2026-02-22T12:00:00+00:00,turbine-1,2026-02-23T01:00:00+00:00,13,0.019402,model-weather-experiment-640618020c918c13b93a05de,ecmwf00-a2d77f25-assumed-7b9a425c47be-1-20260222,2026-02-22T00:00:00+00:00,2026-02-22T10:00:00+00:00
2026-02-22T12:00:00+00:00,turbine-1,2026-02-23T02:00:00+00:00,14,0.097386,model-weather-experiment-640618020c918c13b93a05de,ecmwf00-a2d77f25-assumed-7b9a425c47be-1-20260222,2026-02-22T00:00:00+00:00,2026-02-22T10:00:00+00:00
2026-02-22T12:00:00+00:00,turbine-1,2026-02-23T03:00:00+00:00,15,0.136396,model-weather-experiment-640618020c918c13b93a05de,ecmwf00-a2d77f25-assumed-7b9a425c47be-1-20260222,2026-02-22T00:00:00+00:00,2026-02-22T10:00:00+00:00
2026-02-22T12:00:00+00:00,turbine-1,2026-02-23T04:00:00+00:00,16,0.125917,model-weather-experiment-640618020c918c13b93a05de,ecmwf00-a2d77f25-assumed-7b9a425c47be-1-20260222,2026-02-22T00:00:00+00:00,2026-02-22T10:00:00+00:00
2026-02-22T12:00:00+00:00,turbine-1,2026-02-23T05:00:00+00:00,17,0.127334,model-weather-experiment-640618020c918c13b93a05de,ecmwf00-a2d77f25-assumed-7b9a425c47be-1-20260222,2026-02-22T00:00:00+00:00,2026-02-22T10:00:00+00:00
2026-02-22T12:00:00+00:00,turbine-1,2026-02-23T06:00:00+00:00,18,0.161589,model-weather-experiment-640618020c918c13b93a05de,ecmwf00-a2d77f25-assumed-7b9a425c47be-1-20260222,2026-02-22T00:00:00+00:00,2026-02-22T10:00:00+00:00
2026-02-22T12:00:00+00:00,turbine-1,2026-02-23T07:00:00+00:00,19,0.259791,model-weather-experiment-640618020c918c13b93a05de,ecmwf00-a2d77f25-assumed-7b9a425c47be-1-20260222,2026-02-22T00:00:00+00:00,2026-02-22T10:00:00+00:00
2026-02-22T12:00:00+00:00,turbine-1,2026-02-23T08:00:00+00:00,20,0.471233,model-weather-experiment-640618020c918c13b93a05de,ecmwf00-a2d77f25-assumed-7b9a425c47be-1-20260222,2026-02-22T00:00:00+00:00,2026-02-22T10:00:00+00:00
2026-02-22T12:00:00+00:00,turbine-1,2026-02-23T09:00:00+00:00,21,0.467649,model-weather-experiment-640618020c918c13b93a05de,ecmwf00-a2d77f25-assumed-7b9a425c47be-1-20260222,2026-02-22T00:00:00+00:00,2026-02-22T10:00:00+00:00
2026-02-22T12:00:00+00:00,turbine-1,2026-02-23T10:00:00+00:00,22,0.650768,model-weather-experiment-640618020c918c13b93a05de,ecmwf00-a2d77f25-assumed-7b9a425c47be-1-20260222,2026-02-22T00:00:00+00:00,2026-02-22T10:00:00+00:00
2026-02-22T12:00:00+00:00,turbine-1,2026-02-23T11:00:00+00:00,23,0.806648,model-weather-experiment-640618020c918c13b93a05de,ecmwf00-a2d77f25-assumed-7b9a425c47be-1-20260222,2026-02-22T00:00:00+00:00,2026-02-22T10:00:00+00:00
2026-02-22T12:00:00+00:00,turbine-1,2026-02-23T12:00:00+00:00,24,0.897192,model-weather-experiment-640618020c918c13b93a05de,ecmwf00-a2d77f25-assumed-7b9a425c47be-1-20260222,2026-02-22T00:00:00+00:00,2026-02-22T10:00:00+00:00
2026-02-22T12:00:00+00:00,turbine-1,2026-02-23T13:00:00+00:00,25,0.854618,model-weather-experiment-640618020c918c13b93a05de,ecmwf00-a2d77f25-assumed-7b9a425c47be-1-20260222,2026-02-22T00:00:00+00:00,2026-02-22T10:00:00+00:00
2026-02-22T12:00:00+00:00,turbine-1,2026-02-23T14:00:00+00:00,26,0.866418,model-weather-experiment-640618020c918c13b93a05de,ecmwf00-a2d77f25-assumed-7b9a425c47be-1-20260222,2026-02-22T00:00:00+00:00,2026-02-22T10:00:00+00:00
2026-02-22T12:00:00+00:00,turbine-1,2026-02-23T15:00:00+00:00,27,0.884092,model-weather-experiment-640618020c918c13b93a05de,ecmwf00-a2d77f25-assumed-7b9a425c47be-1-20260222,2026-02-22T00:00:00+00:00,2026-02-22T10:00:00+00:00
2026-02-22T12:00:00+00:00,turbine-1,2026-02-23T16:00:00+00:00,28,0.88348,model-weather-experiment-640618020c918c13b93a05de,ecmwf00-a2d77f25-assumed-7b9a425c47be-1-20260222,2026-02-22T00:00:00+00:00,2026-02-22T10:00:00+00:00
2026-02-22T12:00:00+00:00,turbine-1,2026-02-23T17:00:00+00:00,29,0.855962,model-weather-experiment-640618020c918c13b93a05de,ecmwf00-a2d77f25-assumed-7b9a425c47be-1-20260222,2026-02-22T00:00:00+00:00,2026-02-22T10:00:00+00:00
2026-02-22T12:00:00+00:00,turbine-1,2026-02-23T18:00:00+00:00,30,0.872861,model-weather-experiment-640618020c918c13b93a05de,ecmwf00-a2d77f25-assumed-7b9a425c47be-1-20260222,2026-02-22T00:00:00+00:00,2026-02-22T10:00:00+00:00
2026-02-22T12:00:00+00:00,turbine-1,2026-02-23T19:00:00+00:00,31,0.885853,model-weather-experiment-640618020c918c13b93a05de,ecmwf00-a2d77f25-assumed-7b9a425c47be-1-20260222,2026-02-22T00:00:00+00:00,2026-02-22T10:00:00+00:00
2026-02-22T12:00:00+00:00,turbine-1,2026-02-23T20:00:00+00:00,32,0.866799,model-weather-experiment-640618020c918c13b93a05de,ecmwf00-a2d77f25-assumed-7b9a425c47be-1-20260222,2026-02-22T00:00:00+00:00,2026-02-22T10:00:00+00:00
2026-02-22T12:00:00+00:00,turbine-1,2026-02-23T21:00:00+00:00,33,0.813272,model-weather-experiment-640618020c918c13b93a05de,ecmwf00-a2d77f25-assumed-7b9a425c47be-1-20260222,2026-02-22T00:00:00+00:00,2026-02-22T10:00:00+00:00
2026-02-22T12:00:00+00:00,turbine-1,2026-02-23T22:00:00+00:00,34,0.804794,model-weather-experiment-640618020c918c13b93a05de,ecmwf00-a2d77f25-assumed-7b9a425c47be-1-20260222,2026-02-22T00:00:00+00:00,2026-02-22T10:00:00+00:00
2026-02-22T12:00:00+00:00,turbine-1,2026-02-23T23:00:00+00:00,35,0.781285,model-weather-experiment-640618020c918c13b93a05de,ecmwf00-a2d77f25-assumed-7b9a425c47be-1-20260222,2026-02-22T00:00:00+00:00,2026-02-22T10:00:00+00:00
2026-02-22T12:00:00+00:00,turbine-1,2026-02-24T00:00:00+00:00,36,0.830412,model-weather-experiment-640618020c918c13b93a05de,ecmwf00-a2d77f25-assumed-7b9a425c47be-1-20260222,2026-02-22T00:00:00+00:00,2026-02-22T10:00:00+00:00
2026-02-22T12:00:00+00:00,turbine-1,2026-02-24T01:00:00+00:00,37,0.779035,model-weather-experiment-640618020c918c13b93a05de,ecmwf00-a2d77f25-assumed-7b9a425c47be-1-20260222,2026-02-22T00:00:00+00:00,2026-02-22T10:00:00+00:00
2026-02-22T12:00:00+00:00,turbine-1,2026-02-24T02:00:00+00:00,38,0.775763,model-weather-experiment-640618020c918c13b93a05de,ecmwf00-a2d77f25-assumed-7b9a425c47be-1-20260222,2026-02-22T00:00:00+00:00,2026-02-22T10:00:00+00:00
2026-02-22T12:00:00+00:00,turbine-1,2026-02-24T03:00:00+00:00,39,0.54813,model-weather-experiment-640618020c918c13b93a05de,ecmwf00-a2d77f25-assumed-7b9a425c47be-1-20260222,2026-02-22T00:00:00+00:00,2026-02-22T10:00:00+00:00
2026-02-22T12:00:00+00:00,turbine-1,2026-02-24T04:00:00+00:00,40,0.503207,model-weather-experiment-640618020c918c13b93a05de,ecmwf00-a2d77f25-assumed-7b9a425c47be-1-20260222,2026-02-22T00:00:00+00:00,2026-02-22T10:00:00+00:00
2026-02-22T12:00:00+00:00,turbine-1,2026-02-24T05:00:00+00:00,41,0.491678,model-weather-experiment-640618020c918c13b93a05de,ecmwf00-a2d77f25-assumed-7b9a425c47be-1-20260222,2026-02-22T00:00:00+00:00,2026-02-22T10:00:00+00:00
2026-02-22T12:00:00+00:00,turbine-1,2026-02-24T06:00:00+00:00,42,0.44409,model-weather-experiment-640618020c918c13b93a05de,ecmwf00-a2d77f25-assumed-7b9a425c47be-1-20260222,2026-02-22T00:00:00+00:00,2026-02-22T10:00:00+00:00
2026-02-22T12:00:00+00:00,turbine-1,2026-02-24T07:00:00+00:00,43,0.400934,model-weather-experiment-640618020c918c13b93a05de,ecmwf00-a2d77f25-assumed-7b9a425c47be-1-20260222,2026-02-22T00:00:00+00:00,2026-02-22T10:00:00+00:00
2026-02-22T12:00:00+00:00,turbine-1,2026-02-24T08:00:00+00:00,44,0.343929,model-weather-experiment-640618020c918c13b93a05de,ecmwf00-a2d77f25-assumed-7b9a425c47be-1-20260222,2026-02-22T00:00:00+00:00,2026-02-22T10:00:00+00:00
2026-02-22T12:00:00+00:00,turbine-1,2026-02-24T09:00:00+00:00,45,0.297328,model-weather-experiment-640618020c918c13b93a05de,ecmwf00-a2d77f25-assumed-7b9a425c47be-1-20260222,2026-02-22T00:00:00+00:00,2026-02-22T10:00:00+00:00
2026-02-22T12:00:00+00:00,turbine-1,2026-02-24T10:00:00+00:00,46,0.220984,model-weather-experiment-640618020c918c13b93a05de,ecmwf00-a2d77f25-assumed-7b9a425c47be-1-20260222,2026-02-22T00:00:00+00:00,2026-02-22T10:00:00+00:00
2026-02-22T12:00:00+00:00,turbine-1,2026-02-24T11:00:00+00:00,47,0.189415,model-weather-experiment-640618020c918c13b93a05de,ecmwf00-a2d77f25-assumed-7b9a425c47be-1-20260222,2026-02-22T00:00:00+00:00,2026-02-22T10:00:00+00:00
2026-02-22T12:00:00+00:00,turbine-1,2026-02-24T12:00:00+00:00,48,0.126978,model-weather-experiment-640618020c918c13b93a05de,ecmwf00-a2d77f25-assumed-7b9a425c47be-1-20260222,2026-02-22T00:00:00+00:00,2026-02-22T10:00:00+00:00
2026-02-22T12:00:00+00:00,turbine-2,2026-02-22T13:00:00+00:00,1,0.349925,model-weather-experiment-640618020c918c13b93a05de,ecmwf00-a2d77f25-assumed-7b9a425c47be-2-20260222,2026-02-22T00:00:00+00:00,2026-02-22T10:00:00+00:00
2026-02-22T12:00:00+00:00,turbine-2,2026-02-22T14:00:00+00:00,2,0.196579,model-weather-experiment-640618020c918c13b93a05de,ecmwf00-a2d77f25-assumed-7b9a425c47be-2-20260222,2026-02-22T00:00:00+00:00,2026-02-22T10:00:00+00:00
2026-02-22T12:00:00+00:00,turbine-2,2026-02-22T15:00:00+00:00,3,0.099032,model-weather-experiment-640618020c918c13b93a05de,ecmwf00-a2d77f25-assumed-7b9a425c47be-2-20260222,2026-02-22T00:00:00+00:00,2026-02-22T10:00:00+00:00
2026-02-22T12:00:00+00:00,turbine-2,2026-02-22T16:00:00+00:00,4,0.068945,model-weather-experiment-640618020c918c13b93a05de,ecmwf00-a2d77f25-assumed-7b9a425c47be-2-20260222,2026-02-22T00:00:00+00:00,2026-02-22T10:00:00+00:00
2026-02-22T12:00:00+00:00,turbine-2,2026-02-22T17:00:00+00:00,5,0.101801,model-weather-experiment-640618020c918c13b93a05de,ecmwf00-a2d77f25-assumed-7b9a425c47be-2-20260222,2026-02-22T00:00:00+00:00,2026-02-22T10:00:00+00:00
2026-02-22T12:00:00+00:00,turbine-2,2026-02-22T18:00:00+00:00,6,0.077563,model-weather-experiment-640618020c918c13b93a05de,ecmwf00-a2d77f25-assumed-7b9a425c47be-2-20260222,2026-02-22T00:00:00+00:00,2026-02-22T10:00:00+00:00
2026-02-22T12:00:00+00:00,turbine-2,2026-02-22T19:00:00+00:00,7,0.069851,model-weather-experiment-640618020c918c13b93a05de,ecmwf00-a2d77f25-assumed-7b9a425c47be-2-20260222,2026-02-22T00:00:00+00:00,2026-02-22T10:00:00+00:00
2026-02-22T12:00:00+00:00,turbine-2,2026-02-22T20:00:00+00:00,8,0.072725,model-weather-experiment-640618020c918c13b93a05de,ecmwf00-a2d77f25-assumed-7b9a425c47be-2-20260222,2026-02-22T00:00:00+00:00,2026-02-22T10:00:00+00:00
2026-02-22T12:00:00+00:00,turbine-2,2026-02-22T21:00:00+00:00,9,0.086019,model-weather-experiment-640618020c918c13b93a05de,ecmwf00-a2d77f25-assumed-7b9a425c47be-2-20260222,2026-02-22T00:00:00+00:00,2026-02-22T10:00:00+00:00
2026-02-22T12:00:00+00:00,turbine-2,2026-02-22T22:00:00+00:00,10,0.089757,model-weather-experiment-640618020c918c13b93a05de,ecmwf00-a2d77f25-assumed-7b9a425c47be-2-20260222,2026-02-22T00:00:00+00:00,2026-02-22T10:00:00+00:00
2026-02-22T12:00:00+00:00,turbine-2,2026-02-22T23:00:00+00:00,11,0.095057,model-weather-experiment-640618020c918c13b93a05de,ecmwf00-a2d77f25-assumed-7b9a425c47be-2-20260222,2026-02-22T00:00:00+00:00,2026-02-22T10:00:00+00:00
2026-02-22T12:00:00+00:00,turbine-2,2026-02-23T00:00:00+00:00,12,0.063524,model-weather-experiment-640618020c918c13b93a05de,ecmwf00-a2d77f25-assumed-7b9a425c47be-2-20260222,2026-02-22T00:00:00+00:00,2026-02-22T10:00:00+00:00
2026-02-22T12:00:00+00:00,turbine-2,2026-02-23T01:00:00+00:00,13,0.03774,model-weather-experiment-640618020c918c13b93a05de,ecmwf00-a2d77f25-assumed-7b9a425c47be-2-20260222,2026-02-22T00:00:00+00:00,2026-02-22T10:00:00+00:00
2026-02-22T12:00:00+00:00,turbine-2,2026-02-23T02:00:00+00:00,14,0.086685,model-weather-experiment-640618020c918c13b93a05de,ecmwf00-a2d77f25-assumed-7b9a425c47be-2-20260222,2026-02-22T00:00:00+00:00,2026-02-22T10:00:00+00:00
2026-02-22T12:00:00+00:00,turbine-2,2026-02-23T03:00:00+00:00,15,0.101504,model-weather-experiment-640618020c918c13b93a05de,ecmwf00-a2d77f25-assumed-7b9a425c47be-2-20260222,2026-02-22T00:00:00+00:00,2026-02-22T10:00:00+00:00
2026-02-22T12:00:00+00:00,turbine-2,2026-02-23T04:00:00+00:00,16,0.102917,model-weather-experiment-640618020c918c13b93a05de,ecmwf00-a2d77f25-assumed-7b9a425c47be-2-20260222,2026-02-22T00:00:00+00:00,2026-02-22T10:00:00+00:00
2026-02-22T12:00:00+00:00,turbine-2,2026-02-23T05:00:00+00:00,17,0.102085,model-weather-experiment-640618020c918c13b93a05de,ecmwf00-a2d77f25-assumed-7b9a425c47be-2-20260222,2026-02-22T00:00:00+00:00,2026-02-22T10:00:00+00:00
2026-02-22T12:00:00+00:00,turbine-2,2026-02-23T06:00:00+00:00,18,0.128073,model-weather-experiment-640618020c918c13b93a05de,ecmwf00-a2d77f25-assumed-7b9a425c47be-2-20260222,2026-02-22T00:00:00+00:00,2026-02-22T10:00:00+00:00
2026-02-22T12:00:00+00:00,turbine-2,2026-02-23T07:00:00+00:00,19,0.246673,model-weather-experiment-640618020c918c13b93a05de,ecmwf00-a2d77f25-assumed-7b9a425c47be-2-20260222,2026-02-22T00:00:00+00:00,2026-02-22T10:00:00+00:00
2026-02-22T12:00:00+00:00,turbine-2,2026-02-23T08:00:00+00:00,20,0.437507,model-weather-experiment-640618020c918c13b93a05de,ecmwf00-a2d77f25-assumed-7b9a425c47be-2-20260222,2026-02-22T00:00:00+00:00,2026-02-22T10:00:00+00:00
2026-02-22T12:00:00+00:00,turbine-2,2026-02-23T09:00:00+00:00,21,0.445105,model-weather-experiment-640618020c918c13b93a05de,ecmwf00-a2d77f25-assumed-7b9a425c47be-2-20260222,2026-02-22T00:00:00+00:00,2026-02-22T10:00:00+00:00
2026-02-22T12:00:00+00:00,turbine-2,2026-02-23T10:00:00+00:00,22,0.652139,model-weather-experiment-640618020c918c13b93a05de,ecmwf00-a2d77f25-assumed-7b9a425c47be-2-20260222,2026-02-22T00:00:00+00:00,2026-02-22T10:00:00+00:00
2026-02-22T12:00:00+00:00,turbine-2,2026-02-23T11:00:00+00:00,23,0.806924,model-weather-experiment-640618020c918c13b93a05de,ecmwf00-a2d77f25-assumed-7b9a425c47be-2-20260222,2026-02-22T00:00:00+00:00,2026-02-22T10:00:00+00:00
2026-02-22T12:00:00+00:00,turbine-2,2026-02-23T12:00:00+00:00,24,0.936699,model-weather-experiment-640618020c918c13b93a05de,ecmwf00-a2d77f25-assumed-7b9a425c47be-2-20260222,2026-02-22T00:00:00+00:00,2026-02-22T10:00:00+00:00
2026-02-22T12:00:00+00:00,turbine-2,2026-02-23T13:00:00+00:00,25,0.945361,model-weather-experiment-640618020c918c13b93a05de,ecmwf00-a2d77f25-assumed-7b9a425c47be-2-20260222,2026-02-22T00:00:00+00:00,2026-02-22T10:00:00+00:00
2026-02-22T12:00:00+00:00,turbine-2,2026-02-23T14:00:00+00:00,26,0.963841,model-weather-experiment-640618020c918c13b93a05de,ecmwf00-a2d77f25-assumed-7b9a425c47be-2-20260222,2026-02-22T00:00:00+00:00,2026-02-22T10:00:00+00:00
2026-02-22T12:00:00+00:00,turbine-2,2026-02-23T15:00:00+00:00,27,0.973686,model-weather-experiment-640618020c918c13b93a05de,ecmwf00-a2d77f25-assumed-7b9a425c47be-2-20260222,2026-02-22T00:00:00+00:00,2026-02-22T10:00:00+00:00
2026-02-22T12:00:00+00:00,turbine-2,2026-02-23T16:00:00+00:00,28,0.950348,model-weather-experiment-640618020c918c13b93a05de,ecmwf00-a2d77f25-assumed-7b9a425c47be-2-20260222,2026-02-22T00:00:00+00:00,2026-02-22T10:00:00+00:00
2026-02-22T12:00:00+00:00,turbine-2,2026-02-23T17:00:00+00:00,29,0.953813,model-weather-experiment-640618020c918c13b93a05de,ecmwf00-a2d77f25-assumed-7b9a425c47be-2-20260222,2026-02-22T00:00:00+00:00,2026-02-22T10:00:00+00:00
2026-02-22T12:00:00+00:00,turbine-2,2026-02-23T18:00:00+00:00,30,0.962545,model-weather-experiment-640618020c918c13b93a05de,ecmwf00-a2d77f25-assumed-7b9a425c47be-2-20260222,2026-02-22T00:00:00+00:00,2026-02-22T10:00:00+00:00
2026-02-22T12:00:00+00:00,turbine-2,2026-02-23T19:00:00+00:00,31,0.958644,model-weather-experiment-640618020c918c13b93a05de,ecmwf00-a2d77f25-assumed-7b9a425c47be-2-20260222,2026-02-22T00:00:00+00:00,2026-02-22T10:00:00+00:00
2026-02-22T12:00:00+00:00,turbine-2,2026-02-23T20:00:00+00:00,32,0.89653,model-weather-experiment-640618020c918c13b93a05de,ecmwf00-a2d77f25-assumed-7b9a425c47be-2-20260222,2026-02-22T00:00:00+00:00,2026-02-22T10:00:00+00:00
2026-02-22T12:00:00+00:00,turbine-2,2026-02-23T21:00:00+00:00,33,0.824605,model-weather-experiment-640618020c918c13b93a05de,ecmwf00-a2d77f25-assumed-7b9a425c47be-2-20260222,2026-02-22T00:00:00+00:00,2026-02-22T10:00:00+00:00
2026-02-22T12:00:00+00:00,turbine-2,2026-02-23T22:00:00+00:00,34,0.816712,model-weather-experiment-640618020c918c13b93a05de,ecmwf00-a2d77f25-assumed-7b9a425c47be-2-20260222,2026-02-22T00:00:00+00:00,2026-02-22T10:00:00+00:00
2026-02-22T12:00:00+00:00,turbine-2,2026-02-23T23:00:00+00:00,35,0.825368,model-weather-experiment-640618020c918c13b93a05de,ecmwf00-a2d77f25-assumed-7b9a425c47be-2-20260222,2026-02-22T00:00:00+00:00,2026-02-22T10:00:00+00:00
2026-02-22T12:00:00+00:00,turbine-2,2026-02-24T00:00:00+00:00,36,0.896457,model-weather-experiment-640618020c918c13b93a05de,ecmwf00-a2d77f25-assumed-7b9a425c47be-2-20260222,2026-02-22T00:00:00+00:00,2026-02-22T10:00:00+00:00
2026-02-22T12:00:00+00:00,turbine-2,2026-02-24T01:00:00+00:00,37,0.871344,model-weather-experiment-640618020c918c13b93a05de,ecmwf00-a2d77f25-assumed-7b9a425c47be-2-20260222,2026-02-22T00:00:00+00:00,2026-02-22T10:00:00+00:00
2026-02-22T12:00:00+00:00,turbine-2,2026-02-24T02:00:00+00:00,38,0.856975,model-weather-experiment-640618020c918c13b93a05de,ecmwf00-a2d77f25-assumed-7b9a425c47be-2-20260222,2026-02-22T00:00:00+00:00,2026-02-22T10:00:00+00:00
2026-02-22T12:00:00+00:00,turbine-2,2026-02-24T03:00:00+00:00,39,0.60171,model-weather-experiment-640618020c918c13b93a05de,ecmwf00-a2d77f25-assumed-7b9a425c47be-2-20260222,2026-02-22T00:00:00+00:00,2026-02-22T10:00:00+00:00
2026-02-22T12:00:00+00:00,turbine-2,2026-02-24T04:00:00+00:00,40,0.518711,model-weather-experiment-640618020c918c13b93a05de,ecmwf00-a2d77f25-assumed-7b9a425c47be-2-20260222,2026-02-22T00:00:00+00:00,2026-02-22T10:00:00+00:00
2026-02-22T12:00:00+00:00,turbine-2,2026-02-24T05:00:00+00:00,41,0.469269,model-weather-experiment-640618020c918c13b93a05de,ecmwf00-a2d77f25-assumed-7b9a425c47be-2-20260222,2026-02-22T00:00:00+00:00,2026-02-22T10:00:00+00:00
2026-02-22T12:00:00+00:00,turbine-2,2026-02-24T06:00:00+00:00,42,0.363078,model-weather-experiment-640618020c918c13b93a05de,ecmwf00-a2d77f25-assumed-7b9a425c47be-2-20260222,2026-02-22T00:00:00+00:00,2026-02-22T10:00:00+00:00
2026-02-22T12:00:00+00:00,turbine-2,2026-02-24T07:00:00+00:00,43,0.353768,model-weather-experiment-640618020c918c13b93a05de,ecmwf00-a2d77f25-assumed-7b9a425c47be-2-20260222,2026-02-22T00:00:00+00:00,2026-02-22T10:00:00+00:00
2026-02-22T12:00:00+00:00,turbine-2,2026-02-24T08:00:00+00:00,44,0.299569,model-weather-experiment-640618020c918c13b93a05de,ecmwf00-a2d77f25-assumed-7b9a425c47be-2-20260222,2026-02-22T00:00:00+00:00,2026-02-22T10:00:00+00:00
2026-02-22T12:00:00+00:00,turbine-2,2026-02-24T09:00:00+00:00,45,0.219336,model-weather-experiment-640618020c918c13b93a05de,ecmwf00-a2d77f25-assumed-7b9a425c47be-2-20260222,2026-02-22T00:00:00+00:00,2026-02-22T10:00:00+00:00
2026-02-22T12:00:00+00:00,turbine-2,2026-02-24T10:00:00+00:00,46,0.18714,model-weather-experiment-640618020c918c13b93a05de,ecmwf00-a2d77f25-assumed-7b9a425c47be-2-20260222,2026-02-22T00:00:00+00:00,2026-02-22T10:00:00+00:00
2026-02-22T12:00:00+00:00,turbine-2,2026-02-24T11:00:00+00:00,47,0.134604,model-weather-experiment-640618020c918c13b93a05de,ecmwf00-a2d77f25-assumed-7b9a425c47be-2-20260222,2026-02-22T00:00:00+00:00,2026-02-22T10:00:00+00:00
2026-02-22T12:00:00+00:00,turbine-2,2026-02-24T12:00:00+00:00,48,0.092497,model-weather-experiment-640618020c918c13b93a05de,ecmwf00-a2d77f25-assumed-7b9a425c47be-2-20260222,2026-02-22T00:00:00+00:00,2026-02-22T10:00:00+00:00
2026-02-23T12:00:00+00:00,turbine-1,2026-02-23T13:00:00+00:00,1,0.754096,model-weather-experiment-640618020c918c13b93a05de,ecmwf00-a2d77f25-assumed-7b9a425c47be-1-20260223,2026-02-23T00:00:00+00:00,2026-02-23T10:00:00+00:00
2026-02-23T12:00:00+00:00,turbine-1,2026-02-23T14:00:00+00:00,2,0.798871,model-weather-experiment-640618020c918c13b93a05de,ecmwf00-a2d77f25-assumed-7b9a425c47be-1-20260223,2026-02-23T00:00:00+00:00,2026-02-23T10:00:00+00:00
2026-02-23T12:00:00+00:00,turbine-1,2026-02-23T15:00:00+00:00,3,0.824414,model-weather-experiment-640618020c918c13b93a05de,ecmwf00-a2d77f25-assumed-7b9a425c47be-1-20260223,2026-02-23T00:00:00+00:00,2026-02-23T10:00:00+00:00
2026-02-23T12:00:00+00:00,turbine-1,2026-02-23T16:00:00+00:00,4,0.833009,model-weather-experiment-640618020c918c13b93a05de,ecmwf00-a2d77f25-assumed-7b9a425c47be-1-20260223,2026-02-23T00:00:00+00:00,2026-02-23T10:00:00+00:00
2026-02-23T12:00:00+00:00,turbine-1,2026-02-23T17:00:00+00:00,5,0.835884,model-weather-experiment-640618020c918c13b93a05de,ecmwf00-a2d77f25-assumed-7b9a425c47be-1-20260223,2026-02-23T00:00:00+00:00,2026-02-23T10:00:00+00:00
2026-02-23T12:00:00+00:00,turbine-1,2026-02-23T18:00:00+00:00,6,0.828512,model-weather-experiment-640618020c918c13b93a05de,ecmwf00-a2d77f25-assumed-7b9a425c47be-1-20260223,2026-02-23T00:00:00+00:00,2026-02-23T10:00:00+00:00
2026-02-23T12:00:00+00:00,turbine-1,2026-02-23T19:00:00+00:00,7,0.833829,model-weather-experiment-640618020c918c13b93a05de,ecmwf00-a2d77f25-assumed-7b9a425c47be-1-20260223,2026-02-23T00:00:00+00:00,2026-02-23T10:00:00+00:00
2026-02-23T12:00:00+00:00,turbine-1,2026-02-23T20:00:00+00:00,8,0.80296,model-weather-experiment-640618020c918c13b93a05de,ecmwf00-a2d77f25-assumed-7b9a425c47be-1-20260223,2026-02-23T00:00:00+00:00,2026-02-23T10:00:00+00:00
2026-02-23T12:00:00+00:00,turbine-1,2026-02-23T21:00:00+00:00,9,0.566757,model-weather-experiment-640618020c918c13b93a05de,ecmwf00-a2d77f25-assumed-7b9a425c47be-1-20260223,2026-02-23T00:00:00+00:00,2026-02-23T10:00:00+00:00
2026-02-23T12:00:00+00:00,turbine-1,2026-02-23T22:00:00+00:00,10,0.62957,model-weather-experiment-640618020c918c13b93a05de,ecmwf00-a2d77f25-assumed-7b9a425c47be-1-20260223,2026-02-23T00:00:00+00:00,2026-02-23T10:00:00+00:00
2026-02-23T12:00:00+00:00,turbine-1,2026-02-23T23:00:00+00:00,11,0.563289,model-weather-experiment-640618020c918c13b93a05de,ecmwf00-a2d77f25-assumed-7b9a425c47be-1-20260223,2026-02-23T00:00:00+00:00,2026-02-23T10:00:00+00:00
2026-02-23T12:00:00+00:00,turbine-1,2026-02-24T00:00:00+00:00,12,0.473392,model-weather-experiment-640618020c918c13b93a05de,ecmwf00-a2d77f25-assumed-7b9a425c47be-1-20260223,2026-02-23T00:00:00+00:00,2026-02-23T10:00:00+00:00
2026-02-23T12:00:00+00:00,turbine-1,2026-02-24T01:00:00+00:00,13,0.487615,model-weather-experiment-640618020c918c13b93a05de,ecmwf00-a2d77f25-assumed-7b9a425c47be-1-20260223,2026-02-23T00:00:00+00:00,2026-02-23T10:00:00+00:00
2026-02-23T12:00:00+00:00,turbine-1,2026-02-24T02:00:00+00:00,14,0.471534,model-weather-experiment-640618020c918c13b93a05de,ecmwf00-a2d77f25-assumed-7b9a425c47be-1-20260223,2026-02-23T00:00:00+00:00,2026-02-23T10:00:00+00:00
2026-02-23T12:00:00+00:00,turbine-1,2026-02-24T03:00:00+00:00,15,0.432252,model-weather-experiment-640618020c918c13b93a05de,ecmwf00-a2d77f25-assumed-7b9a425c47be-1-20260223,2026-02-23T00:00:00+00:00,2026-02-23T10:00:00+00:00
2026-02-23T12:00:00+00:00,turbine-1,2026-02-24T04:00:00+00:00,16,0.439241,model-weather-experiment-640618020c918c13b93a05de,ecmwf00-a2d77f25-assumed-7b9a425c47be-1-20260223,2026-02-23T00:00:00+00:00,2026-02-23T10:00:00+00:00
2026-02-23T12:00:00+00:00,turbine-1,2026-02-24T05:00:00+00:00,17,0.464889,model-weather-experiment-640618020c918c13b93a05de,ecmwf00-a2d77f25-assumed-7b9a425c47be-1-20260223,2026-02-23T00:00:00+00:00,2026-02-23T10:00:00+00:00
2026-02-23T12:00:00+00:00,turbine-1,2026-02-24T06:00:00+00:00,18,0.481307,model-weather-experiment-640618020c918c13b93a05de,ecmwf00-a2d77f25-assumed-7b9a425c47be-1-20260223,2026-02-23T00:00:00+00:00,2026-02-23T10:00:00+00:00
2026-02-23T12:00:00+00:00,turbine-1,2026-02-24T07:00:00+00:00,19,0.478652,model-weather-experiment-640618020c918c13b93a05de,ecmwf00-a2d77f25-assumed-7b9a425c47be-1-20260223,2026-02-23T00:00:00+00:00,2026-02-23T10:00:00+00:00
2026-02-23T12:00:00+00:00,turbine-1,2026-02-24T08:00:00+00:00,20,0.474008,model-weather-experiment-640618020c918c13b93a05de,ecmwf00-a2d77f25-assumed-7b9a425c47be-1-20260223,2026-02-23T00:00:00+00:00,2026-02-23T10:00:00+00:00
2026-02-23T12:00:00+00:00,turbine-1,2026-02-24T09:00:00+00:00,21,0.395644,model-weather-experiment-640618020c918c13b93a05de,ecmwf00-a2d77f25-assumed-7b9a425c47be-1-20260223,2026-02-23T00:00:00+00:00,2026-02-23T10:00:00+00:00
2026-02-23T12:00:00+00:00,turbine-1,2026-02-24T10:00:00+00:00,22,0.322116,model-weather-experiment-640618020c918c13b93a05de,ecmwf00-a2d77f25-assumed-7b9a425c47be-1-20260223,2026-02-23T00:00:00+00:00,2026-02-23T10:00:00+00:00
2026-02-23T12:00:00+00:00,turbine-1,2026-02-24T11:00:00+00:00,23,0.241596,model-weather-experiment-640618020c918c13b93a05de,ecmwf00-a2d77f25-assumed-7b9a425c47be-1-20260223,2026-02-23T00:00:00+00:00,2026-02-23T10:00:00+00:00
2026-02-23T12:00:00+00:00,turbine-1,2026-02-24T12:00:00+00:00,24,0.183666,model-weather-experiment-640618020c918c13b93a05de,ecmwf00-a2d77f25-assumed-7b9a425c47be-1-20260223,2026-02-23T00:00:00+00:00,2026-02-23T10:00:00+00:00
2026-02-23T12:00:00+00:00,turbine-1,2026-02-24T13:00:00+00:00,25,0.170359,model-weather-experiment-640618020c918c13b93a05de,ecmwf00-a2d77f25-assumed-7b9a425c47be-1-20260223,2026-02-23T00:00:00+00:00,2026-02-23T10:00:00+00:00
2026-02-23T12:00:00+00:00,turbine-1,2026-02-24T14:00:00+00:00,26,0.12005,model-weather-experiment-640618020c918c13b93a05de,ecmwf00-a2d77f25-assumed-7b9a425c47be-1-20260223,2026-02-23T00:00:00+00:00,2026-02-23T10:00:00+00:00
2026-02-23T12:00:00+00:00,turbine-1,2026-02-24T15:00:00+00:00,27,0.093872,model-weather-experiment-640618020c918c13b93a05de,ecmwf00-a2d77f25-assumed-7b9a425c47be-1-20260223,2026-02-23T00:00:00+00:00,2026-02-23T10:00:00+00:00
2026-02-23T12:00:00+00:00,turbine-1,2026-02-24T16:00:00+00:00,28,0.05126,model-weather-experiment-640618020c918c13b93a05de,ecmwf00-a2d77f25-assumed-7b9a425c47be-1-20260223,2026-02-23T00:00:00+00:00,2026-02-23T10:00:00+00:00
2026-02-23T12:00:00+00:00,turbine-1,2026-02-24T17:00:00+00:00,29,0.05793,model-weather-experiment-640618020c918c13b93a05de,ecmwf00-a2d77f25-assumed-7b9a425c47be-1-20260223,2026-02-23T00:00:00+00:00,2026-02-23T10:00:00+00:00
2026-02-23T12:00:00+00:00,turbine-1,2026-02-24T18:00:00+00:00,30,0.07808,model-weather-experiment-640618020c918c13b93a05de,ecmwf00-a2d77f25-assumed-7b9a425c47be-1-20260223,2026-02-23T00:00:00+00:00,2026-02-23T10:00:00+00:00
2026-02-23T12:00:00+00:00,turbine-1,2026-02-24T19:00:00+00:00,31,0.105637,model-weather-experiment-640618020c918c13b93a05de,ecmwf00-a2d77f25-assumed-7b9a425c47be-1-20260223,2026-02-23T00:00:00+00:00,2026-02-23T10:00:00+00:00
2026-02-23T12:00:00+00:00,turbine-1,2026-02-24T20:00:00+00:00,32,0.185737,model-weather-experiment-640618020c918c13b93a05de,ecmwf00-a2d77f25-assumed-7b9a425c47be-1-20260223,2026-02-23T00:00:00+00:00,2026-02-23T10:00:00+00:00
2026-02-23T12:00:00+00:00,turbine-1,2026-02-24T21:00:00+00:00,33,0.220214,model-weather-experiment-640618020c918c13b93a05de,ecmwf00-a2d77f25-assumed-7b9a425c47be-1-20260223,2026-02-23T00:00:00+00:00,2026-02-23T10:00:00+00:00
2026-02-23T12:00:00+00:00,turbine-1,2026-02-24T22:00:00+00:00,34,0.239078,model-weather-experiment-640618020c918c13b93a05de,ecmwf00-a2d77f25-assumed-7b9a425c47be-1-20260223,2026-02-23T00:00:00+00:00,2026-02-23T10:00:00+00:00
2026-02-23T12:00:00+00:00,turbine-1,2026-02-24T23:00:00+00:00,35,0.282576,model-weather-experiment-640618020c918c13b93a05de,ecmwf00-a2d77f25-assumed-7b9a425c47be-1-20260223,2026-02-23T00:00:00+00:00,2026-02-23T10:00:00+00:00
2026-02-23T12:00:00+00:00,turbine-1,2026-02-25T00:00:00+00:00,36,0.378087,model-weather-experiment-640618020c918c13b93a05de,ecmwf00-a2d77f25-assumed-7b9a425c47be-1-20260223,2026-02-23T00:00:00+00:00,2026-02-23T10:00:00+00:00
2026-02-23T12:00:00+00:00,turbine-1,2026-02-25T01:00:00+00:00,37,0.436841,model-weather-experiment-640618020c918c13b93a05de,ecmwf00-a2d77f25-assumed-7b9a425c47be-1-20260223,2026-02-23T00:00:00+00:00,2026-02-23T10:00:00+00:00
2026-02-23T12:00:00+00:00,turbine-1,2026-02-25T02:00:00+00:00,38,0.484214,model-weather-experiment-640618020c918c13b93a05de,ecmwf00-a2d77f25-assumed-7b9a425c47be-1-20260223,2026-02-23T00:00:00+00:00,2026-02-23T10:00:00+00:00
2026-02-23T12:00:00+00:00,turbine-1,2026-02-25T03:00:00+00:00,39,0.487402,model-weather-experiment-640618020c918c13b93a05de,ecmwf00-a2d77f25-assumed-7b9a425c47be-1-20260223,2026-02-23T00:00:00+00:00,2026-02-23T10:00:00+00:00
2026-02-23T12:00:00+00:00,turbine-1,2026-02-25T04:00:00+00:00,40,0.503567,model-weather-experiment-640618020c918c13b93a05de,ecmwf00-a2d77f25-assumed-7b9a425c47be-1-20260223,2026-02-23T00:00:00+00:00,2026-02-23T10:00:00+00:00
2026-02-23T12:00:00+00:00,turbine-1,2026-02-25T05:00:00+00:00,41,0.588949,model-weather-experiment-640618020c918c13b93a05de,ecmwf00-a2d77f25-assumed-7b9a425c47be-1-20260223,2026-02-23T00:00:00+00:00,2026-02-23T10:00:00+00:00
2026-02-23T12:00:00+00:00,turbine-1,2026-02-25T06:00:00+00:00,42,0.476956,model-weather-experiment-640618020c918c13b93a05de,ecmwf00-a2d77f25-assumed-7b9a425c47be-1-20260223,2026-02-23T00:00:00+00:00,2026-02-23T10:00:00+00:00
2026-02-23T12:00:00+00:00,turbine-1,2026-02-25T07:00:00+00:00,43,0.345775,model-weather-experiment-640618020c918c13b93a05de,ecmwf00-a2d77f25-assumed-7b9a425c47be-1-20260223,2026-02-23T00:00:00+00:00,2026-02-23T10:00:00+00:00
2026-02-23T12:00:00+00:00,turbine-1,2026-02-25T08:00:00+00:00,44,0.343671,model-weather-experiment-640618020c918c13b93a05de,ecmwf00-a2d77f25-assumed-7b9a425c47be-1-20260223,2026-02-23T00:00:00+00:00,2026-02-23T10:00:00+00:00
2026-02-23T12:00:00+00:00,turbine-1,2026-02-25T09:00:00+00:00,45,0.290971,model-weather-experiment-640618020c918c13b93a05de,ecmwf00-a2d77f25-assumed-7b9a425c47be-1-20260223,2026-02-23T00:00:00+00:00,2026-02-23T10:00:00+00:00
2026-02-23T12:00:00+00:00,turbine-1,2026-02-25T10:00:00+00:00,46,0.271093,model-weather-experiment-640618020c918c13b93a05de,ecmwf00-a2d77f25-assumed-7b9a425c47be-1-20260223,2026-02-23T00:00:00+00:00,2026-02-23T10:00:00+00:00
2026-02-23T12:00:00+00:00,turbine-1,2026-02-25T11:00:00+00:00,47,0.279098,model-weather-experiment-640618020c918c13b93a05de,ecmwf00-a2d77f25-assumed-7b9a425c47be-1-20260223,2026-02-23T00:00:00+00:00,2026-02-23T10:00:00+00:00
2026-02-23T12:00:00+00:00,turbine-1,2026-02-25T12:00:00+00:00,48,0.302098,model-weather-experiment-640618020c918c13b93a05de,ecmwf00-a2d77f25-assumed-7b9a425c47be-1-20260223,2026-02-23T00:00:00+00:00,2026-02-23T10:00:00+00:00
2026-02-23T12:00:00+00:00,turbine-2,2026-02-23T13:00:00+00:00,1,0.79041,model-weather-experiment-640618020c918c13b93a05de,ecmwf00-a2d77f25-assumed-7b9a425c47be-2-20260223,2026-02-23T00:00:00+00:00,2026-02-23T10:00:00+00:00
2026-02-23T12:00:00+00:00,turbine-2,2026-02-23T14:00:00+00:00,2,0.884853,model-weather-experiment-640618020c918c13b93a05de,ecmwf00-a2d77f25-assumed-7b9a425c47be-2-20260223,2026-02-23T00:00:00+00:00,2026-02-23T10:00:00+00:00
2026-02-23T12:00:00+00:00,turbine-2,2026-02-23T15:00:00+00:00,3,0.882563,model-weather-experiment-640618020c918c13b93a05de,ecmwf00-a2d77f25-assumed-7b9a425c47be-2-20260223,2026-02-23T00:00:00+00:00,2026-02-23T10:00:00+00:00
2026-02-23T12:00:00+00:00,turbine-2,2026-02-23T16:00:00+00:00,4,0.898713,model-weather-experiment-640618020c918c13b93a05de,ecmwf00-a2d77f25-assumed-7b9a425c47be-2-20260223,2026-02-23T00:00:00+00:00,2026-02-23T10:00:00+00:00
2026-02-23T12:00:00+00:00,turbine-2,2026-02-23T17:00:00+00:00,5,0.931421,model-weather-experiment-640618020c918c13b93a05de,ecmwf00-a2d77f25-assumed-7b9a425c47be-2-20260223,2026-02-23T00:00:00+00:00,2026-02-23T10:00:00+00:00
2026-02-23T12:00:00+00:00,turbine-2,2026-02-23T18:00:00+00:00,6,0.939728,model-weather-experiment-640618020c918c13b93a05de,ecmwf00-a2d77f25-assumed-7b9a425c47be-2-20260223,2026-02-23T00:00:00+00:00,2026-02-23T10:00:00+00:00
2026-02-23T12:00:00+00:00,turbine-2,2026-02-23T19:00:00+00:00,7,0.922035,model-weather-experiment-640618020c918c13b93a05de,ecmwf00-a2d77f25-assumed-7b9a425c47be-2-20260223,2026-02-23T00:00:00+00:00,2026-02-23T10:00:00+00:00
2026-02-23T12:00:00+00:00,turbine-2,2026-02-23T20:00:00+00:00,8,0.862773,model-weather-experiment-640618020c918c13b93a05de,ecmwf00-a2d77f25-assumed-7b9a425c47be-2-20260223,2026-02-23T00:00:00+00:00,2026-02-23T10:00:00+00:00
2026-02-23T12:00:00+00:00,turbine-2,2026-02-23T21:00:00+00:00,9,0.569513,model-weather-experiment-640618020c918c13b93a05de,ecmwf00-a2d77f25-assumed-7b9a425c47be-2-20260223,2026-02-23T00:00:00+00:00,2026-02-23T10:00:00+00:00
2026-02-23T12:00:00+00:00,turbine-2,2026-02-23T22:00:00+00:00,10,0.680701,model-weather-experiment-640618020c918c13b93a05de,ecmwf00-a2d77f25-assumed-7b9a425c47be-2-20260223,2026-02-23T00:00:00+00:00,2026-02-23T10:00:00+00:00
2026-02-23T12:00:00+00:00,turbine-2,2026-02-23T23:00:00+00:00,11,0.570398,model-weather-experiment-640618020c918c13b93a05de,ecmwf00-a2d77f25-assumed-7b9a425c47be-2-20260223,2026-02-23T00:00:00+00:00,2026-02-23T10:00:00+00:00
2026-02-23T12:00:00+00:00,turbine-2,2026-02-24T00:00:00+00:00,12,0.500491,model-weather-experiment-640618020c918c13b93a05de,ecmwf00-a2d77f25-assumed-7b9a425c47be-2-20260223,2026-02-23T00:00:00+00:00,2026-02-23T10:00:00+00:00
2026-02-23T12:00:00+00:00,turbine-2,2026-02-24T01:00:00+00:00,13,0.534059,model-weather-experiment-640618020c918c13b93a05de,ecmwf00-a2d77f25-assumed-7b9a425c47be-2-20260223,2026-02-23T00:00:00+00:00,2026-02-23T10:00:00+00:00
2026-02-23T12:00:00+00:00,turbine-2,2026-02-24T02:00:00+00:00,14,0.477873,model-weather-experiment-640618020c918c13b93a05de,ecmwf00-a2d77f25-assumed-7b9a425c47be-2-20260223,2026-02-23T00:00:00+00:00,2026-02-23T10:00:00+00:00
2026-02-23T12:00:00+00:00,turbine-2,2026-02-24T03:00:00+00:00,15,0.425581,model-weather-experiment-640618020c918c13b93a05de,ecmwf00-a2d77f25-assumed-7b9a425c47be-2-20260223,2026-02-23T00:00:00+00:00,2026-02-23T10:00:00+00:00
2026-02-23T12:00:00+00:00,turbine-2,2026-02-24T04:00:00+00:00,16,0.427432,model-weather-experiment-640618020c918c13b93a05de,ecmwf00-a2d77f25-assumed-7b9a425c47be-2-20260223,2026-02-23T00:00:00+00:00,2026-02-23T10:00:00+00:00
2026-02-23T12:00:00+00:00,turbine-2,2026-02-24T05:00:00+00:00,17,0.447494,model-weather-experiment-640618020c918c13b93a05de,ecmwf00-a2d77f25-assumed-7b9a425c47be-2-20260223,2026-02-23T00:00:00+00:00,2026-02-23T10:00:00+00:00
2026-02-23T12:00:00+00:00,turbine-2,2026-02-24T06:00:00+00:00,18,0.455103,model-weather-experiment-640618020c918c13b93a05de,ecmwf00-a2d77f25-assumed-7b9a425c47be-2-20260223,2026-02-23T00:00:00+00:00,2026-02-23T10:00:00+00:00
2026-02-23T12:00:00+00:00,turbine-2,2026-02-24T07:00:00+00:00,19,0.435359,model-weather-experiment-640618020c918c13b93a05de,ecmwf00-a2d77f25-assumed-7b9a425c47be-2-20260223,2026-02-23T00:00:00+00:00,2026-02-23T10:00:00+00:00
2026-02-23T12:00:00+00:00,turbine-2,2026-02-24T08:00:00+00:00,20,0.424787,model-weather-experiment-640618020c918c13b93a05de,ecmwf00-a2d77f25-assumed-7b9a425c47be-2-20260223,2026-02-23T00:00:00+00:00,2026-02-23T10:00:00+00:00
2026-02-23T12:00:00+00:00,turbine-2,2026-02-24T09:00:00+00:00,21,0.335232,model-weather-experiment-640618020c918c13b93a05de,ecmwf00-a2d77f25-assumed-7b9a425c47be-2-20260223,2026-02-23T00:00:00+00:00,2026-02-23T10:00:00+00:00
2026-02-23T12:00:00+00:00,turbine-2,2026-02-24T10:00:00+00:00,22,0.272849,model-weather-experiment-640618020c918c13b93a05de,ecmwf00-a2d77f25-assumed-7b9a425c47be-2-20260223,2026-02-23T00:00:00+00:00,2026-02-23T10:00:00+00:00
2026-02-23T12:00:00+00:00,turbine-2,2026-02-24T11:00:00+00:00,23,0.189898,model-weather-experiment-640618020c918c13b93a05de,ecmwf00-a2d77f25-assumed-7b9a425c47be-2-20260223,2026-02-23T00:00:00+00:00,2026-02-23T10:00:00+00:00
2026-02-23T12:00:00+00:00,turbine-2,2026-02-24T12:00:00+00:00,24,0.118828,model-weather-experiment-640618020c918c13b93a05de,ecmwf00-a2d77f25-assumed-7b9a425c47be-2-20260223,2026-02-23T00:00:00+00:00,2026-02-23T10:00:00+00:00
2026-02-23T12:00:00+00:00,turbine-2,2026-02-24T13:00:00+00:00,25,0.121368,model-weather-experiment-640618020c918c13b93a05de,ecmwf00-a2d77f25-assumed-7b9a425c47be-2-20260223,2026-02-23T00:00:00+00:00,2026-02-23T10:00:00+00:00
2026-02-23T12:00:00+00:00,turbine-2,2026-02-24T14:00:00+00:00,26,0.102892,model-weather-experiment-640618020c918c13b93a05de,ecmwf00-a2d77f25-assumed-7b9a425c47be-2-20260223,2026-02-23T00:00:00+00:00,2026-02-23T10:00:00+00:00
2026-02-23T12:00:00+00:00,turbine-2,2026-02-24T15:00:00+00:00,27,0.067609,model-weather-experiment-640618020c918c13b93a05de,ecmwf00-a2d77f25-assumed-7b9a425c47be-2-20260223,2026-02-23T00:00:00+00:00,2026-02-23T10:00:00+00:00
2026-02-23T12:00:00+00:00,turbine-2,2026-02-24T16:00:00+00:00,28,0.054082,model-weather-experiment-640618020c918c13b93a05de,ecmwf00-a2d77f25-assumed-7b9a425c47be-2-20260223,2026-02-23T00:00:00+00:00,2026-02-23T10:00:00+00:00
2026-02-23T12:00:00+00:00,turbine-2,2026-02-24T17:00:00+00:00,29,0.057551,model-weather-experiment-640618020c918c13b93a05de,ecmwf00-a2d77f25-assumed-7b9a425c47be-2-20260223,2026-02-23T00:00:00+00:00,2026-02-23T10:00:00+00:00
2026-02-23T12:00:00+00:00,turbine-2,2026-02-24T18:00:00+00:00,30,0.069887,model-weather-experiment-640618020c918c13b93a05de,ecmwf00-a2d77f25-assumed-7b9a425c47be-2-20260223,2026-02-23T00:00:00+00:00,2026-02-23T10:00:00+00:00
2026-02-23T12:00:00+00:00,turbine-2,2026-02-24T19:00:00+00:00,31,0.077943,model-weather-experiment-640618020c918c13b93a05de,ecmwf00-a2d77f25-assumed-7b9a425c47be-2-20260223,2026-02-23T00:00:00+00:00,2026-02-23T10:00:00+00:00
2026-02-23T12:00:00+00:00,turbine-2,2026-02-24T20:00:00+00:00,32,0.125382,model-weather-experiment-640618020c918c13b93a05de,ecmwf00-a2d77f25-assumed-7b9a425c47be-2-20260223,2026-02-23T00:00:00+00:00,2026-02-23T10:00:00+00:00
2026-02-23T12:00:00+00:00,turbine-2,2026-02-24T21:00:00+00:00,33,0.180802,model-weather-experiment-640618020c918c13b93a05de,ecmwf00-a2d77f25-assumed-7b9a425c47be-2-20260223,2026-02-23T00:00:00+00:00,2026-02-23T10:00:00+00:00
2026-02-23T12:00:00+00:00,turbine-2,2026-02-24T22:00:00+00:00,34,0.183832,model-weather-experiment-640618020c918c13b93a05de,ecmwf00-a2d77f25-assumed-7b9a425c47be-2-20260223,2026-02-23T00:00:00+00:00,2026-02-23T10:00:00+00:00
2026-02-23T12:00:00+00:00,turbine-2,2026-02-24T23:00:00+00:00,35,0.231765,model-weather-experiment-640618020c918c13b93a05de,ecmwf00-a2d77f25-assumed-7b9a425c47be-2-20260223,2026-02-23T00:00:00+00:00,2026-02-23T10:00:00+00:00
2026-02-23T12:00:00+00:00,turbine-2,2026-02-25T00:00:00+00:00,36,0.322216,model-weather-experiment-640618020c918c13b93a05de,ecmwf00-a2d77f25-assumed-7b9a425c47be-2-20260223,2026-02-23T00:00:00+00:00,2026-02-23T10:00:00+00:00
2026-02-23T12:00:00+00:00,turbine-2,2026-02-25T01:00:00+00:00,37,0.376206,model-weather-experiment-640618020c918c13b93a05de,ecmwf00-a2d77f25-assumed-7b9a425c47be-2-20260223,2026-02-23T00:00:00+00:00,2026-02-23T10:00:00+00:00
2026-02-23T12:00:00+00:00,turbine-2,2026-02-25T02:00:00+00:00,38,0.451485,model-weather-experiment-640618020c918c13b93a05de,ecmwf00-a2d77f25-assumed-7b9a425c47be-2-20260223,2026-02-23T00:00:00+00:00,2026-02-23T10:00:00+00:00
2026-02-23T12:00:00+00:00,turbine-2,2026-02-25T03:00:00+00:00,39,0.476079,model-weather-experiment-640618020c918c13b93a05de,ecmwf00-a2d77f25-assumed-7b9a425c47be-2-20260223,2026-02-23T00:00:00+00:00,2026-02-23T10:00:00+00:00
2026-02-23T12:00:00+00:00,turbine-2,2026-02-25T04:00:00+00:00,40,0.487548,model-weather-experiment-640618020c918c13b93a05de,ecmwf00-a2d77f25-assumed-7b9a425c47be-2-20260223,2026-02-23T00:00:00+00:00,2026-02-23T10:00:00+00:00
2026-02-23T12:00:00+00:00,turbine-2,2026-02-25T05:00:00+00:00,41,0.575825,model-weather-experiment-640618020c918c13b93a05de,ecmwf00-a2d77f25-assumed-7b9a425c47be-2-20260223,2026-02-23T00:00:00+00:00,2026-02-23T10:00:00+00:00
2026-02-23T12:00:00+00:00,turbine-2,2026-02-25T06:00:00+00:00,42,0.432969,model-weather-experiment-640618020c918c13b93a05de,ecmwf00-a2d77f25-assumed-7b9a425c47be-2-20260223,2026-02-23T00:00:00+00:00,2026-02-23T10:00:00+00:00
2026-02-23T12:00:00+00:00,turbine-2,2026-02-25T07:00:00+00:00,43,0.3314,model-weather-experiment-640618020c918c13b93a05de,ecmwf00-a2d77f25-assumed-7b9a425c47be-2-20260223,2026-02-23T00:00:00+00:00,2026-02-23T10:00:00+00:00
2026-02-23T12:00:00+00:00,turbine-2,2026-02-25T08:00:00+00:00,44,0.312272,model-weather-experiment-640618020c918c13b93a05de,ecmwf00-a2d77f25-assumed-7b9a425c47be-2-20260223,2026-02-23T00:00:00+00:00,2026-02-23T10:00:00+00:00
2026-02-23T12:00:00+00:00,turbine-2,2026-02-25T09:00:00+00:00,45,0.27116,model-weather-experiment-640618020c918c13b93a05de,ecmwf00-a2d77f25-assumed-7b9a425c47be-2-20260223,2026-02-23T00:00:00+00:00,2026-02-23T10:00:00+00:00
2026-02-23T12:00:00+00:00,turbine-2,2026-02-25T10:00:00+00:00,46,0.261096,model-weather-experiment-640618020c918c13b93a05de,ecmwf00-a2d77f25-assumed-7b9a425c47be-2-20260223,2026-02-23T00:00:00+00:00,2026-02-23T10:00:00+00:00
2026-02-23T12:00:00+00:00,turbine-2,2026-02-25T11:00:00+00:00,47,0.271353,model-weather-experiment-640618020c918c13b93a05de,ecmwf00-a2d77f25-assumed-7b9a425c47be-2-20260223,2026-02-23T00:00:00+00:00,2026-02-23T10:00:00+00:00
2026-02-23T12:00:00+00:00,turbine-2,2026-02-25T12:00:00+00:00,48,0.294209,model-weather-experiment-640618020c918c13b93a05de,ecmwf00-a2d77f25-assumed-7b9a425c47be-2-20260223,2026-02-23T00:00:00+00:00,2026-02-23T10:00:00+00:00
2026-02-24T12:00:00+00:00,turbine-1,2026-02-24T13:00:00+00:00,1,0.039506,model-weather-experiment-640618020c918c13b93a05de,ecmwf00-a2d77f25-assumed-7b9a425c47be-1-20260224,2026-02-24T00:00:00+00:00,2026-02-24T10:00:00+00:00
2026-02-24T12:00:00+00:00,turbine-1,2026-02-24T14:00:00+00:00,2,0.022069,model-weather-experiment-640618020c918c13b93a05de,ecmwf00-a2d77f25-assumed-7b9a425c47be-1-20260224,2026-02-24T00:00:00+00:00,2026-02-24T10:00:00+00:00
2026-02-24T12:00:00+00:00,turbine-1,2026-02-24T15:00:00+00:00,3,0.035298,model-weather-experiment-640618020c918c13b93a05de,ecmwf00-a2d77f25-assumed-7b9a425c47be-1-20260224,2026-02-24T00:00:00+00:00,2026-02-24T10:00:00+00:00
2026-02-24T12:00:00+00:00,turbine-1,2026-02-24T16:00:00+00:00,4,0.055776,model-weather-experiment-640618020c918c13b93a05de,ecmwf00-a2d77f25-assumed-7b9a425c47be-1-20260224,2026-02-24T00:00:00+00:00,2026-02-24T10:00:00+00:00
2026-02-24T12:00:00+00:00,turbine-1,2026-02-24T17:00:00+00:00,5,0.04234,model-weather-experiment-640618020c918c13b93a05de,ecmwf00-a2d77f25-assumed-7b9a425c47be-1-20260224,2026-02-24T00:00:00+00:00,2026-02-24T10:00:00+00:00
2026-02-24T12:00:00+00:00,turbine-1,2026-02-24T18:00:00+00:00,6,0.048131,model-weather-experiment-640618020c918c13b93a05de,ecmwf00-a2d77f25-assumed-7b9a425c47be-1-20260224,2026-02-24T00:00:00+00:00,2026-02-24T10:00:00+00:00
2026-02-24T12:00:00+00:00,turbine-1,2026-02-24T19:00:00+00:00,7,0.083104,model-weather-experiment-640618020c918c13b93a05de,ecmwf00-a2d77f25-assumed-7b9a425c47be-1-20260224,2026-02-24T00:00:00+00:00,2026-02-24T10:00:00+00:00
2026-02-24T12:00:00+00:00,turbine-1,2026-02-24T20:00:00+00:00,8,0.089133,model-weather-experiment-640618020c918c13b93a05de,ecmwf00-a2d77f25-assumed-7b9a425c47be-1-20260224,2026-02-24T00:00:00+00:00,2026-02-24T10:00:00+00:00
2026-02-24T12:00:00+00:00,turbine-1,2026-02-24T21:00:00+00:00,9,0.098285,model-weather-experiment-640618020c918c13b93a05de,ecmwf00-a2d77f25-assumed-7b9a425c47be-1-20260224,2026-02-24T00:00:00+00:00,2026-02-24T10:00:00+00:00
2026-02-24T12:00:00+00:00,turbine-1,2026-02-24T22:00:00+00:00,10,0.141671,model-weather-experiment-640618020c918c13b93a05de,ecmwf00-a2d77f25-assumed-7b9a425c47be-1-20260224,2026-02-24T00:00:00+00:00,2026-02-24T10:00:00+00:00
2026-02-24T12:00:00+00:00,turbine-1,2026-02-24T23:00:00+00:00,11,0.128866,model-weather-experiment-640618020c918c13b93a05de,ecmwf00-a2d77f25-assumed-7b9a425c47be-1-20260224,2026-02-24T00:00:00+00:00,2026-02-24T10:00:00+00:00
2026-02-24T12:00:00+00:00,turbine-1,2026-02-25T00:00:00+00:00,12,0.129729,model-weather-experiment-640618020c918c13b93a05de,ecmwf00-a2d77f25-assumed-7b9a425c47be-1-20260224,2026-02-24T00:00:00+00:00,2026-02-24T10:00:00+00:00
2026-02-24T12:00:00+00:00,turbine-1,2026-02-25T01:00:00+00:00,13,0.120572,model-weather-experiment-640618020c918c13b93a05de,ecmwf00-a2d77f25-assumed-7b9a425c47be-1-20260224,2026-02-24T00:00:00+00:00,2026-02-24T10:00:00+00:00
2026-02-24T12:00:00+00:00,turbine-1,2026-02-25T02:00:00+00:00,14,0.105189,model-weather-experiment-640618020c918c13b93a05de,ecmwf00-a2d77f25-assumed-7b9a425c47be-1-20260224,2026-02-24T00:00:00+00:00,2026-02-24T10:00:00+00:00
2026-02-24T12:00:00+00:00,turbine-1,2026-02-25T03:00:00+00:00,15,0.106777,model-weather-experiment-640618020c918c13b93a05de,ecmwf00-a2d77f25-assumed-7b9a425c47be-1-20260224,2026-02-24T00:00:00+00:00,2026-02-24T10:00:00+00:00
2026-02-24T12:00:00+00:00,turbine-1,2026-02-25T04:00:00+00:00,16,0.086176,model-weather-experiment-640618020c918c13b93a05de,ecmwf00-a2d77f25-assumed-7b9a425c47be-1-20260224,2026-02-24T00:00:00+00:00,2026-02-24T10:00:00+00:00
2026-02-24T12:00:00+00:00,turbine-1,2026-02-25T05:00:00+00:00,17,0.086346,model-weather-experiment-640618020c918c13b93a05de,ecmwf00-a2d77f25-assumed-7b9a425c47be-1-20260224,2026-02-24T00:00:00+00:00,2026-02-24T10:00:00+00:00
2026-02-24T12:00:00+00:00,turbine-1,2026-02-25T06:00:00+00:00,18,0.052979,model-weather-experiment-640618020c918c13b93a05de,ecmwf00-a2d77f25-assumed-7b9a425c47be-1-20260224,2026-02-24T00:00:00+00:00,2026-02-24T10:00:00+00:00
2026-02-24T12:00:00+00:00,turbine-1,2026-02-25T07:00:00+00:00,19,0.070704,model-weather-experiment-640618020c918c13b93a05de,ecmwf00-a2d77f25-assumed-7b9a425c47be-1-20260224,2026-02-24T00:00:00+00:00,2026-02-24T10:00:00+00:00
2026-02-24T12:00:00+00:00,turbine-1,2026-02-25T08:00:00+00:00,20,0.097383,model-weather-experiment-640618020c918c13b93a05de,ecmwf00-a2d77f25-assumed-7b9a425c47be-1-20260224,2026-02-24T00:00:00+00:00,2026-02-24T10:00:00+00:00
2026-02-24T12:00:00+00:00,turbine-1,2026-02-25T09:00:00+00:00,21,0.080918,model-weather-experiment-640618020c918c13b93a05de,ecmwf00-a2d77f25-assumed-7b9a425c47be-1-20260224,2026-02-24T00:00:00+00:00,2026-02-24T10:00:00+00:00
2026-02-24T12:00:00+00:00,turbine-1,2026-02-25T10:00:00+00:00,22,0.075388,model-weather-experiment-640618020c918c13b93a05de,ecmwf00-a2d77f25-assumed-7b9a425c47be-1-20260224,2026-02-24T00:00:00+00:00,2026-02-24T10:00:00+00:00
2026-02-24T12:00:00+00:00,turbine-1,2026-02-25T11:00:00+00:00,23,0.076673,model-weather-experiment-640618020c918c13b93a05de,ecmwf00-a2d77f25-assumed-7b9a425c47be-1-20260224,2026-02-24T00:00:00+00:00,2026-02-24T10:00:00+00:00
2026-02-24T12:00:00+00:00,turbine-1,2026-02-25T12:00:00+00:00,24,0.07772,model-weather-experiment-640618020c918c13b93a05de,ecmwf00-a2d77f25-assumed-7b9a425c47be-1-20260224,2026-02-24T00:00:00+00:00,2026-02-24T10:00:00+00:00
2026-02-24T12:00:00+00:00,turbine-1,2026-02-25T13:00:00+00:00,25,0.141204,model-weather-experiment-640618020c918c13b93a05de,ecmwf00-a2d77f25-assumed-7b9a425c47be-1-20260224,2026-02-24T00:00:00+00:00,2026-02-24T10:00:00+00:00
2026-02-24T12:00:00+00:00,turbine-1,2026-02-25T14:00:00+00:00,26,0.122741,model-weather-experiment-640618020c918c13b93a05de,ecmwf00-a2d77f25-assumed-7b9a425c47be-1-20260224,2026-02-24T00:00:00+00:00,2026-02-24T10:00:00+00:00
2026-02-24T12:00:00+00:00,turbine-1,2026-02-25T15:00:00+00:00,27,0.108789,model-weather-experiment-640618020c918c13b93a05de,ecmwf00-a2d77f25-assumed-7b9a425c47be-1-20260224,2026-02-24T00:00:00+00:00,2026-02-24T10:00:00+00:00
2026-02-24T12:00:00+00:00,turbine-1,2026-02-25T16:00:00+00:00,28,0.174235,model-weather-experiment-640618020c918c13b93a05de,ecmwf00-a2d77f25-assumed-7b9a425c47be-1-20260224,2026-02-24T00:00:00+00:00,2026-02-24T10:00:00+00:00
2026-02-24T12:00:00+00:00,turbine-1,2026-02-25T17:00:00+00:00,29,0.326578,model-weather-experiment-640618020c918c13b93a05de,ecmwf00-a2d77f25-assumed-7b9a425c47be-1-20260224,2026-02-24T00:00:00+00:00,2026-02-24T10:00:00+00:00
2026-02-24T12:00:00+00:00,turbine-1,2026-02-25T18:00:00+00:00,30,0.56187,model-weather-experiment-640618020c918c13b93a05de,ecmwf00-a2d77f25-assumed-7b9a425c47be-1-20260224,2026-02-24T00:00:00+00:00,2026-02-24T10:00:00+00:00
2026-02-24T12:00:00+00:00,turbine-1,2026-02-25T19:00:00+00:00,31,0.677712,model-weather-experiment-640618020c918c13b93a05de,ecmwf00-a2d77f25-assumed-7b9a425c47be-1-20260224,2026-02-24T00:00:00+00:00,2026-02-24T10:00:00+00:00
2026-02-24T12:00:00+00:00,turbine-1,2026-02-25T20:00:00+00:00,32,0.733466,model-weather-experiment-640618020c918c13b93a05de,ecmwf00-a2d77f25-assumed-7b9a425c47be-1-20260224,2026-02-24T00:00:00+00:00,2026-02-24T10:00:00+00:00
2026-02-24T12:00:00+00:00,turbine-1,2026-02-25T21:00:00+00:00,33,0.623933,model-weather-experiment-640618020c918c13b93a05de,ecmwf00-a2d77f25-assumed-7b9a425c47be-1-20260224,2026-02-24T00:00:00+00:00,2026-02-24T10:00:00+00:00
2026-02-24T12:00:00+00:00,turbine-1,2026-02-25T22:00:00+00:00,34,0.714019,model-weather-experiment-640618020c918c13b93a05de,ecmwf00-a2d77f25-assumed-7b9a425c47be-1-20260224,2026-02-24T00:00:00+00:00,2026-02-24T10:00:00+00:00
2026-02-24T12:00:00+00:00,turbine-1,2026-02-25T23:00:00+00:00,35,0.743401,model-weather-experiment-640618020c918c13b93a05de,ecmwf00-a2d77f25-assumed-7b9a425c47be-1-20260224,2026-02-24T00:00:00+00:00,2026-02-24T10:00:00+00:00
2026-02-24T12:00:00+00:00,turbine-1,2026-02-26T00:00:00+00:00,36,0.452213,model-weather-experiment-640618020c918c13b93a05de,ecmwf00-a2d77f25-assumed-7b9a425c47be-1-20260224,2026-02-24T00:00:00+00:00,2026-02-24T10:00:00+00:00
2026-02-24T12:00:00+00:00,turbine-1,2026-02-26T01:00:00+00:00,37,0.626224,model-weather-experiment-640618020c918c13b93a05de,ecmwf00-a2d77f25-assumed-7b9a425c47be-1-20260224,2026-02-24T00:00:00+00:00,2026-02-24T10:00:00+00:00
2026-02-24T12:00:00+00:00,turbine-1,2026-02-26T02:00:00+00:00,38,0.617316,model-weather-experiment-640618020c918c13b93a05de,ecmwf00-a2d77f25-assumed-7b9a425c47be-1-20260224,2026-02-24T00:00:00+00:00,2026-02-24T10:00:00+00:00
2026-02-24T12:00:00+00:00,turbine-1,2026-02-26T03:00:00+00:00,39,0.578515,model-weather-experiment-640618020c918c13b93a05de,ecmwf00-a2d77f25-assumed-7b9a425c47be-1-20260224,2026-02-24T00:00:00+00:00,2026-02-24T10:00:00+00:00
2026-02-24T12:00:00+00:00,turbine-1,2026-02-26T04:00:00+00:00,40,0.07267,model-weather-experiment-640618020c918c13b93a05de,ecmwf00-a2d77f25-assumed-7b9a425c47be-1-20260224,2026-02-24T00:00:00+00:00,2026-02-24T10:00:00+00:00
2026-02-24T12:00:00+00:00,turbine-1,2026-02-26T05:00:00+00:00,41,0.679394,model-weather-experiment-640618020c918c13b93a05de,ecmwf00-a2d77f25-assumed-7b9a425c47be-1-20260224,2026-02-24T00:00:00+00:00,2026-02-24T10:00:00+00:00
2026-02-24T12:00:00+00:00,turbine-1,2026-02-26T06:00:00+00:00,42,0.311095,model-weather-experiment-640618020c918c13b93a05de,ecmwf00-a2d77f25-assumed-7b9a425c47be-1-20260224,2026-02-24T00:00:00+00:00,2026-02-24T10:00:00+00:00
2026-02-24T12:00:00+00:00,turbine-1,2026-02-26T07:00:00+00:00,43,0.19069,model-weather-experiment-640618020c918c13b93a05de,ecmwf00-a2d77f25-assumed-7b9a425c47be-1-20260224,2026-02-24T00:00:00+00:00,2026-02-24T10:00:00+00:00
2026-02-24T12:00:00+00:00,turbine-1,2026-02-26T08:00:00+00:00,44,0.171342,model-weather-experiment-640618020c918c13b93a05de,ecmwf00-a2d77f25-assumed-7b9a425c47be-1-20260224,2026-02-24T00:00:00+00:00,2026-02-24T10:00:00+00:00
2026-02-24T12:00:00+00:00,turbine-1,2026-02-26T09:00:00+00:00,45,0.196418,model-weather-experiment-640618020c918c13b93a05de,ecmwf00-a2d77f25-assumed-7b9a425c47be-1-20260224,2026-02-24T00:00:00+00:00,2026-02-24T10:00:00+00:00
2026-02-24T12:00:00+00:00,turbine-1,2026-02-26T10:00:00+00:00,46,0.441552,model-weather-experiment-640618020c918c13b93a05de,ecmwf00-a2d77f25-assumed-7b9a425c47be-1-20260224,2026-02-24T00:00:00+00:00,2026-02-24T10:00:00+00:00
2026-02-24T12:00:00+00:00,turbine-1,2026-02-26T11:00:00+00:00,47,0.439911,model-weather-experiment-640618020c918c13b93a05de,ecmwf00-a2d77f25-assumed-7b9a425c47be-1-20260224,2026-02-24T00:00:00+00:00,2026-02-24T10:00:00+00:00
2026-02-24T12:00:00+00:00,turbine-1,2026-02-26T12:00:00+00:00,48,0.431504,model-weather-experiment-640618020c918c13b93a05de,ecmwf00-a2d77f25-assumed-7b9a425c47be-1-20260224,2026-02-24T00:00:00+00:00,2026-02-24T10:00:00+00:00
2026-02-24T12:00:00+00:00,turbine-2,2026-02-24T13:00:00+00:00,1,0.033589,model-weather-experiment-640618020c918c13b93a05de,ecmwf00-a2d77f25-assumed-7b9a425c47be-2-20260224,2026-02-24T00:00:00+00:00,2026-02-24T10:00:00+00:00
2026-02-24T12:00:00+00:00,turbine-2,2026-02-24T14:00:00+00:00,2,0.031597,model-weather-experiment-640618020c918c13b93a05de,ecmwf00-a2d77f25-assumed-7b9a425c47be-2-20260224,2026-02-24T00:00:00+00:00,2026-02-24T10:00:00+00:00
2026-02-24T12:00:00+00:00,turbine-2,2026-02-24T15:00:00+00:00,3,0.035686,model-weather-experiment-640618020c918c13b93a05de,ecmwf00-a2d77f25-assumed-7b9a425c47be-2-20260224,2026-02-24T00:00:00+00:00,2026-02-24T10:00:00+00:00
2026-02-24T12:00:00+00:00,turbine-2,2026-02-24T16:00:00+00:00,4,0.038945,model-weather-experiment-640618020c918c13b93a05de,ecmwf00-a2d77f25-assumed-7b9a425c47be-2-20260224,2026-02-24T00:00:00+00:00,2026-02-24T10:00:00+00:00
2026-02-24T12:00:00+00:00,turbine-2,2026-02-24T17:00:00+00:00,5,0.078861,model-weather-experiment-640618020c918c13b93a05de,ecmwf00-a2d77f25-assumed-7b9a425c47be-2-20260224,2026-02-24T00:00:00+00:00,2026-02-24T10:00:00+00:00
2026-02-24T12:00:00+00:00,turbine-2,2026-02-24T18:00:00+00:00,6,0.073213,model-weather-experiment-640618020c918c13b93a05de,ecmwf00-a2d77f25-assumed-7b9a425c47be-2-20260224,2026-02-24T00:00:00+00:00,2026-02-24T10:00:00+00:00
2026-02-24T12:00:00+00:00,turbine-2,2026-02-24T19:00:00+00:00,7,0.091595,model-weather-experiment-640618020c918c13b93a05de,ecmwf00-a2d77f25-assumed-7b9a425c47be-2-20260224,2026-02-24T00:00:00+00:00,2026-02-24T10:00:00+00:00
2026-02-24T12:00:00+00:00,turbine-2,2026-02-24T20:00:00+00:00,8,0.077463,model-weather-experiment-640618020c918c13b93a05de,ecmwf00-a2d77f25-assumed-7b9a425c47be-2-20260224,2026-02-24T00:00:00+00:00,2026-02-24T10:00:00+00:00
2026-02-24T12:00:00+00:00,turbine-2,2026-02-24T21:00:00+00:00,9,0.078424,model-weather-experiment-640618020c918c13b93a05de,ecmwf00-a2d77f25-assumed-7b9a425c47be-2-20260224,2026-02-24T00:00:00+00:00,2026-02-24T10:00:00+00:00
2026-02-24T12:00:00+00:00,turbine-2,2026-02-24T22:00:00+00:00,10,0.128823,model-weather-experiment-640618020c918c13b93a05de,ecmwf00-a2d77f25-assumed-7b9a425c47be-2-20260224,2026-02-24T00:00:00+00:00,2026-02-24T10:00:00+00:00
2026-02-24T12:00:00+00:00,turbine-2,2026-02-24T23:00:00+00:00,11,0.099009,model-weather-experiment-640618020c918c13b93a05de,ecmwf00-a2d77f25-assumed-7b9a425c47be-2-20260224,2026-02-24T00:00:00+00:00,2026-02-24T10:00:00+00:00
2026-02-24T12:00:00+00:00,turbine-2,2026-02-25T00:00:00+00:00,12,0.10108,model-weather-experiment-640618020c918c13b93a05de,ecmwf00-a2d77f25-assumed-7b9a425c47be-2-20260224,2026-02-24T00:00:00+00:00,2026-02-24T10:00:00+00:00
2026-02-24T12:00:00+00:00,turbine-2,2026-02-25T01:00:00+00:00,13,0.104706,model-weather-experiment-640618020c918c13b93a05de,ecmwf00-a2d77f25-assumed-7b9a425c47be-2-20260224,2026-02-24T00:00:00+00:00,2026-02-24T10:00:00+00:00
2026-02-24T12:00:00+00:00,turbine-2,2026-02-25T02:00:00+00:00,14,0.131983,model-weather-experiment-640618020c918c13b93a05de,ecmwf00-a2d77f25-assumed-7b9a425c47be-2-20260224,2026-02-24T00:00:00+00:00,2026-02-24T10:00:00+00:00
2026-02-24T12:00:00+00:00,turbine-2,2026-02-25T03:00:00+00:00,15,0.13727,model-weather-experiment-640618020c918c13b93a05de,ecmwf00-a2d77f25-assumed-7b9a425c47be-2-20260224,2026-02-24T00:00:00+00:00,2026-02-24T10:00:00+00:00
2026-02-24T12:00:00+00:00,turbine-2,2026-02-25T04:00:00+00:00,16,0.09793,model-weather-experiment-640618020c918c13b93a05de,ecmwf00-a2d77f25-assumed-7b9a425c47be-2-20260224,2026-02-24T00:00:00+00:00,2026-02-24T10:00:00+00:00
2026-02-24T12:00:00+00:00,turbine-2,2026-02-25T05:00:00+00:00,17,0.084134,model-weather-experiment-640618020c918c13b93a05de,ecmwf00-a2d77f25-assumed-7b9a425c47be-2-20260224,2026-02-24T00:00:00+00:00,2026-02-24T10:00:00+00:00
2026-02-24T12:00:00+00:00,turbine-2,2026-02-25T06:00:00+00:00,18,0.078242,model-weather-experiment-640618020c918c13b93a05de,ecmwf00-a2d77f25-assumed-7b9a425c47be-2-20260224,2026-02-24T00:00:00+00:00,2026-02-24T10:00:00+00:00
2026-02-24T12:00:00+00:00,turbine-2,2026-02-25T07:00:00+00:00,19,0.088789,model-weather-experiment-640618020c918c13b93a05de,ecmwf00-a2d77f25-assumed-7b9a425c47be-2-20260224,2026-02-24T00:00:00+00:00,2026-02-24T10:00:00+00:00
2026-02-24T12:00:00+00:00,turbine-2,2026-02-25T08:00:00+00:00,20,0.097429,model-weather-experiment-640618020c918c13b93a05de,ecmwf00-a2d77f25-assumed-7b9a425c47be-2-20260224,2026-02-24T00:00:00+00:00,2026-02-24T10:00:00+00:00
2026-02-24T12:00:00+00:00,turbine-2,2026-02-25T09:00:00+00:00,21,0.098562,model-weather-experiment-640618020c918c13b93a05de,ecmwf00-a2d77f25-assumed-7b9a425c47be-2-20260224,2026-02-24T00:00:00+00:00,2026-02-24T10:00:00+00:00
2026-02-24T12:00:00+00:00,turbine-2,2026-02-25T10:00:00+00:00,22,0.092609,model-weather-experiment-640618020c918c13b93a05de,ecmwf00-a2d77f25-assumed-7b9a425c47be-2-20260224,2026-02-24T00:00:00+00:00,2026-02-24T10:00:00+00:00
2026-02-24T12:00:00+00:00,turbine-2,2026-02-25T11:00:00+00:00,23,0.089277,model-weather-experiment-640618020c918c13b93a05de,ecmwf00-a2d77f25-assumed-7b9a425c47be-2-20260224,2026-02-24T00:00:00+00:00,2026-02-24T10:00:00+00:00
2026-02-24T12:00:00+00:00,turbine-2,2026-02-25T12:00:00+00:00,24,0.09389,model-weather-experiment-640618020c918c13b93a05de,ecmwf00-a2d77f25-assumed-7b9a425c47be-2-20260224,2026-02-24T00:00:00+00:00,2026-02-24T10:00:00+00:00
2026-02-24T12:00:00+00:00,turbine-2,2026-02-25T13:00:00+00:00,25,0.118001,model-weather-experiment-640618020c918c13b93a05de,ecmwf00-a2d77f25-assumed-7b9a425c47be-2-20260224,2026-02-24T00:00:00+00:00,2026-02-24T10:00:00+00:00
2026-02-24T12:00:00+00:00,turbine-2,2026-02-25T14:00:00+00:00,26,0.112211,model-weather-experiment-640618020c918c13b93a05de,ecmwf00-a2d77f25-assumed-7b9a425c47be-2-20260224,2026-02-24T00:00:00+00:00,2026-02-24T10:00:00+00:00
2026-02-24T12:00:00+00:00,turbine-2,2026-02-25T15:00:00+00:00,27,0.118834,model-weather-experiment-640618020c918c13b93a05de,ecmwf00-a2d77f25-assumed-7b9a425c47be-2-20260224,2026-02-24T00:00:00+00:00,2026-02-24T10:00:00+00:00
2026-02-24T12:00:00+00:00,turbine-2,2026-02-25T16:00:00+00:00,28,0.160646,model-weather-experiment-640618020c918c13b93a05de,ecmwf00-a2d77f25-assumed-7b9a425c47be-2-20260224,2026-02-24T00:00:00+00:00,2026-02-24T10:00:00+00:00
2026-02-24T12:00:00+00:00,turbine-2,2026-02-25T17:00:00+00:00,29,0.283393,model-weather-experiment-640618020c918c13b93a05de,ecmwf00-a2d77f25-assumed-7b9a425c47be-2-20260224,2026-02-24T00:00:00+00:00,2026-02-24T10:00:00+00:00
2026-02-24T12:00:00+00:00,turbine-2,2026-02-25T18:00:00+00:00,30,0.498982,model-weather-experiment-640618020c918c13b93a05de,ecmwf00-a2d77f25-assumed-7b9a425c47be-2-20260224,2026-02-24T00:00:00+00:00,2026-02-24T10:00:00+00:00
2026-02-24T12:00:00+00:00,turbine-2,2026-02-25T19:00:00+00:00,31,0.640804,model-weather-experiment-640618020c918c13b93a05de,ecmwf00-a2d77f25-assumed-7b9a425c47be-2-20260224,2026-02-24T00:00:00+00:00,2026-02-24T10:00:00+00:00
2026-02-24T12:00:00+00:00,turbine-2,2026-02-25T20:00:00+00:00,32,0.687116,model-weather-experiment-640618020c918c13b93a05de,ecmwf00-a2d77f25-assumed-7b9a425c47be-2-20260224,2026-02-24T00:00:00+00:00,2026-02-24T10:00:00+00:00
2026-02-24T12:00:00+00:00,turbine-2,2026-02-25T21:00:00+00:00,33,0.524414,model-weather-experiment-640618020c918c13b93a05de,ecmwf00-a2d77f25-assumed-7b9a425c47be-2-20260224,2026-02-24T00:00:00+00:00,2026-02-24T10:00:00+00:00
2026-02-24T12:00:00+00:00,turbine-2,2026-02-25T22:00:00+00:00,34,0.654508,model-weather-experiment-640618020c918c13b93a05de,ecmwf00-a2d77f25-assumed-7b9a425c47be-2-20260224,2026-02-24T00:00:00+00:00,2026-02-24T10:00:00+00:00
2026-02-24T12:00:00+00:00,turbine-2,2026-02-25T23:00:00+00:00,35,0.664705,model-weather-experiment-640618020c918c13b93a05de,ecmwf00-a2d77f25-assumed-7b9a425c47be-2-20260224,2026-02-24T00:00:00+00:00,2026-02-24T10:00:00+00:00
2026-02-24T12:00:00+00:00,turbine-2,2026-02-26T00:00:00+00:00,36,0.366782,model-weather-experiment-640618020c918c13b93a05de,ecmwf00-a2d77f25-assumed-7b9a425c47be-2-20260224,2026-02-24T00:00:00+00:00,2026-02-24T10:00:00+00:00
2026-02-24T12:00:00+00:00,turbine-2,2026-02-26T01:00:00+00:00,37,0.567046,model-weather-experiment-640618020c918c13b93a05de,ecmwf00-a2d77f25-assumed-7b9a425c47be-2-20260224,2026-02-24T00:00:00+00:00,2026-02-24T10:00:00+00:00
2026-02-24T12:00:00+00:00,turbine-2,2026-02-26T02:00:00+00:00,38,0.601645,model-weather-experiment-640618020c918c13b93a05de,ecmwf00-a2d77f25-assumed-7b9a425c47be-2-20260224,2026-02-24T00:00:00+00:00,2026-02-24T10:00:00+00:00
2026-02-24T12:00:00+00:00,turbine-2,2026-02-26T03:00:00+00:00,39,0.508352,model-weather-experiment-640618020c918c13b93a05de,ecmwf00-a2d77f25-assumed-7b9a425c47be-2-20260224,2026-02-24T00:00:00+00:00,2026-02-24T10:00:00+00:00
2026-02-24T12:00:00+00:00,turbine-2,2026-02-26T04:00:00+00:00,40,0.061093,model-weather-experiment-640618020c918c13b93a05de,ecmwf00-a2d77f25-assumed-7b9a425c47be-2-20260224,2026-02-24T00:00:00+00:00,2026-02-24T10:00:00+00:00
2026-02-24T12:00:00+00:00,turbine-2,2026-02-26T05:00:00+00:00,41,0.695343,model-weather-experiment-640618020c918c13b93a05de,ecmwf00-a2d77f25-assumed-7b9a425c47be-2-20260224,2026-02-24T00:00:00+00:00,2026-02-24T10:00:00+00:00
2026-02-24T12:00:00+00:00,turbine-2,2026-02-26T06:00:00+00:00,42,0.239576,model-weather-experiment-640618020c918c13b93a05de,ecmwf00-a2d77f25-assumed-7b9a425c47be-2-20260224,2026-02-24T00:00:00+00:00,2026-02-24T10:00:00+00:00
2026-02-24T12:00:00+00:00,turbine-2,2026-02-26T07:00:00+00:00,43,0.134385,model-weather-experiment-640618020c918c13b93a05de,ecmwf00-a2d77f25-assumed-7b9a425c47be-2-20260224,2026-02-24T00:00:00+00:00,2026-02-24T10:00:00+00:00
2026-02-24T12:00:00+00:00,turbine-2,2026-02-26T08:00:00+00:00,44,0.133477,model-weather-experiment-640618020c918c13b93a05de,ecmwf00-a2d77f25-assumed-7b9a425c47be-2-20260224,2026-02-24T00:00:00+00:00,2026-02-24T10:00:00+00:00
2026-02-24T12:00:00+00:00,turbine-2,2026-02-26T09:00:00+00:00,45,0.135061,model-weather-experiment-640618020c918c13b93a05de,ecmwf00-a2d77f25-assumed-7b9a425c47be-2-20260224,2026-02-24T00:00:00+00:00,2026-02-24T10:00:00+00:00
2026-02-24T12:00:00+00:00,turbine-2,2026-02-26T10:00:00+00:00,46,0.366101,model-weather-experiment-640618020c918c13b93a05de,ecmwf00-a2d77f25-assumed-7b9a425c47be-2-20260224,2026-02-24T00:00:00+00:00,2026-02-24T10:00:00+00:00
2026-02-24T12:00:00+00:00,turbine-2,2026-02-26T11:00:00+00:00,47,0.366008,model-weather-experiment-640618020c918c13b93a05de,ecmwf00-a2d77f25-assumed-7b9a425c47be-2-20260224,2026-02-24T00:00:00+00:00,2026-02-24T10:00:00+00:00
2026-02-24T12:00:00+00:00,turbine-2,2026-02-26T12:00:00+00:00,48,0.362624,model-weather-experiment-640618020c918c13b93a05de,ecmwf00-a2d77f25-assumed-7b9a425c47be-2-20260224,2026-02-24T00:00:00+00:00,2026-02-24T10:00:00+00:00
2026-02-25T12:00:00+00:00,turbine-1,2026-02-25T13:00:00+00:00,1,0.026934,model-weather-experiment-640618020c918c13b93a05de,ecmwf00-a2d77f25-assumed-7b9a425c47be-1-20260225,2026-02-25T00:00:00+00:00,2026-02-25T10:00:00+00:00
2026-02-25T12:00:00+00:00,turbine-1,2026-02-25T14:00:00+00:00,2,0.081316,model-weather-experiment-640618020c918c13b93a05de,ecmwf00-a2d77f25-assumed-7b9a425c47be-1-20260225,2026-02-25T00:00:00+00:00,2026-02-25T10:00:00+00:00
2026-02-25T12:00:00+00:00,turbine-1,2026-02-25T15:00:00+00:00,3,0.098427,model-weather-experiment-640618020c918c13b93a05de,ecmwf00-a2d77f25-assumed-7b9a425c47be-1-20260225,2026-02-25T00:00:00+00:00,2026-02-25T10:00:00+00:00
2026-02-25T12:00:00+00:00,turbine-1,2026-02-25T16:00:00+00:00,4,0.126739,model-weather-experiment-640618020c918c13b93a05de,ecmwf00-a2d77f25-assumed-7b9a425c47be-1-20260225,2026-02-25T00:00:00+00:00,2026-02-25T10:00:00+00:00
2026-02-25T12:00:00+00:00,turbine-1,2026-02-25T17:00:00+00:00,5,0.311407,model-weather-experiment-640618020c918c13b93a05de,ecmwf00-a2d77f25-assumed-7b9a425c47be-1-20260225,2026-02-25T00:00:00+00:00,2026-02-25T10:00:00+00:00
2026-02-25T12:00:00+00:00,turbine-1,2026-02-25T18:00:00+00:00,6,0.66805,model-weather-experiment-640618020c918c13b93a05de,ecmwf00-a2d77f25-assumed-7b9a425c47be-1-20260225,2026-02-25T00:00:00+00:00,2026-02-25T10:00:00+00:00
2026-02-25T12:00:00+00:00,turbine-1,2026-02-25T19:00:00+00:00,7,0.820567,model-weather-experiment-640618020c918c13b93a05de,ecmwf00-a2d77f25-assumed-7b9a425c47be-1-20260225,2026-02-25T00:00:00+00:00,2026-02-25T10:00:00+00:00
2026-02-25T12:00:00+00:00,turbine-1,2026-02-25T20:00:00+00:00,8,0.886513,model-weather-experiment-640618020c918c13b93a05de,ecmwf00-a2d77f25-assumed-7b9a425c47be-1-20260225,2026-02-25T00:00:00+00:00,2026-02-25T10:00:00+00:00
2026-02-25T12:00:00+00:00,turbine-1,2026-02-25T21:00:00+00:00,9,0.875839,model-weather-experiment-640618020c918c13b93a05de,ecmwf00-a2d77f25-assumed-7b9a425c47be-1-20260225,2026-02-25T00:00:00+00:00,2026-02-25T10:00:00+00:00
2026-02-25T12:00:00+00:00,turbine-1,2026-02-25T22:00:00+00:00,10,0.743423,model-weather-experiment-640618020c918c13b93a05de,ecmwf00-a2d77f25-assumed-7b9a425c47be-1-20260225,2026-02-25T00:00:00+00:00,2026-02-25T10:00:00+00:00
2026-02-25T12:00:00+00:00,turbine-1,2026-02-25T23:00:00+00:00,11,0.609712,model-weather-experiment-640618020c918c13b93a05de,ecmwf00-a2d77f25-assumed-7b9a425c47be-1-20260225,2026-02-25T00:00:00+00:00,2026-02-25T10:00:00+00:00
2026-02-25T12:00:00+00:00,turbine-1,2026-02-26T00:00:00+00:00,12,0.503799,model-weather-experiment-640618020c918c13b93a05de,ecmwf00-a2d77f25-assumed-7b9a425c47be-1-20260225,2026-02-25T00:00:00+00:00,2026-02-25T10:00:00+00:00
2026-02-25T12:00:00+00:00,turbine-1,2026-02-26T01:00:00+00:00,13,0.392103,model-weather-experiment-640618020c918c13b93a05de,ecmwf00-a2d77f25-assumed-7b9a425c47be-1-20260225,2026-02-25T00:00:00+00:00,2026-02-25T10:00:00+00:00
2026-02-25T12:00:00+00:00,turbine-1,2026-02-26T02:00:00+00:00,14,0.303041,model-weather-experiment-640618020c918c13b93a05de,ecmwf00-a2d77f25-assumed-7b9a425c47be-1-20260225,2026-02-25T00:00:00+00:00,2026-02-25T10:00:00+00:00
2026-02-25T12:00:00+00:00,turbine-1,2026-02-26T03:00:00+00:00,15,0.238958,model-weather-experiment-640618020c918c13b93a05de,ecmwf00-a2d77f25-assumed-7b9a425c47be-1-20260225,2026-02-25T00:00:00+00:00,2026-02-25T10:00:00+00:00
2026-02-25T12:00:00+00:00,turbine-1,2026-02-26T04:00:00+00:00,16,0.121913,model-weather-experiment-640618020c918c13b93a05de,ecmwf00-a2d77f25-assumed-7b9a425c47be-1-20260225,2026-02-25T00:00:00+00:00,2026-02-25T10:00:00+00:00
2026-02-25T12:00:00+00:00,turbine-1,2026-02-26T05:00:00+00:00,17,0.056788,model-weather-experiment-640618020c918c13b93a05de,ecmwf00-a2d77f25-assumed-7b9a425c47be-1-20260225,2026-02-25T00:00:00+00:00,2026-02-25T10:00:00+00:00
2026-02-25T12:00:00+00:00,turbine-1,2026-02-26T06:00:00+00:00,18,0.863801,model-weather-experiment-640618020c918c13b93a05de,ecmwf00-a2d77f25-assumed-7b9a425c47be-1-20260225,2026-02-25T00:00:00+00:00,2026-02-25T10:00:00+00:00
2026-02-25T12:00:00+00:00,turbine-1,2026-02-26T07:00:00+00:00,19,0.535187,model-weather-experiment-640618020c918c13b93a05de,ecmwf00-a2d77f25-assumed-7b9a425c47be-1-20260225,2026-02-25T00:00:00+00:00,2026-02-25T10:00:00+00:00
2026-02-25T12:00:00+00:00,turbine-1,2026-02-26T08:00:00+00:00,20,0.166955,model-weather-experiment-640618020c918c13b93a05de,ecmwf00-a2d77f25-assumed-7b9a425c47be-1-20260225,2026-02-25T00:00:00+00:00,2026-02-25T10:00:00+00:00
2026-02-25T12:00:00+00:00,turbine-1,2026-02-26T09:00:00+00:00,21,0.151114,model-weather-experiment-640618020c918c13b93a05de,ecmwf00-a2d77f25-assumed-7b9a425c47be-1-20260225,2026-02-25T00:00:00+00:00,2026-02-25T10:00:00+00:00
2026-02-25T12:00:00+00:00,turbine-1,2026-02-26T10:00:00+00:00,22,0.175484,model-weather-experiment-640618020c918c13b93a05de,ecmwf00-a2d77f25-assumed-7b9a425c47be-1-20260225,2026-02-25T00:00:00+00:00,2026-02-25T10:00:00+00:00
2026-02-25T12:00:00+00:00,turbine-1,2026-02-26T11:00:00+00:00,23,0.185904,model-weather-experiment-640618020c918c13b93a05de,ecmwf00-a2d77f25-assumed-7b9a425c47be-1-20260225,2026-02-25T00:00:00+00:00,2026-02-25T10:00:00+00:00
2026-02-25T12:00:00+00:00,turbine-1,2026-02-26T12:00:00+00:00,24,0.377525,model-weather-experiment-640618020c918c13b93a05de,ecmwf00-a2d77f25-assumed-7b9a425c47be-1-20260225,2026-02-25T00:00:00+00:00,2026-02-25T10:00:00+00:00
2026-02-25T12:00:00+00:00,turbine-1,2026-02-26T13:00:00+00:00,25,0.687731,model-weather-experiment-640618020c918c13b93a05de,ecmwf00-a2d77f25-assumed-7b9a425c47be-1-20260225,2026-02-25T00:00:00+00:00,2026-02-25T10:00:00+00:00
2026-02-25T12:00:00+00:00,turbine-1,2026-02-26T14:00:00+00:00,26,0.772184,model-weather-experiment-640618020c918c13b93a05de,ecmwf00-a2d77f25-assumed-7b9a425c47be-1-20260225,2026-02-25T00:00:00+00:00,2026-02-25T10:00:00+00:00
2026-02-25T12:00:00+00:00,turbine-1,2026-02-26T15:00:00+00:00,27,0.539066,model-weather-experiment-640618020c918c13b93a05de,ecmwf00-a2d77f25-assumed-7b9a425c47be-1-20260225,2026-02-25T00:00:00+00:00,2026-02-25T10:00:00+00:00
2026-02-25T12:00:00+00:00,turbine-1,2026-02-26T16:00:00+00:00,28,0.448662,model-weather-experiment-640618020c918c13b93a05de,ecmwf00-a2d77f25-assumed-7b9a425c47be-1-20260225,2026-02-25T00:00:00+00:00,2026-02-25T10:00:00+00:00
2026-02-25T12:00:00+00:00,turbine-1,2026-02-26T17:00:00+00:00,29,0.674033,model-weather-experiment-640618020c918c13b93a05de,ecmwf00-a2d77f25-assumed-7b9a425c47be-1-20260225,2026-02-25T00:00:00+00:00,2026-02-25T10:00:00+00:00
2026-02-25T12:00:00+00:00,turbine-1,2026-02-26T18:00:00+00:00,30,0.862076,model-weather-experiment-640618020c918c13b93a05de,ecmwf00-a2d77f25-assumed-7b9a425c47be-1-20260225,2026-02-25T00:00:00+00:00,2026-02-25T10:00:00+00:00
2026-02-25T12:00:00+00:00,turbine-1,2026-02-26T19:00:00+00:00,31,0.888104,model-weather-experiment-640618020c918c13b93a05de,ecmwf00-a2d77f25-assumed-7b9a425c47be-1-20260225,2026-02-25T00:00:00+00:00,2026-02-25T10:00:00+00:00
2026-02-25T12:00:00+00:00,turbine-1,2026-02-26T20:00:00+00:00,32,0.861196,model-weather-experiment-640618020c918c13b93a05de,ecmwf00-a2d77f25-assumed-7b9a425c47be-1-20260225,2026-02-25T00:00:00+00:00,2026-02-25T10:00:00+00:00
2026-02-25T12:00:00+00:00,turbine-1,2026-02-26T21:00:00+00:00,33,0.872251,model-weather-experiment-640618020c918c13b93a05de,ecmwf00-a2d77f25-assumed-7b9a425c47be-1-20260225,2026-02-25T00:00:00+00:00,2026-02-25T10:00:00+00:00
2026-02-25T12:00:00+00:00,turbine-1,2026-02-26T22:00:00+00:00,34,0.862441,model-weather-experiment-640618020c918c13b93a05de,ecmwf00-a2d77f25-assumed-7b9a425c47be-1-20260225,2026-02-25T00:00:00+00:00,2026-02-25T10:00:00+00:00
2026-02-25T12:00:00+00:00,turbine-1,2026-02-26T23:00:00+00:00,35,0.756624,model-weather-experiment-640618020c918c13b93a05de,ecmwf00-a2d77f25-assumed-7b9a425c47be-1-20260225,2026-02-25T00:00:00+00:00,2026-02-25T10:00:00+00:00
2026-02-25T12:00:00+00:00,turbine-1,2026-02-27T00:00:00+00:00,36,0.648961,model-weather-experiment-640618020c918c13b93a05de,ecmwf00-a2d77f25-assumed-7b9a425c47be-1-20260225,2026-02-25T00:00:00+00:00,2026-02-25T10:00:00+00:00
2026-02-25T12:00:00+00:00,turbine-1,2026-02-27T01:00:00+00:00,37,0.484991,model-weather-experiment-640618020c918c13b93a05de,ecmwf00-a2d77f25-assumed-7b9a425c47be-1-20260225,2026-02-25T00:00:00+00:00,2026-02-25T10:00:00+00:00
2026-02-25T12:00:00+00:00,turbine-1,2026-02-27T02:00:00+00:00,38,0.503942,model-weather-experiment-640618020c918c13b93a05de,ecmwf00-a2d77f25-assumed-7b9a425c47be-1-20260225,2026-02-25T00:00:00+00:00,2026-02-25T10:00:00+00:00
2026-02-25T12:00:00+00:00,turbine-1,2026-02-27T03:00:00+00:00,39,0.476705,model-weather-experiment-640618020c918c13b93a05de,ecmwf00-a2d77f25-assumed-7b9a425c47be-1-20260225,2026-02-25T00:00:00+00:00,2026-02-25T10:00:00+00:00
2026-02-25T12:00:00+00:00,turbine-1,2026-02-27T04:00:00+00:00,40,0.295367,model-weather-experiment-640618020c918c13b93a05de,ecmwf00-a2d77f25-assumed-7b9a425c47be-1-20260225,2026-02-25T00:00:00+00:00,2026-02-25T10:00:00+00:00
2026-02-25T12:00:00+00:00,turbine-1,2026-02-27T05:00:00+00:00,41,0.221844,model-weather-experiment-640618020c918c13b93a05de,ecmwf00-a2d77f25-assumed-7b9a425c47be-1-20260225,2026-02-25T00:00:00+00:00,2026-02-25T10:00:00+00:00
2026-02-25T12:00:00+00:00,turbine-1,2026-02-27T06:00:00+00:00,42,0.288167,model-weather-experiment-640618020c918c13b93a05de,ecmwf00-a2d77f25-assumed-7b9a425c47be-1-20260225,2026-02-25T00:00:00+00:00,2026-02-25T10:00:00+00:00
2026-02-25T12:00:00+00:00,turbine-1,2026-02-27T07:00:00+00:00,43,0.288582,model-weather-experiment-640618020c918c13b93a05de,ecmwf00-a2d77f25-assumed-7b9a425c47be-1-20260225,2026-02-25T00:00:00+00:00,2026-02-25T10:00:00+00:00
2026-02-25T12:00:00+00:00,turbine-1,2026-02-27T08:00:00+00:00,44,0.327529,model-weather-experiment-640618020c918c13b93a05de,ecmwf00-a2d77f25-assumed-7b9a425c47be-1-20260225,2026-02-25T00:00:00+00:00,2026-02-25T10:00:00+00:00
2026-02-25T12:00:00+00:00,turbine-1,2026-02-27T09:00:00+00:00,45,0.511118,model-weather-experiment-640618020c918c13b93a05de,ecmwf00-a2d77f25-assumed-7b9a425c47be-1-20260225,2026-02-25T00:00:00+00:00,2026-02-25T10:00:00+00:00
2026-02-25T12:00:00+00:00,turbine-1,2026-02-27T10:00:00+00:00,46,0.529636,model-weather-experiment-640618020c918c13b93a05de,ecmwf00-a2d77f25-assumed-7b9a425c47be-1-20260225,2026-02-25T00:00:00+00:00,2026-02-25T10:00:00+00:00
2026-02-25T12:00:00+00:00,turbine-1,2026-02-27T11:00:00+00:00,47,0.579269,model-weather-experiment-640618020c918c13b93a05de,ecmwf00-a2d77f25-assumed-7b9a425c47be-1-20260225,2026-02-25T00:00:00+00:00,2026-02-25T10:00:00+00:00
2026-02-25T12:00:00+00:00,turbine-1,2026-02-27T12:00:00+00:00,48,0.716915,model-weather-experiment-640618020c918c13b93a05de,ecmwf00-a2d77f25-assumed-7b9a425c47be-1-20260225,2026-02-25T00:00:00+00:00,2026-02-25T10:00:00+00:00
2026-02-25T12:00:00+00:00,turbine-2,2026-02-25T13:00:00+00:00,1,0.028868,model-weather-experiment-640618020c918c13b93a05de,ecmwf00-a2d77f25-assumed-7b9a425c47be-2-20260225,2026-02-25T00:00:00+00:00,2026-02-25T10:00:00+00:00
2026-02-25T12:00:00+00:00,turbine-2,2026-02-25T14:00:00+00:00,2,0.072825,model-weather-experiment-640618020c918c13b93a05de,ecmwf00-a2d77f25-assumed-7b9a425c47be-2-20260225,2026-02-25T00:00:00+00:00,2026-02-25T10:00:00+00:00
2026-02-25T12:00:00+00:00,turbine-2,2026-02-25T15:00:00+00:00,3,0.087675,model-weather-experiment-640618020c918c13b93a05de,ecmwf00-a2d77f25-assumed-7b9a425c47be-2-20260225,2026-02-25T00:00:00+00:00,2026-02-25T10:00:00+00:00
2026-02-25T12:00:00+00:00,turbine-2,2026-02-25T16:00:00+00:00,4,0.105668,model-weather-experiment-640618020c918c13b93a05de,ecmwf00-a2d77f25-assumed-7b9a425c47be-2-20260225,2026-02-25T00:00:00+00:00,2026-02-25T10:00:00+00:00
2026-02-25T12:00:00+00:00,turbine-2,2026-02-25T17:00:00+00:00,5,0.256068,model-weather-experiment-640618020c918c13b93a05de,ecmwf00-a2d77f25-assumed-7b9a425c47be-2-20260225,2026-02-25T00:00:00+00:00,2026-02-25T10:00:00+00:00
2026-02-25T12:00:00+00:00,turbine-2,2026-02-25T18:00:00+00:00,6,0.617661,model-weather-experiment-640618020c918c13b93a05de,ecmwf00-a2d77f25-assumed-7b9a425c47be-2-20260225,2026-02-25T00:00:00+00:00,2026-02-25T10:00:00+00:00
2026-02-25T12:00:00+00:00,turbine-2,2026-02-25T19:00:00+00:00,7,0.764709,model-weather-experiment-640618020c918c13b93a05de,ecmwf00-a2d77f25-assumed-7b9a425c47be-2-20260225,2026-02-25T00:00:00+00:00,2026-02-25T10:00:00+00:00
2026-02-25T12:00:00+00:00,turbine-2,2026-02-25T20:00:00+00:00,8,0.825876,model-weather-experiment-640618020c918c13b93a05de,ecmwf00-a2d77f25-assumed-7b9a425c47be-2-20260225,2026-02-25T00:00:00+00:00,2026-02-25T10:00:00+00:00
2026-02-25T12:00:00+00:00,turbine-2,2026-02-25T21:00:00+00:00,9,0.814067,model-weather-experiment-640618020c918c13b93a05de,ecmwf00-a2d77f25-assumed-7b9a425c47be-2-20260225,2026-02-25T00:00:00+00:00,2026-02-25T10:00:00+00:00
2026-02-25T12:00:00+00:00,turbine-2,2026-02-25T22:00:00+00:00,10,0.695161,model-weather-experiment-640618020c918c13b93a05de,ecmwf00-a2d77f25-assumed-7b9a425c47be-2-20260225,2026-02-25T00:00:00+00:00,2026-02-25T10:00:00+00:00
2026-02-25T12:00:00+00:00,turbine-2,2026-02-25T23:00:00+00:00,11,0.519754,model-weather-experiment-640618020c918c13b93a05de,ecmwf00-a2d77f25-assumed-7b9a425c47be-2-20260225,2026-02-25T00:00:00+00:00,2026-02-25T10:00:00+00:00
2026-02-25T12:00:00+00:00,turbine-2,2026-02-26T00:00:00+00:00,12,0.387034,model-weather-experiment-640618020c918c13b93a05de,ecmwf00-a2d77f25-assumed-7b9a425c47be-2-20260225,2026-02-25T00:00:00+00:00,2026-02-25T10:00:00+00:00
2026-02-25T12:00:00+00:00,turbine-2,2026-02-26T01:00:00+00:00,13,0.334567,model-weather-experiment-640618020c918c13b93a05de,ecmwf00-a2d77f25-assumed-7b9a425c47be-2-20260225,2026-02-25T00:00:00+00:00,2026-02-25T10:00:00+00:00
2026-02-25T12:00:00+00:00,turbine-2,2026-02-26T02:00:00+00:00,14,0.252372,model-weather-experiment-640618020c918c13b93a05de,ecmwf00-a2d77f25-assumed-7b9a425c47be-2-20260225,2026-02-25T00:00:00+00:00,2026-02-25T10:00:00+00:00
2026-02-25T12:00:00+00:00,turbine-2,2026-02-26T03:00:00+00:00,15,0.195137,model-weather-experiment-640618020c918c13b93a05de,ecmwf00-a2d77f25-assumed-7b9a425c47be-2-20260225,2026-02-25T00:00:00+00:00,2026-02-25T10:00:00+00:00
2026-02-25T12:00:00+00:00,turbine-2,2026-02-26T04:00:00+00:00,16,0.14589,model-weather-experiment-640618020c918c13b93a05de,ecmwf00-a2d77f25-assumed-7b9a425c47be-2-20260225,2026-02-25T00:00:00+00:00,2026-02-25T10:00:00+00:00
2026-02-25T12:00:00+00:00,turbine-2,2026-02-26T05:00:00+00:00,17,0.071816,model-weather-experiment-640618020c918c13b93a05de,ecmwf00-a2d77f25-assumed-7b9a425c47be-2-20260225,2026-02-25T00:00:00+00:00,2026-02-25T10:00:00+00:00
2026-02-25T12:00:00+00:00,turbine-2,2026-02-26T06:00:00+00:00,18,0.899828,model-weather-experiment-640618020c918c13b93a05de,ecmwf00-a2d77f25-assumed-7b9a425c47be-2-20260225,2026-02-25T00:00:00+00:00,2026-02-25T10:00:00+00:00
2026-02-25T12:00:00+00:00,turbine-2,2026-02-26T07:00:00+00:00,19,0.496295,model-weather-experiment-640618020c918c13b93a05de,ecmwf00-a2d77f25-assumed-7b9a425c47be-2-20260225,2026-02-25T00:00:00+00:00,2026-02-25T10:00:00+00:00
2026-02-25T12:00:00+00:00,turbine-2,2026-02-26T08:00:00+00:00,20,0.108293,model-weather-experiment-640618020c918c13b93a05de,ecmwf00-a2d77f25-assumed-7b9a425c47be-2-20260225,2026-02-25T00:00:00+00:00,2026-02-25T10:00:00+00:00
2026-02-25T12:00:00+00:00,turbine-2,2026-02-26T09:00:00+00:00,21,0.109715,model-weather-experiment-640618020c918c13b93a05de,ecmwf00-a2d77f25-assumed-7b9a425c47be-2-20260225,2026-02-25T00:00:00+00:00,2026-02-25T10:00:00+00:00
2026-02-25T12:00:00+00:00,turbine-2,2026-02-26T10:00:00+00:00,22,0.11473,model-weather-experiment-640618020c918c13b93a05de,ecmwf00-a2d77f25-assumed-7b9a425c47be-2-20260225,2026-02-25T00:00:00+00:00,2026-02-25T10:00:00+00:00
2026-02-25T12:00:00+00:00,turbine-2,2026-02-26T11:00:00+00:00,23,0.148269,model-weather-experiment-640618020c918c13b93a05de,ecmwf00-a2d77f25-assumed-7b9a425c47be-2-20260225,2026-02-25T00:00:00+00:00,2026-02-25T10:00:00+00:00
2026-02-25T12:00:00+00:00,turbine-2,2026-02-26T12:00:00+00:00,24,0.313045,model-weather-experiment-640618020c918c13b93a05de,ecmwf00-a2d77f25-assumed-7b9a425c47be-2-20260225,2026-02-25T00:00:00+00:00,2026-02-25T10:00:00+00:00
2026-02-25T12:00:00+00:00,turbine-2,2026-02-26T13:00:00+00:00,25,0.708489,model-weather-experiment-640618020c918c13b93a05de,ecmwf00-a2d77f25-assumed-7b9a425c47be-2-20260225,2026-02-25T00:00:00+00:00,2026-02-25T10:00:00+00:00
2026-02-25T12:00:00+00:00,turbine-2,2026-02-26T14:00:00+00:00,26,0.780264,model-weather-experiment-640618020c918c13b93a05de,ecmwf00-a2d77f25-assumed-7b9a425c47be-2-20260225,2026-02-25T00:00:00+00:00,2026-02-25T10:00:00+00:00
2026-02-25T12:00:00+00:00,turbine-2,2026-02-26T15:00:00+00:00,27,0.511391,model-weather-experiment-640618020c918c13b93a05de,ecmwf00-a2d77f25-assumed-7b9a425c47be-2-20260225,2026-02-25T00:00:00+00:00,2026-02-25T10:00:00+00:00
2026-02-25T12:00:00+00:00,turbine-2,2026-02-26T16:00:00+00:00,28,0.387141,model-weather-experiment-640618020c918c13b93a05de,ecmwf00-a2d77f25-assumed-7b9a425c47be-2-20260225,2026-02-25T00:00:00+00:00,2026-02-25T10:00:00+00:00
2026-02-25T12:00:00+00:00,turbine-2,2026-02-26T17:00:00+00:00,29,0.702913,model-weather-experiment-640618020c918c13b93a05de,ecmwf00-a2d77f25-assumed-7b9a425c47be-2-20260225,2026-02-25T00:00:00+00:00,2026-02-25T10:00:00+00:00
2026-02-25T12:00:00+00:00,turbine-2,2026-02-26T18:00:00+00:00,30,0.918514,model-weather-experiment-640618020c918c13b93a05de,ecmwf00-a2d77f25-assumed-7b9a425c47be-2-20260225,2026-02-25T00:00:00+00:00,2026-02-25T10:00:00+00:00
2026-02-25T12:00:00+00:00,turbine-2,2026-02-26T19:00:00+00:00,31,0.965352,model-weather-experiment-640618020c918c13b93a05de,ecmwf00-a2d77f25-assumed-7b9a425c47be-2-20260225,2026-02-25T00:00:00+00:00,2026-02-25T10:00:00+00:00
2026-02-25T12:00:00+00:00,turbine-2,2026-02-26T20:00:00+00:00,32,0.919219,model-weather-experiment-640618020c918c13b93a05de,ecmwf00-a2d77f25-assumed-7b9a425c47be-2-20260225,2026-02-25T00:00:00+00:00,2026-02-25T10:00:00+00:00
2026-02-25T12:00:00+00:00,turbine-2,2026-02-26T21:00:00+00:00,33,0.922806,model-weather-experiment-640618020c918c13b93a05de,ecmwf00-a2d77f25-assumed-7b9a425c47be-2-20260225,2026-02-25T00:00:00+00:00,2026-02-25T10:00:00+00:00
2026-02-25T12:00:00+00:00,turbine-2,2026-02-26T22:00:00+00:00,34,0.910306,model-weather-experiment-640618020c918c13b93a05de,ecmwf00-a2d77f25-assumed-7b9a425c47be-2-20260225,2026-02-25T00:00:00+00:00,2026-02-25T10:00:00+00:00
2026-02-25T12:00:00+00:00,turbine-2,2026-02-26T23:00:00+00:00,35,0.784542,model-weather-experiment-640618020c918c13b93a05de,ecmwf00-a2d77f25-assumed-7b9a425c47be-2-20260225,2026-02-25T00:00:00+00:00,2026-02-25T10:00:00+00:00
2026-02-25T12:00:00+00:00,turbine-2,2026-02-27T00:00:00+00:00,36,0.704129,model-weather-experiment-640618020c918c13b93a05de,ecmwf00-a2d77f25-assumed-7b9a425c47be-2-20260225,2026-02-25T00:00:00+00:00,2026-02-25T10:00:00+00:00
2026-02-25T12:00:00+00:00,turbine-2,2026-02-27T01:00:00+00:00,37,0.516968,model-weather-experiment-640618020c918c13b93a05de,ecmwf00-a2d77f25-assumed-7b9a425c47be-2-20260225,2026-02-25T00:00:00+00:00,2026-02-25T10:00:00+00:00
2026-02-25T12:00:00+00:00,turbine-2,2026-02-27T02:00:00+00:00,38,0.522996,model-weather-experiment-640618020c918c13b93a05de,ecmwf00-a2d77f25-assumed-7b9a425c47be-2-20260225,2026-02-25T00:00:00+00:00,2026-02-25T10:00:00+00:00
2026-02-25T12:00:00+00:00,turbine-2,2026-02-27T03:00:00+00:00,39,0.461428,model-weather-experiment-640618020c918c13b93a05de,ecmwf00-a2d77f25-assumed-7b9a425c47be-2-20260225,2026-02-25T00:00:00+00:00,2026-02-25T10:00:00+00:00
2026-02-25T12:00:00+00:00,turbine-2,2026-02-27T04:00:00+00:00,40,0.278598,model-weather-experiment-640618020c918c13b93a05de,ecmwf00-a2d77f25-assumed-7b9a425c47be-2-20260225,2026-02-25T00:00:00+00:00,2026-02-25T10:00:00+00:00
2026-02-25T12:00:00+00:00,turbine-2,2026-02-27T05:00:00+00:00,41,0.215163,model-weather-experiment-640618020c918c13b93a05de,ecmwf00-a2d77f25-assumed-7b9a425c47be-2-20260225,2026-02-25T00:00:00+00:00,2026-02-25T10:00:00+00:00
2026-02-25T12:00:00+00:00,turbine-2,2026-02-27T06:00:00+00:00,42,0.222662,model-weather-experiment-640618020c918c13b93a05de,ecmwf00-a2d77f25-assumed-7b9a425c47be-2-20260225,2026-02-25T00:00:00+00:00,2026-02-25T10:00:00+00:00
2026-02-25T12:00:00+00:00,turbine-2,2026-02-27T07:00:00+00:00,43,0.226679,model-weather-experiment-640618020c918c13b93a05de,ecmwf00-a2d77f25-assumed-7b9a425c47be-2-20260225,2026-02-25T00:00:00+00:00,2026-02-25T10:00:00+00:00
2026-02-25T12:00:00+00:00,turbine-2,2026-02-27T08:00:00+00:00,44,0.283509,model-weather-experiment-640618020c918c13b93a05de,ecmwf00-a2d77f25-assumed-7b9a425c47be-2-20260225,2026-02-25T00:00:00+00:00,2026-02-25T10:00:00+00:00
2026-02-25T12:00:00+00:00,turbine-2,2026-02-27T09:00:00+00:00,45,0.486446,model-weather-experiment-640618020c918c13b93a05de,ecmwf00-a2d77f25-assumed-7b9a425c47be-2-20260225,2026-02-25T00:00:00+00:00,2026-02-25T10:00:00+00:00
2026-02-25T12:00:00+00:00,turbine-2,2026-02-27T10:00:00+00:00,46,0.501947,model-weather-experiment-640618020c918c13b93a05de,ecmwf00-a2d77f25-assumed-7b9a425c47be-2-20260225,2026-02-25T00:00:00+00:00,2026-02-25T10:00:00+00:00
2026-02-25T12:00:00+00:00,turbine-2,2026-02-27T11:00:00+00:00,47,0.580747,model-weather-experiment-640618020c918c13b93a05de,ecmwf00-a2d77f25-assumed-7b9a425c47be-2-20260225,2026-02-25T00:00:00+00:00,2026-02-25T10:00:00+00:00
2026-02-25T12:00:00+00:00,turbine-2,2026-02-27T12:00:00+00:00,48,0.737978,model-weather-experiment-640618020c918c13b93a05de,ecmwf00-a2d77f25-assumed-7b9a425c47be-2-20260225,2026-02-25T00:00:00+00:00,2026-02-25T10:00:00+00:00
2026-02-26T12:00:00+00:00,turbine-1,2026-02-26T13:00:00+00:00,1,0.713766,model-weather-experiment-640618020c918c13b93a05de,ecmwf00-a2d77f25-assumed-7b9a425c47be-1-20260226,2026-02-26T00:00:00+00:00,2026-02-26T10:00:00+00:00
2026-02-26T12:00:00+00:00,turbine-1,2026-02-26T14:00:00+00:00,2,0.659392,model-weather-experiment-640618020c918c13b93a05de,ecmwf00-a2d77f25-assumed-7b9a425c47be-1-20260226,2026-02-26T00:00:00+00:00,2026-02-26T10:00:00+00:00
2026-02-26T12:00:00+00:00,turbine-1,2026-02-26T15:00:00+00:00,3,0.677867,model-weather-experiment-640618020c918c13b93a05de,ecmwf00-a2d77f25-assumed-7b9a425c47be-1-20260226,2026-02-26T00:00:00+00:00,2026-02-26T10:00:00+00:00
2026-02-26T12:00:00+00:00,turbine-1,2026-02-26T16:00:00+00:00,4,0.576505,model-weather-experiment-640618020c918c13b93a05de,ecmwf00-a2d77f25-assumed-7b9a425c47be-1-20260226,2026-02-26T00:00:00+00:00,2026-02-26T10:00:00+00:00
2026-02-26T12:00:00+00:00,turbine-1,2026-02-26T17:00:00+00:00,5,0.771277,model-weather-experiment-640618020c918c13b93a05de,ecmwf00-a2d77f25-assumed-7b9a425c47be-1-20260226,2026-02-26T00:00:00+00:00,2026-02-26T10:00:00+00:00
2026-02-26T12:00:00+00:00,turbine-1,2026-02-26T18:00:00+00:00,6,0.736783,model-weather-experiment-640618020c918c13b93a05de,ecmwf00-a2d77f25-assumed-7b9a425c47be-1-20260226,2026-02-26T00:00:00+00:00,2026-02-26T10:00:00+00:00
2026-02-26T12:00:00+00:00,turbine-1,2026-02-26T19:00:00+00:00,7,0.384408,model-weather-experiment-640618020c918c13b93a05de,ecmwf00-a2d77f25-assumed-7b9a425c47be-1-20260226,2026-02-26T00:00:00+00:00,2026-02-26T10:00:00+00:00
2026-02-26T12:00:00+00:00,turbine-1,2026-02-26T20:00:00+00:00,8,0.268968,model-weather-experiment-640618020c918c13b93a05de,ecmwf00-a2d77f25-assumed-7b9a425c47be-1-20260226,2026-02-26T00:00:00+00:00,2026-02-26T10:00:00+00:00
2026-02-26T12:00:00+00:00,turbine-1,2026-02-26T21:00:00+00:00,9,0.356504,model-weather-experiment-640618020c918c13b93a05de,ecmwf00-a2d77f25-assumed-7b9a425c47be-1-20260226,2026-02-26T00:00:00+00:00,2026-02-26T10:00:00+00:00
2026-02-26T12:00:00+00:00,turbine-1,2026-02-26T22:00:00+00:00,10,0.434724,model-weather-experiment-640618020c918c13b93a05de,ecmwf00-a2d77f25-assumed-7b9a425c47be-1-20260226,2026-02-26T00:00:00+00:00,2026-02-26T10:00:00+00:00
2026-02-26T12:00:00+00:00,turbine-1,2026-02-26T23:00:00+00:00,11,0.355162,model-weather-experiment-640618020c918c13b93a05de,ecmwf00-a2d77f25-assumed-7b9a425c47be-1-20260226,2026-02-26T00:00:00+00:00,2026-02-26T10:00:00+00:00
2026-02-26T12:00:00+00:00,turbine-1,2026-02-27T00:00:00+00:00,12,0.249124,model-weather-experiment-640618020c918c13b93a05de,ecmwf00-a2d77f25-assumed-7b9a425c47be-1-20260226,2026-02-26T00:00:00+00:00,2026-02-26T10:00:00+00:00
2026-02-26T12:00:00+00:00,turbine-1,2026-02-27T01:00:00+00:00,13,0.232259,model-weather-experiment-640618020c918c13b93a05de,ecmwf00-a2d77f25-assumed-7b9a425c47be-1-20260226,2026-02-26T00:00:00+00:00,2026-02-26T10:00:00+00:00
2026-02-26T12:00:00+00:00,turbine-1,2026-02-27T02:00:00+00:00,14,0.233315,model-weather-experiment-640618020c918c13b93a05de,ecmwf00-a2d77f25-assumed-7b9a425c47be-1-20260226,2026-02-26T00:00:00+00:00,2026-02-26T10:00:00+00:00
2026-02-26T12:00:00+00:00,turbine-1,2026-02-27T03:00:00+00:00,15,0.199247,model-weather-experiment-640618020c918c13b93a05de,ecmwf00-a2d77f25-assumed-7b9a425c47be-1-20260226,2026-02-26T00:00:00+00:00,2026-02-26T10:00:00+00:00
2026-02-26T12:00:00+00:00,turbine-1,2026-02-27T04:00:00+00:00,16,0.148775,model-weather-experiment-640618020c918c13b93a05de,ecmwf00-a2d77f25-assumed-7b9a425c47be-1-20260226,2026-02-26T00:00:00+00:00,2026-02-26T10:00:00+00:00
2026-02-26T12:00:00+00:00,turbine-1,2026-02-27T05:00:00+00:00,17,0.158988,model-weather-experiment-640618020c918c13b93a05de,ecmwf00-a2d77f25-assumed-7b9a425c47be-1-20260226,2026-02-26T00:00:00+00:00,2026-02-26T10:00:00+00:00
2026-02-26T12:00:00+00:00,turbine-1,2026-02-27T06:00:00+00:00,18,0.152554,model-weather-experiment-640618020c918c13b93a05de,ecmwf00-a2d77f25-assumed-7b9a425c47be-1-20260226,2026-02-26T00:00:00+00:00,2026-02-26T10:00:00+00:00
2026-02-26T12:00:00+00:00,turbine-1,2026-02-27T07:00:00+00:00,19,0.211823,model-weather-experiment-640618020c918c13b93a05de,ecmwf00-a2d77f25-assumed-7b9a425c47be-1-20260226,2026-02-26T00:00:00+00:00,2026-02-26T10:00:00+00:00
2026-02-26T12:00:00+00:00,turbine-1,2026-02-27T08:00:00+00:00,20,0.251953,model-weather-experiment-640618020c918c13b93a05de,ecmwf00-a2d77f25-assumed-7b9a425c47be-1-20260226,2026-02-26T00:00:00+00:00,2026-02-26T10:00:00+00:00
2026-02-26T12:00:00+00:00,turbine-1,2026-02-27T09:00:00+00:00,21,0.2813,model-weather-experiment-640618020c918c13b93a05de,ecmwf00-a2d77f25-assumed-7b9a425c47be-1-20260226,2026-02-26T00:00:00+00:00,2026-02-26T10:00:00+00:00
2026-02-26T12:00:00+00:00,turbine-1,2026-02-27T10:00:00+00:00,22,0.374986,model-weather-experiment-640618020c918c13b93a05de,ecmwf00-a2d77f25-assumed-7b9a425c47be-1-20260226,2026-02-26T00:00:00+00:00,2026-02-26T10:00:00+00:00
2026-02-26T12:00:00+00:00,turbine-1,2026-02-27T11:00:00+00:00,23,0.576863,model-weather-experiment-640618020c918c13b93a05de,ecmwf00-a2d77f25-assumed-7b9a425c47be-1-20260226,2026-02-26T00:00:00+00:00,2026-02-26T10:00:00+00:00
2026-02-26T12:00:00+00:00,turbine-1,2026-02-27T12:00:00+00:00,24,0.643387,model-weather-experiment-640618020c918c13b93a05de,ecmwf00-a2d77f25-assumed-7b9a425c47be-1-20260226,2026-02-26T00:00:00+00:00,2026-02-26T10:00:00+00:00
2026-02-26T12:00:00+00:00,turbine-1,2026-02-27T13:00:00+00:00,25,0.654739,model-weather-experiment-640618020c918c13b93a05de,ecmwf00-a2d77f25-assumed-7b9a425c47be-1-20260226,2026-02-26T00:00:00+00:00,2026-02-26T10:00:00+00:00
2026-02-26T12:00:00+00:00,turbine-1,2026-02-27T14:00:00+00:00,26,0.5433,model-weather-experiment-640618020c918c13b93a05de,ecmwf00-a2d77f25-assumed-7b9a425c47be-1-20260226,2026-02-26T00:00:00+00:00,2026-02-26T10:00:00+00:00
2026-02-26T12:00:00+00:00,turbine-1,2026-02-27T15:00:00+00:00,27,0.570852,model-weather-experiment-640618020c918c13b93a05de,ecmwf00-a2d77f25-assumed-7b9a425c47be-1-20260226,2026-02-26T00:00:00+00:00,2026-02-26T10:00:00+00:00
2026-02-26T12:00:00+00:00,turbine-1,2026-02-27T16:00:00+00:00,28,0.504841,model-weather-experiment-640618020c918c13b93a05de,ecmwf00-a2d77f25-assumed-7b9a425c47be-1-20260226,2026-02-26T00:00:00+00:00,2026-02-26T10:00:00+00:00
2026-02-26T12:00:00+00:00,turbine-1,2026-02-27T17:00:00+00:00,29,0.425752,model-weather-experiment-640618020c918c13b93a05de,ecmwf00-a2d77f25-assumed-7b9a425c47be-1-20260226,2026-02-26T00:00:00+00:00,2026-02-26T10:00:00+00:00
2026-02-26T12:00:00+00:00,turbine-1,2026-02-27T18:00:00+00:00,30,0.617981,model-weather-experiment-640618020c918c13b93a05de,ecmwf00-a2d77f25-assumed-7b9a425c47be-1-20260226,2026-02-26T00:00:00+00:00,2026-02-26T10:00:00+00:00
2026-02-26T12:00:00+00:00,turbine-1,2026-02-27T19:00:00+00:00,31,0.474943,model-weather-experiment-640618020c918c13b93a05de,ecmwf00-a2d77f25-assumed-7b9a425c47be-1-20260226,2026-02-26T00:00:00+00:00,2026-02-26T10:00:00+00:00
2026-02-26T12:00:00+00:00,turbine-1,2026-02-27T20:00:00+00:00,32,0.370539,model-weather-experiment-640618020c918c13b93a05de,ecmwf00-a2d77f25-assumed-7b9a425c47be-1-20260226,2026-02-26T00:00:00+00:00,2026-02-26T10:00:00+00:00
2026-02-26T12:00:00+00:00,turbine-1,2026-02-27T21:00:00+00:00,33,0.501339,model-weather-experiment-640618020c918c13b93a05de,ecmwf00-a2d77f25-assumed-7b9a425c47be-1-20260226,2026-02-26T00:00:00+00:00,2026-02-26T10:00:00+00:00
2026-02-26T12:00:00+00:00,turbine-1,2026-02-27T22:00:00+00:00,34,0.488935,model-weather-experiment-640618020c918c13b93a05de,ecmwf00-a2d77f25-assumed-7b9a425c47be-1-20260226,2026-02-26T00:00:00+00:00,2026-02-26T10:00:00+00:00
2026-02-26T12:00:00+00:00,turbine-1,2026-02-27T23:00:00+00:00,35,0.546873,model-weather-experiment-640618020c918c13b93a05de,ecmwf00-a2d77f25-assumed-7b9a425c47be-1-20260226,2026-02-26T00:00:00+00:00,2026-02-26T10:00:00+00:00
2026-02-26T12:00:00+00:00,turbine-1,2026-02-28T00:00:00+00:00,36,0.558633,model-weather-experiment-640618020c918c13b93a05de,ecmwf00-a2d77f25-assumed-7b9a425c47be-1-20260226,2026-02-26T00:00:00+00:00,2026-02-26T10:00:00+00:00
2026-02-26T12:00:00+00:00,turbine-1,2026-02-28T01:00:00+00:00,37,0.52721,model-weather-experiment-640618020c918c13b93a05de,ecmwf00-a2d77f25-assumed-7b9a425c47be-1-20260226,2026-02-26T00:00:00+00:00,2026-02-26T10:00:00+00:00
2026-02-26T12:00:00+00:00,turbine-1,2026-02-28T02:00:00+00:00,38,0.571938,model-weather-experiment-640618020c918c13b93a05de,ecmwf00-a2d77f25-assumed-7b9a425c47be-1-20260226,2026-02-26T00:00:00+00:00,2026-02-26T10:00:00+00:00
2026-02-26T12:00:00+00:00,turbine-1,2026-02-28T03:00:00+00:00,39,0.524463,model-weather-experiment-640618020c918c13b93a05de,ecmwf00-a2d77f25-assumed-7b9a425c47be-1-20260226,2026-02-26T00:00:00+00:00,2026-02-26T10:00:00+00:00
2026-02-26T12:00:00+00:00,turbine-1,2026-02-28T04:00:00+00:00,40,0.527776,model-weather-experiment-640618020c918c13b93a05de,ecmwf00-a2d77f25-assumed-7b9a425c47be-1-20260226,2026-02-26T00:00:00+00:00,2026-02-26T10:00:00+00:00
2026-02-26T12:00:00+00:00,turbine-1,2026-02-28T05:00:00+00:00,41,0.526159,model-weather-experiment-640618020c918c13b93a05de,ecmwf00-a2d77f25-assumed-7b9a425c47be-1-20260226,2026-02-26T00:00:00+00:00,2026-02-26T10:00:00+00:00
2026-02-26T12:00:00+00:00,turbine-1,2026-02-28T06:00:00+00:00,42,0.535019,model-weather-experiment-640618020c918c13b93a05de,ecmwf00-a2d77f25-assumed-7b9a425c47be-1-20260226,2026-02-26T00:00:00+00:00,2026-02-26T10:00:00+00:00
2026-02-26T12:00:00+00:00,turbine-1,2026-02-28T07:00:00+00:00,43,0.565421,model-weather-experiment-640618020c918c13b93a05de,ecmwf00-a2d77f25-assumed-7b9a425c47be-1-20260226,2026-02-26T00:00:00+00:00,2026-02-26T10:00:00+00:00
2026-02-26T12:00:00+00:00,turbine-1,2026-02-28T08:00:00+00:00,44,0.550504,model-weather-experiment-640618020c918c13b93a05de,ecmwf00-a2d77f25-assumed-7b9a425c47be-1-20260226,2026-02-26T00:00:00+00:00,2026-02-26T10:00:00+00:00
2026-02-26T12:00:00+00:00,turbine-1,2026-02-28T09:00:00+00:00,45,0.545431,model-weather-experiment-640618020c918c13b93a05de,ecmwf00-a2d77f25-assumed-7b9a425c47be-1-20260226,2026-02-26T00:00:00+00:00,2026-02-26T10:00:00+00:00
2026-02-26T12:00:00+00:00,turbine-1,2026-02-28T10:00:00+00:00,46,0.511384,model-weather-experiment-640618020c918c13b93a05de,ecmwf00-a2d77f25-assumed-7b9a425c47be-1-20260226,2026-02-26T00:00:00+00:00,2026-02-26T10:00:00+00:00
2026-02-26T12:00:00+00:00,turbine-1,2026-02-28T11:00:00+00:00,47,0.503794,model-weather-experiment-640618020c918c13b93a05de,ecmwf00-a2d77f25-assumed-7b9a425c47be-1-20260226,2026-02-26T00:00:00+00:00,2026-02-26T10:00:00+00:00
2026-02-26T12:00:00+00:00,turbine-1,2026-02-28T12:00:00+00:00,48,0.498763,model-weather-experiment-640618020c918c13b93a05de,ecmwf00-a2d77f25-assumed-7b9a425c47be-1-20260226,2026-02-26T00:00:00+00:00,2026-02-26T10:00:00+00:00
2026-02-26T12:00:00+00:00,turbine-2,2026-02-26T13:00:00+00:00,1,0.704292,model-weather-experiment-640618020c918c13b93a05de,ecmwf00-a2d77f25-assumed-7b9a425c47be-2-20260226,2026-02-26T00:00:00+00:00,2026-02-26T10:00:00+00:00
2026-02-26T12:00:00+00:00,turbine-2,2026-02-26T14:00:00+00:00,2,0.684686,model-weather-experiment-640618020c918c13b93a05de,ecmwf00-a2d77f25-assumed-7b9a425c47be-2-20260226,2026-02-26T00:00:00+00:00,2026-02-26T10:00:00+00:00
2026-02-26T12:00:00+00:00,turbine-2,2026-02-26T15:00:00+00:00,3,0.699448,model-weather-experiment-640618020c918c13b93a05de,ecmwf00-a2d77f25-assumed-7b9a425c47be-2-20260226,2026-02-26T00:00:00+00:00,2026-02-26T10:00:00+00:00
2026-02-26T12:00:00+00:00,turbine-2,2026-02-26T16:00:00+00:00,4,0.552072,model-weather-experiment-640618020c918c13b93a05de,ecmwf00-a2d77f25-assumed-7b9a425c47be-2-20260226,2026-02-26T00:00:00+00:00,2026-02-26T10:00:00+00:00
2026-02-26T12:00:00+00:00,turbine-2,2026-02-26T17:00:00+00:00,5,0.756829,model-weather-experiment-640618020c918c13b93a05de,ecmwf00-a2d77f25-assumed-7b9a425c47be-2-20260226,2026-02-26T00:00:00+00:00,2026-02-26T10:00:00+00:00
2026-02-26T12:00:00+00:00,turbine-2,2026-02-26T18:00:00+00:00,6,0.734225,model-weather-experiment-640618020c918c13b93a05de,ecmwf00-a2d77f25-assumed-7b9a425c47be-2-20260226,2026-02-26T00:00:00+00:00,2026-02-26T10:00:00+00:00
2026-02-26T12:00:00+00:00,turbine-2,2026-02-26T19:00:00+00:00,7,0.353534,model-weather-experiment-640618020c918c13b93a05de,ecmwf00-a2d77f25-assumed-7b9a425c47be-2-20260226,2026-02-26T00:00:00+00:00,2026-02-26T10:00:00+00:00
2026-02-26T12:00:00+00:00,turbine-2,2026-02-26T20:00:00+00:00,8,0.259061,model-weather-experiment-640618020c918c13b93a05de,ecmwf00-a2d77f25-assumed-7b9a425c47be-2-20260226,2026-02-26T00:00:00+00:00,2026-02-26T10:00:00+00:00
2026-02-26T12:00:00+00:00,turbine-2,2026-02-26T21:00:00+00:00,9,0.327768,model-weather-experiment-640618020c918c13b93a05de,ecmwf00-a2d77f25-assumed-7b9a425c47be-2-20260226,2026-02-26T00:00:00+00:00,2026-02-26T10:00:00+00:00
2026-02-26T12:00:00+00:00,turbine-2,2026-02-26T22:00:00+00:00,10,0.429008,model-weather-experiment-640618020c918c13b93a05de,ecmwf00-a2d77f25-assumed-7b9a425c47be-2-20260226,2026-02-26T00:00:00+00:00,2026-02-26T10:00:00+00:00
2026-02-26T12:00:00+00:00,turbine-2,2026-02-26T23:00:00+00:00,11,0.338063,model-weather-experiment-640618020c918c13b93a05de,ecmwf00-a2d77f25-assumed-7b9a425c47be-2-20260226,2026-02-26T00:00:00+00:00,2026-02-26T10:00:00+00:00
2026-02-26T12:00:00+00:00,turbine-2,2026-02-27T00:00:00+00:00,12,0.237585,model-weather-experiment-640618020c918c13b93a05de,ecmwf00-a2d77f25-assumed-7b9a425c47be-2-20260226,2026-02-26T00:00:00+00:00,2026-02-26T10:00:00+00:00
2026-02-26T12:00:00+00:00,turbine-2,2026-02-27T01:00:00+00:00,13,0.213183,model-weather-experiment-640618020c918c13b93a05de,ecmwf00-a2d77f25-assumed-7b9a425c47be-2-20260226,2026-02-26T00:00:00+00:00,2026-02-26T10:00:00+00:00
2026-02-26T12:00:00+00:00,turbine-2,2026-02-27T02:00:00+00:00,14,0.210712,model-weather-experiment-640618020c918c13b93a05de,ecmwf00-a2d77f25-assumed-7b9a425c47be-2-20260226,2026-02-26T00:00:00+00:00,2026-02-26T10:00:00+00:00
2026-02-26T12:00:00+00:00,turbine-2,2026-02-27T03:00:00+00:00,15,0.208966,model-weather-experiment-640618020c918c13b93a05de,ecmwf00-a2d77f25-assumed-7b9a425c47be-2-20260226,2026-02-26T00:00:00+00:00,2026-02-26T10:00:00+00:00
2026-02-26T12:00:00+00:00,turbine-2,2026-02-27T04:00:00+00:00,16,0.130087,model-weather-experiment-640618020c918c13b93a05de,ecmwf00-a2d77f25-assumed-7b9a425c47be-2-20260226,2026-02-26T00:00:00+00:00,2026-02-26T10:00:00+00:00
2026-02-26T12:00:00+00:00,turbine-2,2026-02-27T05:00:00+00:00,17,0.135298,model-weather-experiment-640618020c918c13b93a05de,ecmwf00-a2d77f25-assumed-7b9a425c47be-2-20260226,2026-02-26T00:00:00+00:00,2026-02-26T10:00:00+00:00
2026-02-26T12:00:00+00:00,turbine-2,2026-02-27T06:00:00+00:00,18,0.097007,model-weather-experiment-640618020c918c13b93a05de,ecmwf00-a2d77f25-assumed-7b9a425c47be-2-20260226,2026-02-26T00:00:00+00:00,2026-02-26T10:00:00+00:00
2026-02-26T12:00:00+00:00,turbine-2,2026-02-27T07:00:00+00:00,19,0.163378,model-weather-experiment-640618020c918c13b93a05de,ecmwf00-a2d77f25-assumed-7b9a425c47be-2-20260226,2026-02-26T00:00:00+00:00,2026-02-26T10:00:00+00:00
2026-02-26T12:00:00+00:00,turbine-2,2026-02-27T08:00:00+00:00,20,0.187993,model-weather-experiment-640618020c918c13b93a05de,ecmwf00-a2d77f25-assumed-7b9a425c47be-2-20260226,2026-02-26T00:00:00+00:00,2026-02-26T10:00:00+00:00
2026-02-26T12:00:00+00:00,turbine-2,2026-02-27T09:00:00+00:00,21,0.238025,model-weather-experiment-640618020c918c13b93a05de,ecmwf00-a2d77f25-assumed-7b9a425c47be-2-20260226,2026-02-26T00:00:00+00:00,2026-02-26T10:00:00+00:00
2026-02-26T12:00:00+00:00,turbine-2,2026-02-27T10:00:00+00:00,22,0.32193,model-weather-experiment-640618020c918c13b93a05de,ecmwf00-a2d77f25-assumed-7b9a425c47be-2-20260226,2026-02-26T00:00:00+00:00,2026-02-26T10:00:00+00:00
2026-02-26T12:00:00+00:00,turbine-2,2026-02-27T11:00:00+00:00,23,0.564622,model-weather-experiment-640618020c918c13b93a05de,ecmwf00-a2d77f25-assumed-7b9a425c47be-2-20260226,2026-02-26T00:00:00+00:00,2026-02-26T10:00:00+00:00
2026-02-26T12:00:00+00:00,turbine-2,2026-02-27T12:00:00+00:00,24,0.610888,model-weather-experiment-640618020c918c13b93a05de,ecmwf00-a2d77f25-assumed-7b9a425c47be-2-20260226,2026-02-26T00:00:00+00:00,2026-02-26T10:00:00+00:00
2026-02-26T12:00:00+00:00,turbine-2,2026-02-27T13:00:00+00:00,25,0.648809,model-weather-experiment-640618020c918c13b93a05de,ecmwf00-a2d77f25-assumed-7b9a425c47be-2-20260226,2026-02-26T00:00:00+00:00,2026-02-26T10:00:00+00:00
2026-02-26T12:00:00+00:00,turbine-2,2026-02-27T14:00:00+00:00,26,0.5129,model-weather-experiment-640618020c918c13b93a05de,ecmwf00-a2d77f25-assumed-7b9a425c47be-2-20260226,2026-02-26T00:00:00+00:00,2026-02-26T10:00:00+00:00
2026-02-26T12:00:00+00:00,turbine-2,2026-02-27T15:00:00+00:00,27,0.540813,model-weather-experiment-640618020c918c13b93a05de,ecmwf00-a2d77f25-assumed-7b9a425c47be-2-20260226,2026-02-26T00:00:00+00:00,2026-02-26T10:00:00+00:00
2026-02-26T12:00:00+00:00,turbine-2,2026-02-27T16:00:00+00:00,28,0.473304,model-weather-experiment-640618020c918c13b93a05de,ecmwf00-a2d77f25-assumed-7b9a425c47be-2-20260226,2026-02-26T00:00:00+00:00,2026-02-26T10:00:00+00:00
2026-02-26T12:00:00+00:00,turbine-2,2026-02-27T17:00:00+00:00,29,0.369842,model-weather-experiment-640618020c918c13b93a05de,ecmwf00-a2d77f25-assumed-7b9a425c47be-2-20260226,2026-02-26T00:00:00+00:00,2026-02-26T10:00:00+00:00
2026-02-26T12:00:00+00:00,turbine-2,2026-02-27T18:00:00+00:00,30,0.611546,model-weather-experiment-640618020c918c13b93a05de,ecmwf00-a2d77f25-assumed-7b9a425c47be-2-20260226,2026-02-26T00:00:00+00:00,2026-02-26T10:00:00+00:00
2026-02-26T12:00:00+00:00,turbine-2,2026-02-27T19:00:00+00:00,31,0.473651,model-weather-experiment-640618020c918c13b93a05de,ecmwf00-a2d77f25-assumed-7b9a425c47be-2-20260226,2026-02-26T00:00:00+00:00,2026-02-26T10:00:00+00:00
2026-02-26T12:00:00+00:00,turbine-2,2026-02-27T20:00:00+00:00,32,0.368114,model-weather-experiment-640618020c918c13b93a05de,ecmwf00-a2d77f25-assumed-7b9a425c47be-2-20260226,2026-02-26T00:00:00+00:00,2026-02-26T10:00:00+00:00
2026-02-26T12:00:00+00:00,turbine-2,2026-02-27T21:00:00+00:00,33,0.497694,model-weather-experiment-640618020c918c13b93a05de,ecmwf00-a2d77f25-assumed-7b9a425c47be-2-20260226,2026-02-26T00:00:00+00:00,2026-02-26T10:00:00+00:00
2026-02-26T12:00:00+00:00,turbine-2,2026-02-27T22:00:00+00:00,34,0.474736,model-weather-experiment-640618020c918c13b93a05de,ecmwf00-a2d77f25-assumed-7b9a425c47be-2-20260226,2026-02-26T00:00:00+00:00,2026-02-26T10:00:00+00:00
2026-02-26T12:00:00+00:00,turbine-2,2026-02-27T23:00:00+00:00,35,0.606917,model-weather-experiment-640618020c918c13b93a05de,ecmwf00-a2d77f25-assumed-7b9a425c47be-2-20260226,2026-02-26T00:00:00+00:00,2026-02-26T10:00:00+00:00
2026-02-26T12:00:00+00:00,turbine-2,2026-02-28T00:00:00+00:00,36,0.610481,model-weather-experiment-640618020c918c13b93a05de,ecmwf00-a2d77f25-assumed-7b9a425c47be-2-20260226,2026-02-26T00:00:00+00:00,2026-02-26T10:00:00+00:00
2026-02-26T12:00:00+00:00,turbine-2,2026-02-28T01:00:00+00:00,37,0.57315,model-weather-experiment-640618020c918c13b93a05de,ecmwf00-a2d77f25-assumed-7b9a425c47be-2-20260226,2026-02-26T00:00:00+00:00,2026-02-26T10:00:00+00:00
2026-02-26T12:00:00+00:00,turbine-2,2026-02-28T02:00:00+00:00,38,0.6028,model-weather-experiment-640618020c918c13b93a05de,ecmwf00-a2d77f25-assumed-7b9a425c47be-2-20260226,2026-02-26T00:00:00+00:00,2026-02-26T10:00:00+00:00
2026-02-26T12:00:00+00:00,turbine-2,2026-02-28T03:00:00+00:00,39,0.595332,model-weather-experiment-640618020c918c13b93a05de,ecmwf00-a2d77f25-assumed-7b9a425c47be-2-20260226,2026-02-26T00:00:00+00:00,2026-02-26T10:00:00+00:00
2026-02-26T12:00:00+00:00,turbine-2,2026-02-28T04:00:00+00:00,40,0.597595,model-weather-experiment-640618020c918c13b93a05de,ecmwf00-a2d77f25-assumed-7b9a425c47be-2-20260226,2026-02-26T00:00:00+00:00,2026-02-26T10:00:00+00:00
2026-02-26T12:00:00+00:00,turbine-2,2026-02-28T05:00:00+00:00,41,0.575328,model-weather-experiment-640618020c918c13b93a05de,ecmwf00-a2d77f25-assumed-7b9a425c47be-2-20260226,2026-02-26T00:00:00+00:00,2026-02-26T10:00:00+00:00
2026-02-26T12:00:00+00:00,turbine-2,2026-02-28T06:00:00+00:00,42,0.551403,model-weather-experiment-640618020c918c13b93a05de,ecmwf00-a2d77f25-assumed-7b9a425c47be-2-20260226,2026-02-26T00:00:00+00:00,2026-02-26T10:00:00+00:00
2026-02-26T12:00:00+00:00,turbine-2,2026-02-28T07:00:00+00:00,43,0.587165,model-weather-experiment-640618020c918c13b93a05de,ecmwf00-a2d77f25-assumed-7b9a425c47be-2-20260226,2026-02-26T00:00:00+00:00,2026-02-26T10:00:00+00:00
2026-02-26T12:00:00+00:00,turbine-2,2026-02-28T08:00:00+00:00,44,0.576196,model-weather-experiment-640618020c918c13b93a05de,ecmwf00-a2d77f25-assumed-7b9a425c47be-2-20260226,2026-02-26T00:00:00+00:00,2026-02-26T10:00:00+00:00
2026-02-26T12:00:00+00:00,turbine-2,2026-02-28T09:00:00+00:00,45,0.574799,model-weather-experiment-640618020c918c13b93a05de,ecmwf00-a2d77f25-assumed-7b9a425c47be-2-20260226,2026-02-26T00:00:00+00:00,2026-02-26T10:00:00+00:00
2026-02-26T12:00:00+00:00,turbine-2,2026-02-28T10:00:00+00:00,46,0.492594,model-weather-experiment-640618020c918c13b93a05de,ecmwf00-a2d77f25-assumed-7b9a425c47be-2-20260226,2026-02-26T00:00:00+00:00,2026-02-26T10:00:00+00:00
2026-02-26T12:00:00+00:00,turbine-2,2026-02-28T11:00:00+00:00,47,0.485623,model-weather-experiment-640618020c918c13b93a05de,ecmwf00-a2d77f25-assumed-7b9a425c47be-2-20260226,2026-02-26T00:00:00+00:00,2026-02-26T10:00:00+00:00
2026-02-26T12:00:00+00:00,turbine-2,2026-02-28T12:00:00+00:00,48,0.490511,model-weather-experiment-640618020c918c13b93a05de,ecmwf00-a2d77f25-assumed-7b9a425c47be-2-20260226,2026-02-26T00:00:00+00:00,2026-02-26T10:00:00+00:00
2026-02-27T12:00:00+00:00,turbine-1,2026-02-27T13:00:00+00:00,1,0.505597,model-weather-experiment-640618020c918c13b93a05de,ecmwf00-a2d77f25-assumed-7b9a425c47be-1-20260227,2026-02-27T00:00:00+00:00,2026-02-27T10:00:00+00:00
2026-02-27T12:00:00+00:00,turbine-1,2026-02-27T14:00:00+00:00,2,0.440664,model-weather-experiment-640618020c918c13b93a05de,ecmwf00-a2d77f25-assumed-7b9a425c47be-1-20260227,2026-02-27T00:00:00+00:00,2026-02-27T10:00:00+00:00
2026-02-27T12:00:00+00:00,turbine-1,2026-02-27T15:00:00+00:00,3,0.559411,model-weather-experiment-640618020c918c13b93a05de,ecmwf00-a2d77f25-assumed-7b9a425c47be-1-20260227,2026-02-27T00:00:00+00:00,2026-02-27T10:00:00+00:00
2026-02-27T12:00:00+00:00,turbine-1,2026-02-27T16:00:00+00:00,4,0.621953,model-weather-experiment-640618020c918c13b93a05de,ecmwf00-a2d77f25-assumed-7b9a425c47be-1-20260227,2026-02-27T00:00:00+00:00,2026-02-27T10:00:00+00:00
2026-02-27T12:00:00+00:00,turbine-1,2026-02-27T17:00:00+00:00,5,0.652883,model-weather-experiment-640618020c918c13b93a05de,ecmwf00-a2d77f25-assumed-7b9a425c47be-1-20260227,2026-02-27T00:00:00+00:00,2026-02-27T10:00:00+00:00
2026-02-27T12:00:00+00:00,turbine-1,2026-02-27T18:00:00+00:00,6,0.627786,model-weather-experiment-640618020c918c13b93a05de,ecmwf00-a2d77f25-assumed-7b9a425c47be-1-20260227,2026-02-27T00:00:00+00:00,2026-02-27T10:00:00+00:00
2026-02-27T12:00:00+00:00,turbine-1,2026-02-27T19:00:00+00:00,7,0.416877,model-weather-experiment-640618020c918c13b93a05de,ecmwf00-a2d77f25-assumed-7b9a425c47be-1-20260227,2026-02-27T00:00:00+00:00,2026-02-27T10:00:00+00:00
2026-02-27T12:00:00+00:00,turbine-1,2026-02-27T20:00:00+00:00,8,0.462884,model-weather-experiment-640618020c918c13b93a05de,ecmwf00-a2d77f25-assumed-7b9a425c47be-1-20260227,2026-02-27T00:00:00+00:00,2026-02-27T10:00:00+00:00
2026-02-27T12:00:00+00:00,turbine-1,2026-02-27T21:00:00+00:00,9,0.626637,model-weather-experiment-640618020c918c13b93a05de,ecmwf00-a2d77f25-assumed-7b9a425c47be-1-20260227,2026-02-27T00:00:00+00:00,2026-02-27T10:00:00+00:00
2026-02-27T12:00:00+00:00,turbine-1,2026-02-27T22:00:00+00:00,10,0.549773,model-weather-experiment-640618020c918c13b93a05de,ecmwf00-a2d77f25-assumed-7b9a425c47be-1-20260227,2026-02-27T00:00:00+00:00,2026-02-27T10:00:00+00:00
2026-02-27T12:00:00+00:00,turbine-1,2026-02-27T23:00:00+00:00,11,0.51631,model-weather-experiment-640618020c918c13b93a05de,ecmwf00-a2d77f25-assumed-7b9a425c47be-1-20260227,2026-02-27T00:00:00+00:00,2026-02-27T10:00:00+00:00
2026-02-27T12:00:00+00:00,turbine-1,2026-02-28T00:00:00+00:00,12,0.554751,model-weather-experiment-640618020c918c13b93a05de,ecmwf00-a2d77f25-assumed-7b9a425c47be-1-20260227,2026-02-27T00:00:00+00:00,2026-02-27T10:00:00+00:00
2026-02-27T12:00:00+00:00,turbine-1,2026-02-28T01:00:00+00:00,13,0.527708,model-weather-experiment-640618020c918c13b93a05de,ecmwf00-a2d77f25-assumed-7b9a425c47be-1-20260227,2026-02-27T00:00:00+00:00,2026-02-27T10:00:00+00:00
2026-02-27T12:00:00+00:00,turbine-1,2026-02-28T02:00:00+00:00,14,0.520081,model-weather-experiment-640618020c918c13b93a05de,ecmwf00-a2d77f25-assumed-7b9a425c47be-1-20260227,2026-02-27T00:00:00+00:00,2026-02-27T10:00:00+00:00
2026-02-27T12:00:00+00:00,turbine-1,2026-02-28T03:00:00+00:00,15,0.517375,model-weather-experiment-640618020c918c13b93a05de,ecmwf00-a2d77f25-assumed-7b9a425c47be-1-20260227,2026-02-27T00:00:00+00:00,2026-02-27T10:00:00+00:00
2026-02-27T12:00:00+00:00,turbine-1,2026-02-28T04:00:00+00:00,16,0.597418,model-weather-experiment-640618020c918c13b93a05de,ecmwf00-a2d77f25-assumed-7b9a425c47be-1-20260227,2026-02-27T00:00:00+00:00,2026-02-27T10:00:00+00:00
2026-02-27T12:00:00+00:00,turbine-1,2026-02-28T05:00:00+00:00,17,0.604163,model-weather-experiment-640618020c918c13b93a05de,ecmwf00-a2d77f25-assumed-7b9a425c47be-1-20260227,2026-02-27T00:00:00+00:00,2026-02-27T10:00:00+00:00
2026-02-27T12:00:00+00:00,turbine-1,2026-02-28T06:00:00+00:00,18,0.653165,model-weather-experiment-640618020c918c13b93a05de,ecmwf00-a2d77f25-assumed-7b9a425c47be-1-20260227,2026-02-27T00:00:00+00:00,2026-02-27T10:00:00+00:00
2026-02-27T12:00:00+00:00,turbine-1,2026-02-28T07:00:00+00:00,19,0.553243,model-weather-experiment-640618020c918c13b93a05de,ecmwf00-a2d77f25-assumed-7b9a425c47be-1-20260227,2026-02-27T00:00:00+00:00,2026-02-27T10:00:00+00:00
2026-02-27T12:00:00+00:00,turbine-1,2026-02-28T08:00:00+00:00,20,0.627774,model-weather-experiment-640618020c918c13b93a05de,ecmwf00-a2d77f25-assumed-7b9a425c47be-1-20260227,2026-02-27T00:00:00+00:00,2026-02-27T10:00:00+00:00
2026-02-27T12:00:00+00:00,turbine-1,2026-02-28T09:00:00+00:00,21,0.591386,model-weather-experiment-640618020c918c13b93a05de,ecmwf00-a2d77f25-assumed-7b9a425c47be-1-20260227,2026-02-27T00:00:00+00:00,2026-02-27T10:00:00+00:00
2026-02-27T12:00:00+00:00,turbine-1,2026-02-28T10:00:00+00:00,22,0.566947,model-weather-experiment-640618020c918c13b93a05de,ecmwf00-a2d77f25-assumed-7b9a425c47be-1-20260227,2026-02-27T00:00:00+00:00,2026-02-27T10:00:00+00:00
2026-02-27T12:00:00+00:00,turbine-1,2026-02-28T11:00:00+00:00,23,0.477218,model-weather-experiment-640618020c918c13b93a05de,ecmwf00-a2d77f25-assumed-7b9a425c47be-1-20260227,2026-02-27T00:00:00+00:00,2026-02-27T10:00:00+00:00
2026-02-27T12:00:00+00:00,turbine-1,2026-02-28T12:00:00+00:00,24,0.415367,model-weather-experiment-640618020c918c13b93a05de,ecmwf00-a2d77f25-assumed-7b9a425c47be-1-20260227,2026-02-27T00:00:00+00:00,2026-02-27T10:00:00+00:00
2026-02-27T12:00:00+00:00,turbine-1,2026-02-28T13:00:00+00:00,25,0.425285,model-weather-experiment-640618020c918c13b93a05de,ecmwf00-a2d77f25-assumed-7b9a425c47be-1-20260227,2026-02-27T00:00:00+00:00,2026-02-27T10:00:00+00:00
2026-02-27T12:00:00+00:00,turbine-1,2026-02-28T14:00:00+00:00,26,0.360025,model-weather-experiment-640618020c918c13b93a05de,ecmwf00-a2d77f25-assumed-7b9a425c47be-1-20260227,2026-02-27T00:00:00+00:00,2026-02-27T10:00:00+00:00
2026-02-27T12:00:00+00:00,turbine-1,2026-02-28T15:00:00+00:00,27,0.230253,model-weather-experiment-640618020c918c13b93a05de,ecmwf00-a2d77f25-assumed-7b9a425c47be-1-20260227,2026-02-27T00:00:00+00:00,2026-02-27T10:00:00+00:00
2026-02-27T12:00:00+00:00,turbine-1,2026-02-28T16:00:00+00:00,28,0.210566,model-weather-experiment-640618020c918c13b93a05de,ecmwf00-a2d77f25-assumed-7b9a425c47be-1-20260227,2026-02-27T00:00:00+00:00,2026-02-27T10:00:00+00:00
2026-02-27T12:00:00+00:00,turbine-1,2026-02-28T17:00:00+00:00,29,0.186996,model-weather-experiment-640618020c918c13b93a05de,ecmwf00-a2d77f25-assumed-7b9a425c47be-1-20260227,2026-02-27T00:00:00+00:00,2026-02-27T10:00:00+00:00
2026-02-27T12:00:00+00:00,turbine-1,2026-02-28T18:00:00+00:00,30,0.185496,model-weather-experiment-640618020c918c13b93a05de,ecmwf00-a2d77f25-assumed-7b9a425c47be-1-20260227,2026-02-27T00:00:00+00:00,2026-02-27T10:00:00+00:00
2026-02-27T12:00:00+00:00,turbine-1,2026-02-28T19:00:00+00:00,31,0.119716,model-weather-experiment-640618020c918c13b93a05de,ecmwf00-a2d77f25-assumed-7b9a425c47be-1-20260227,2026-02-27T00:00:00+00:00,2026-02-27T10:00:00+00:00
2026-02-27T12:00:00+00:00,turbine-1,2026-02-28T20:00:00+00:00,32,0.091664,model-weather-experiment-640618020c918c13b93a05de,ecmwf00-a2d77f25-assumed-7b9a425c47be-1-20260227,2026-02-27T00:00:00+00:00,2026-02-27T10:00:00+00:00
2026-02-27T12:00:00+00:00,turbine-1,2026-02-28T21:00:00+00:00,33,0.082928,model-weather-experiment-640618020c918c13b93a05de,ecmwf00-a2d77f25-assumed-7b9a425c47be-1-20260227,2026-02-27T00:00:00+00:00,2026-02-27T10:00:00+00:00
2026-02-27T12:00:00+00:00,turbine-1,2026-02-28T22:00:00+00:00,34,0.063416,model-weather-experiment-640618020c918c13b93a05de,ecmwf00-a2d77f25-assumed-7b9a425c47be-1-20260227,2026-02-27T00:00:00+00:00,2026-02-27T10:00:00+00:00
2026-02-27T12:00:00+00:00,turbine-1,2026-02-28T23:00:00+00:00,35,0.0627,model-weather-experiment-640618020c918c13b93a05de,ecmwf00-a2d77f25-assumed-7b9a425c47be-1-20260227,2026-02-27T00:00:00+00:00,2026-02-27T10:00:00+00:00
2026-02-27T12:00:00+00:00,turbine-1,2026-03-01T00:00:00+00:00,36,0.069855,model-weather-experiment-640618020c918c13b93a05de,ecmwf00-a2d77f25-assumed-7b9a425c47be-1-20260227,2026-02-27T00:00:00+00:00,2026-02-27T10:00:00+00:00
2026-02-27T12:00:00+00:00,turbine-1,2026-03-01T01:00:00+00:00,37,0.070906,model-weather-experiment-640618020c918c13b93a05de,ecmwf00-a2d77f25-assumed-7b9a425c47be-1-20260227,2026-02-27T00:00:00+00:00,2026-02-27T10:00:00+00:00
2026-02-27T12:00:00+00:00,turbine-1,2026-03-01T02:00:00+00:00,38,0.070158,model-weather-experiment-640618020c918c13b93a05de,ecmwf00-a2d77f25-assumed-7b9a425c47be-1-20260227,2026-02-27T00:00:00+00:00,2026-02-27T10:00:00+00:00
2026-02-27T12:00:00+00:00,turbine-1,2026-03-01T03:00:00+00:00,39,0.066168,model-weather-experiment-640618020c918c13b93a05de,ecmwf00-a2d77f25-assumed-7b9a425c47be-1-20260227,2026-02-27T00:00:00+00:00,2026-02-27T10:00:00+00:00
2026-02-27T12:00:00+00:00,turbine-1,2026-03-01T04:00:00+00:00,40,0.071114,model-weather-experiment-640618020c918c13b93a05de,ecmwf00-a2d77f25-assumed-7b9a425c47be-1-20260227,2026-02-27T00:00:00+00:00,2026-02-27T10:00:00+00:00
2026-02-27T12:00:00+00:00,turbine-1,2026-03-01T05:00:00+00:00,41,0.068245,model-weather-experiment-640618020c918c13b93a05de,ecmwf00-a2d77f25-assumed-7b9a425c47be-1-20260227,2026-02-27T00:00:00+00:00,2026-02-27T10:00:00+00:00
2026-02-27T12:00:00+00:00,turbine-1,2026-03-01T06:00:00+00:00,42,0.076529,model-weather-experiment-640618020c918c13b93a05de,ecmwf00-a2d77f25-assumed-7b9a425c47be-1-20260227,2026-02-27T00:00:00+00:00,2026-02-27T10:00:00+00:00
2026-02-27T12:00:00+00:00,turbine-1,2026-03-01T07:00:00+00:00,43,0.067059,model-weather-experiment-640618020c918c13b93a05de,ecmwf00-a2d77f25-assumed-7b9a425c47be-1-20260227,2026-02-27T00:00:00+00:00,2026-02-27T10:00:00+00:00
2026-02-27T12:00:00+00:00,turbine-1,2026-03-01T08:00:00+00:00,44,0.069908,model-weather-experiment-640618020c918c13b93a05de,ecmwf00-a2d77f25-assumed-7b9a425c47be-1-20260227,2026-02-27T00:00:00+00:00,2026-02-27T10:00:00+00:00
2026-02-27T12:00:00+00:00,turbine-1,2026-03-01T09:00:00+00:00,45,0.059177,model-weather-experiment-640618020c918c13b93a05de,ecmwf00-a2d77f25-assumed-7b9a425c47be-1-20260227,2026-02-27T00:00:00+00:00,2026-02-27T10:00:00+00:00
2026-02-27T12:00:00+00:00,turbine-1,2026-03-01T10:00:00+00:00,46,0.063673,model-weather-experiment-640618020c918c13b93a05de,ecmwf00-a2d77f25-assumed-7b9a425c47be-1-20260227,2026-02-27T00:00:00+00:00,2026-02-27T10:00:00+00:00
2026-02-27T12:00:00+00:00,turbine-1,2026-03-01T11:00:00+00:00,47,0.070512,model-weather-experiment-640618020c918c13b93a05de,ecmwf00-a2d77f25-assumed-7b9a425c47be-1-20260227,2026-02-27T00:00:00+00:00,2026-02-27T10:00:00+00:00
2026-02-27T12:00:00+00:00,turbine-1,2026-03-01T12:00:00+00:00,48,0.0473,model-weather-experiment-640618020c918c13b93a05de,ecmwf00-a2d77f25-assumed-7b9a425c47be-1-20260227,2026-02-27T00:00:00+00:00,2026-02-27T10:00:00+00:00
2026-02-27T12:00:00+00:00,turbine-2,2026-02-27T13:00:00+00:00,1,0.529687,model-weather-experiment-640618020c918c13b93a05de,ecmwf00-a2d77f25-assumed-7b9a425c47be-2-20260227,2026-02-27T00:00:00+00:00,2026-02-27T10:00:00+00:00
2026-02-27T12:00:00+00:00,turbine-2,2026-02-27T14:00:00+00:00,2,0.432486,model-weather-experiment-640618020c918c13b93a05de,ecmwf00-a2d77f25-assumed-7b9a425c47be-2-20260227,2026-02-27T00:00:00+00:00,2026-02-27T10:00:00+00:00
2026-02-27T12:00:00+00:00,turbine-2,2026-02-27T15:00:00+00:00,3,0.537081,model-weather-experiment-640618020c918c13b93a05de,ecmwf00-a2d77f25-assumed-7b9a425c47be-2-20260227,2026-02-27T00:00:00+00:00,2026-02-27T10:00:00+00:00
2026-02-27T12:00:00+00:00,turbine-2,2026-02-27T16:00:00+00:00,4,0.624629,model-weather-experiment-640618020c918c13b93a05de,ecmwf00-a2d77f25-assumed-7b9a425c47be-2-20260227,2026-02-27T00:00:00+00:00,2026-02-27T10:00:00+00:00
2026-02-27T12:00:00+00:00,turbine-2,2026-02-27T17:00:00+00:00,5,0.678437,model-weather-experiment-640618020c918c13b93a05de,ecmwf00-a2d77f25-assumed-7b9a425c47be-2-20260227,2026-02-27T00:00:00+00:00,2026-02-27T10:00:00+00:00
2026-02-27T12:00:00+00:00,turbine-2,2026-02-27T18:00:00+00:00,6,0.633926,model-weather-experiment-640618020c918c13b93a05de,ecmwf00-a2d77f25-assumed-7b9a425c47be-2-20260227,2026-02-27T00:00:00+00:00,2026-02-27T10:00:00+00:00
2026-02-27T12:00:00+00:00,turbine-2,2026-02-27T19:00:00+00:00,7,0.425667,model-weather-experiment-640618020c918c13b93a05de,ecmwf00-a2d77f25-assumed-7b9a425c47be-2-20260227,2026-02-27T00:00:00+00:00,2026-02-27T10:00:00+00:00
2026-02-27T12:00:00+00:00,turbine-2,2026-02-27T20:00:00+00:00,8,0.486763,model-weather-experiment-640618020c918c13b93a05de,ecmwf00-a2d77f25-assumed-7b9a425c47be-2-20260227,2026-02-27T00:00:00+00:00,2026-02-27T10:00:00+00:00
2026-02-27T12:00:00+00:00,turbine-2,2026-02-27T21:00:00+00:00,9,0.667575,model-weather-experiment-640618020c918c13b93a05de,ecmwf00-a2d77f25-assumed-7b9a425c47be-2-20260227,2026-02-27T00:00:00+00:00,2026-02-27T10:00:00+00:00
2026-02-27T12:00:00+00:00,turbine-2,2026-02-27T22:00:00+00:00,10,0.580263,model-weather-experiment-640618020c918c13b93a05de,ecmwf00-a2d77f25-assumed-7b9a425c47be-2-20260227,2026-02-27T00:00:00+00:00,2026-02-27T10:00:00+00:00
2026-02-27T12:00:00+00:00,turbine-2,2026-02-27T23:00:00+00:00,11,0.565458,model-weather-experiment-640618020c918c13b93a05de,ecmwf00-a2d77f25-assumed-7b9a425c47be-2-20260227,2026-02-27T00:00:00+00:00,2026-02-27T10:00:00+00:00
2026-02-27T12:00:00+00:00,turbine-2,2026-02-28T00:00:00+00:00,12,0.593213,model-weather-experiment-640618020c918c13b93a05de,ecmwf00-a2d77f25-assumed-7b9a425c47be-2-20260227,2026-02-27T00:00:00+00:00,2026-02-27T10:00:00+00:00
2026-02-27T12:00:00+00:00,turbine-2,2026-02-28T01:00:00+00:00,13,0.566104,model-weather-experiment-640618020c918c13b93a05de,ecmwf00-a2d77f25-assumed-7b9a425c47be-2-20260227,2026-02-27T00:00:00+00:00,2026-02-27T10:00:00+00:00
2026-02-27T12:00:00+00:00,turbine-2,2026-02-28T02:00:00+00:00,14,0.570077,model-weather-experiment-640618020c918c13b93a05de,ecmwf00-a2d77f25-assumed-7b9a425c47be-2-20260227,2026-02-27T00:00:00+00:00,2026-02-27T10:00:00+00:00
2026-02-27T12:00:00+00:00,turbine-2,2026-02-28T03:00:00+00:00,15,0.571544,model-weather-experiment-640618020c918c13b93a05de,ecmwf00-a2d77f25-assumed-7b9a425c47be-2-20260227,2026-02-27T00:00:00+00:00,2026-02-27T10:00:00+00:00
2026-02-27T12:00:00+00:00,turbine-2,2026-02-28T04:00:00+00:00,16,0.697579,model-weather-experiment-640618020c918c13b93a05de,ecmwf00-a2d77f25-assumed-7b9a425c47be-2-20260227,2026-02-27T00:00:00+00:00,2026-02-27T10:00:00+00:00
2026-02-27T12:00:00+00:00,turbine-2,2026-02-28T05:00:00+00:00,17,0.650865,model-weather-experiment-640618020c918c13b93a05de,ecmwf00-a2d77f25-assumed-7b9a425c47be-2-20260227,2026-02-27T00:00:00+00:00,2026-02-27T10:00:00+00:00
2026-02-27T12:00:00+00:00,turbine-2,2026-02-28T06:00:00+00:00,18,0.68097,model-weather-experiment-640618020c918c13b93a05de,ecmwf00-a2d77f25-assumed-7b9a425c47be-2-20260227,2026-02-27T00:00:00+00:00,2026-02-27T10:00:00+00:00
2026-02-27T12:00:00+00:00,turbine-2,2026-02-28T07:00:00+00:00,19,0.554601,model-weather-experiment-640618020c918c13b93a05de,ecmwf00-a2d77f25-assumed-7b9a425c47be-2-20260227,2026-02-27T00:00:00+00:00,2026-02-27T10:00:00+00:00
2026-02-27T12:00:00+00:00,turbine-2,2026-02-28T08:00:00+00:00,20,0.679516,model-weather-experiment-640618020c918c13b93a05de,ecmwf00-a2d77f25-assumed-7b9a425c47be-2-20260227,2026-02-27T00:00:00+00:00,2026-02-27T10:00:00+00:00
2026-02-27T12:00:00+00:00,turbine-2,2026-02-28T09:00:00+00:00,21,0.582375,model-weather-experiment-640618020c918c13b93a05de,ecmwf00-a2d77f25-assumed-7b9a425c47be-2-20260227,2026-02-27T00:00:00+00:00,2026-02-27T10:00:00+00:00
2026-02-27T12:00:00+00:00,turbine-2,2026-02-28T10:00:00+00:00,22,0.557099,model-weather-experiment-640618020c918c13b93a05de,ecmwf00-a2d77f25-assumed-7b9a425c47be-2-20260227,2026-02-27T00:00:00+00:00,2026-02-27T10:00:00+00:00
2026-02-27T12:00:00+00:00,turbine-2,2026-02-28T11:00:00+00:00,23,0.451152,model-weather-experiment-640618020c918c13b93a05de,ecmwf00-a2d77f25-assumed-7b9a425c47be-2-20260227,2026-02-27T00:00:00+00:00,2026-02-27T10:00:00+00:00
2026-02-27T12:00:00+00:00,turbine-2,2026-02-28T12:00:00+00:00,24,0.335768,model-weather-experiment-640618020c918c13b93a05de,ecmwf00-a2d77f25-assumed-7b9a425c47be-2-20260227,2026-02-27T00:00:00+00:00,2026-02-27T10:00:00+00:00
2026-02-27T12:00:00+00:00,turbine-2,2026-02-28T13:00:00+00:00,25,0.342951,model-weather-experiment-640618020c918c13b93a05de,ecmwf00-a2d77f25-assumed-7b9a425c47be-2-20260227,2026-02-27T00:00:00+00:00,2026-02-27T10:00:00+00:00
2026-02-27T12:00:00+00:00,turbine-2,2026-02-28T14:00:00+00:00,26,0.301111,model-weather-experiment-640618020c918c13b93a05de,ecmwf00-a2d77f25-assumed-7b9a425c47be-2-20260227,2026-02-27T00:00:00+00:00,2026-02-27T10:00:00+00:00
2026-02-27T12:00:00+00:00,turbine-2,2026-02-28T15:00:00+00:00,27,0.186744,model-weather-experiment-640618020c918c13b93a05de,ecmwf00-a2d77f25-assumed-7b9a425c47be-2-20260227,2026-02-27T00:00:00+00:00,2026-02-27T10:00:00+00:00
2026-02-27T12:00:00+00:00,turbine-2,2026-02-28T16:00:00+00:00,28,0.168136,model-weather-experiment-640618020c918c13b93a05de,ecmwf00-a2d77f25-assumed-7b9a425c47be-2-20260227,2026-02-27T00:00:00+00:00,2026-02-27T10:00:00+00:00
2026-02-27T12:00:00+00:00,turbine-2,2026-02-28T17:00:00+00:00,29,0.159355,model-weather-experiment-640618020c918c13b93a05de,ecmwf00-a2d77f25-assumed-7b9a425c47be-2-20260227,2026-02-27T00:00:00+00:00,2026-02-27T10:00:00+00:00
2026-02-27T12:00:00+00:00,turbine-2,2026-02-28T18:00:00+00:00,30,0.149875,model-weather-experiment-640618020c918c13b93a05de,ecmwf00-a2d77f25-assumed-7b9a425c47be-2-20260227,2026-02-27T00:00:00+00:00,2026-02-27T10:00:00+00:00
2026-02-27T12:00:00+00:00,turbine-2,2026-02-28T19:00:00+00:00,31,0.075292,model-weather-experiment-640618020c918c13b93a05de,ecmwf00-a2d77f25-assumed-7b9a425c47be-2-20260227,2026-02-27T00:00:00+00:00,2026-02-27T10:00:00+00:00
2026-02-27T12:00:00+00:00,turbine-2,2026-02-28T20:00:00+00:00,32,0.063133,model-weather-experiment-640618020c918c13b93a05de,ecmwf00-a2d77f25-assumed-7b9a425c47be-2-20260227,2026-02-27T00:00:00+00:00,2026-02-27T10:00:00+00:00
2026-02-27T12:00:00+00:00,turbine-2,2026-02-28T21:00:00+00:00,33,0.060023,model-weather-experiment-640618020c918c13b93a05de,ecmwf00-a2d77f25-assumed-7b9a425c47be-2-20260227,2026-02-27T00:00:00+00:00,2026-02-27T10:00:00+00:00
2026-02-27T12:00:00+00:00,turbine-2,2026-02-28T22:00:00+00:00,34,0.046441,model-weather-experiment-640618020c918c13b93a05de,ecmwf00-a2d77f25-assumed-7b9a425c47be-2-20260227,2026-02-27T00:00:00+00:00,2026-02-27T10:00:00+00:00
2026-02-27T12:00:00+00:00,turbine-2,2026-02-28T23:00:00+00:00,35,0.044879,model-weather-experiment-640618020c918c13b93a05de,ecmwf00-a2d77f25-assumed-7b9a425c47be-2-20260227,2026-02-27T00:00:00+00:00,2026-02-27T10:00:00+00:00
2026-02-27T12:00:00+00:00,turbine-2,2026-03-01T00:00:00+00:00,36,0.050716,model-weather-experiment-640618020c918c13b93a05de,ecmwf00-a2d77f25-assumed-7b9a425c47be-2-20260227,2026-02-27T00:00:00+00:00,2026-02-27T10:00:00+00:00
2026-02-27T12:00:00+00:00,turbine-2,2026-03-01T01:00:00+00:00,37,0.055283,model-weather-experiment-640618020c918c13b93a05de,ecmwf00-a2d77f25-assumed-7b9a425c47be-2-20260227,2026-02-27T00:00:00+00:00,2026-02-27T10:00:00+00:00
2026-02-27T12:00:00+00:00,turbine-2,2026-03-01T02:00:00+00:00,38,0.055557,model-weather-experiment-640618020c918c13b93a05de,ecmwf00-a2d77f25-assumed-7b9a425c47be-2-20260227,2026-02-27T00:00:00+00:00,2026-02-27T10:00:00+00:00
2026-02-27T12:00:00+00:00,turbine-2,2026-03-01T03:00:00+00:00,39,0.052628,model-weather-experiment-640618020c918c13b93a05de,ecmwf00-a2d77f25-assumed-7b9a425c47be-2-20260227,2026-02-27T00:00:00+00:00,2026-02-27T10:00:00+00:00
2026-02-27T12:00:00+00:00,turbine-2,2026-03-01T04:00:00+00:00,40,0.050609,model-weather-experiment-640618020c918c13b93a05de,ecmwf00-a2d77f25-assumed-7b9a425c47be-2-20260227,2026-02-27T00:00:00+00:00,2026-02-27T10:00:00+00:00
2026-02-27T12:00:00+00:00,turbine-2,2026-03-01T05:00:00+00:00,41,0.053937,model-weather-experiment-640618020c918c13b93a05de,ecmwf00-a2d77f25-assumed-7b9a425c47be-2-20260227,2026-02-27T00:00:00+00:00,2026-02-27T10:00:00+00:00
2026-02-27T12:00:00+00:00,turbine-2,2026-03-01T06:00:00+00:00,42,0.053167,model-weather-experiment-640618020c918c13b93a05de,ecmwf00-a2d77f25-assumed-7b9a425c47be-2-20260227,2026-02-27T00:00:00+00:00,2026-02-27T10:00:00+00:00
2026-02-27T12:00:00+00:00,turbine-2,2026-03-01T07:00:00+00:00,43,0.052224,model-weather-experiment-640618020c918c13b93a05de,ecmwf00-a2d77f25-assumed-7b9a425c47be-2-20260227,2026-02-27T00:00:00+00:00,2026-02-27T10:00:00+00:00
2026-02-27T12:00:00+00:00,turbine-2,2026-03-01T08:00:00+00:00,44,0.050217,model-weather-experiment-640618020c918c13b93a05de,ecmwf00-a2d77f25-assumed-7b9a425c47be-2-20260227,2026-02-27T00:00:00+00:00,2026-02-27T10:00:00+00:00
2026-02-27T12:00:00+00:00,turbine-2,2026-03-01T09:00:00+00:00,45,0.061743,model-weather-experiment-640618020c918c13b93a05de,ecmwf00-a2d77f25-assumed-7b9a425c47be-2-20260227,2026-02-27T00:00:00+00:00,2026-02-27T10:00:00+00:00
2026-02-27T12:00:00+00:00,turbine-2,2026-03-01T10:00:00+00:00,46,0.048935,model-weather-experiment-640618020c918c13b93a05de,ecmwf00-a2d77f25-assumed-7b9a425c47be-2-20260227,2026-02-27T00:00:00+00:00,2026-02-27T10:00:00+00:00
2026-02-27T12:00:00+00:00,turbine-2,2026-03-01T11:00:00+00:00,47,0.036366,model-weather-experiment-640618020c918c13b93a05de,ecmwf00-a2d77f25-assumed-7b9a425c47be-2-20260227,2026-02-27T00:00:00+00:00,2026-02-27T10:00:00+00:00
2026-02-27T12:00:00+00:00,turbine-2,2026-03-01T12:00:00+00:00,48,0.033312,model-weather-experiment-640618020c918c13b93a05de,ecmwf00-a2d77f25-assumed-7b9a425c47be-2-20260227,2026-02-27T00:00:00+00:00,2026-02-27T10:00:00+00:00
2026-02-28T12:00:00+00:00,turbine-1,2026-02-28T13:00:00+00:00,1,0.495785,model-weather-experiment-640618020c918c13b93a05de,ecmwf00-a2d77f25-assumed-7b9a425c47be-1-20260228,2026-02-28T00:00:00+00:00,2026-02-28T10:00:00+00:00
2026-02-28T12:00:00+00:00,turbine-1,2026-02-28T14:00:00+00:00,2,0.384537,model-weather-experiment-640618020c918c13b93a05de,ecmwf00-a2d77f25-assumed-7b9a425c47be-1-20260228,2026-02-28T00:00:00+00:00,2026-02-28T10:00:00+00:00
2026-02-28T12:00:00+00:00,turbine-1,2026-02-28T15:00:00+00:00,3,0.264261,model-weather-experiment-640618020c918c13b93a05de,ecmwf00-a2d77f25-assumed-7b9a425c47be-1-20260228,2026-02-28T00:00:00+00:00,2026-02-28T10:00:00+00:00
2026-02-28T12:00:00+00:00,turbine-1,2026-02-28T16:00:00+00:00,4,0.170581,model-weather-experiment-640618020c918c13b93a05de,ecmwf00-a2d77f25-assumed-7b9a425c47be-1-20260228,2026-02-28T00:00:00+00:00,2026-02-28T10:00:00+00:00
2026-02-28T12:00:00+00:00,turbine-1,2026-02-28T17:00:00+00:00,5,0.156438,model-weather-experiment-640618020c918c13b93a05de,ecmwf00-a2d77f25-assumed-7b9a425c47be-1-20260228,2026-02-28T00:00:00+00:00,2026-02-28T10:00:00+00:00
2026-02-28T12:00:00+00:00,turbine-1,2026-02-28T18:00:00+00:00,6,0.116077,model-weather-experiment-640618020c918c13b93a05de,ecmwf00-a2d77f25-assumed-7b9a425c47be-1-20260228,2026-02-28T00:00:00+00:00,2026-02-28T10:00:00+00:00
2026-02-28T12:00:00+00:00,turbine-1,2026-02-28T19:00:00+00:00,7,0.058311,model-weather-experiment-640618020c918c13b93a05de,ecmwf00-a2d77f25-assumed-7b9a425c47be-1-20260228,2026-02-28T00:00:00+00:00,2026-02-28T10:00:00+00:00
2026-02-28T12:00:00+00:00,turbine-1,2026-02-28T20:00:00+00:00,8,0.064624,model-weather-experiment-640618020c918c13b93a05de,ecmwf00-a2d77f25-assumed-7b9a425c47be-1-20260228,2026-02-28T00:00:00+00:00,2026-02-28T10:00:00+00:00
2026-02-28T12:00:00+00:00,turbine-1,2026-02-28T21:00:00+00:00,9,0.040289,model-weather-experiment-640618020c918c13b93a05de,ecmwf00-a2d77f25-assumed-7b9a425c47be-1-20260228,2026-02-28T00:00:00+00:00,2026-02-28T10:00:00+00:00
2026-02-28T12:00:00+00:00,turbine-1,2026-02-28T22:00:00+00:00,10,0.032315,model-weather-experiment-640618020c918c13b93a05de,ecmwf00-a2d77f25-assumed-7b9a425c47be-1-20260228,2026-02-28T00:00:00+00:00,2026-02-28T10:00:00+00:00
2026-02-28T12:00:00+00:00,turbine-1,2026-02-28T23:00:00+00:00,11,0.028946,model-weather-experiment-640618020c918c13b93a05de,ecmwf00-a2d77f25-assumed-7b9a425c47be-1-20260228,2026-02-28T00:00:00+00:00,2026-02-28T10:00:00+00:00
2026-02-28T12:00:00+00:00,turbine-1,2026-03-01T00:00:00+00:00,12,0.024369,model-weather-experiment-640618020c918c13b93a05de,ecmwf00-a2d77f25-assumed-7b9a425c47be-1-20260228,2026-02-28T00:00:00+00:00,2026-02-28T10:00:00+00:00
2026-02-28T12:00:00+00:00,turbine-1,2026-03-01T01:00:00+00:00,13,0.023388,model-weather-experiment-640618020c918c13b93a05de,ecmwf00-a2d77f25-assumed-7b9a425c47be-1-20260228,2026-02-28T00:00:00+00:00,2026-02-28T10:00:00+00:00
2026-02-28T12:00:00+00:00,turbine-1,2026-03-01T02:00:00+00:00,14,0.027027,model-weather-experiment-640618020c918c13b93a05de,ecmwf00-a2d77f25-assumed-7b9a425c47be-1-20260228,2026-02-28T00:00:00+00:00,2026-02-28T10:00:00+00:00
2026-02-28T12:00:00+00:00,turbine-1,2026-03-01T03:00:00+00:00,15,0.022455,model-weather-experiment-640618020c918c13b93a05de,ecmwf00-a2d77f25-assumed-7b9a425c47be-1-20260228,2026-02-28T00:00:00+00:00,2026-02-28T10:00:00+00:00
2026-02-28T12:00:00+00:00,turbine-1,2026-03-01T04:00:00+00:00,16,0.009377,model-weather-experiment-640618020c918c13b93a05de,ecmwf00-a2d77f25-assumed-7b9a425c47be-1-20260228,2026-02-28T00:00:00+00:00,2026-02-28T10:00:00+00:00
2026-02-28T12:00:00+00:00,turbine-1,2026-03-01T05:00:00+00:00,17,0.033808,model-weather-experiment-640618020c918c13b93a05de,ecmwf00-a2d77f25-assumed-7b9a425c47be-1-20260228,2026-02-28T00:00:00+00:00,2026-02-28T10:00:00+00:00
2026-02-28T12:00:00+00:00,turbine-1,2026-03-01T06:00:00+00:00,18,0.037488,model-weather-experiment-640618020c918c13b93a05de,ecmwf00-a2d77f25-assumed-7b9a425c47be-1-20260228,2026-02-28T00:00:00+00:00,2026-02-28T10:00:00+00:00
2026-02-28T12:00:00+00:00,turbine-1,2026-03-01T07:00:00+00:00,19,0.06571,model-weather-experiment-640618020c918c13b93a05de,ecmwf00-a2d77f25-assumed-7b9a425c47be-1-20260228,2026-02-28T00:00:00+00:00,2026-02-28T10:00:00+00:00
2026-02-28T12:00:00+00:00,turbine-1,2026-03-01T08:00:00+00:00,20,0.07832,model-weather-experiment-640618020c918c13b93a05de,ecmwf00-a2d77f25-assumed-7b9a425c47be-1-20260228,2026-02-28T00:00:00+00:00,2026-02-28T10:00:00+00:00
2026-02-28T12:00:00+00:00,turbine-1,2026-03-01T09:00:00+00:00,21,0.052402,model-weather-experiment-640618020c918c13b93a05de,ecmwf00-a2d77f25-assumed-7b9a425c47be-1-20260228,2026-02-28T00:00:00+00:00,2026-02-28T10:00:00+00:00
2026-02-28T12:00:00+00:00,turbine-1,2026-03-01T10:00:00+00:00,22,0.051424,model-weather-experiment-640618020c918c13b93a05de,ecmwf00-a2d77f25-assumed-7b9a425c47be-1-20260228,2026-02-28T00:00:00+00:00,2026-02-28T10:00:00+00:00
2026-02-28T12:00:00+00:00,turbine-1,2026-03-01T11:00:00+00:00,23,0.050815,model-weather-experiment-640618020c918c13b93a05de,ecmwf00-a2d77f25-assumed-7b9a425c47be-1-20260228,2026-02-28T00:00:00+00:00,2026-02-28T10:00:00+00:00
2026-02-28T12:00:00+00:00,turbine-1,2026-03-01T12:00:00+00:00,24,0.052451,model-weather-experiment-640618020c918c13b93a05de,ecmwf00-a2d77f25-assumed-7b9a425c47be-1-20260228,2026-02-28T00:00:00+00:00,2026-02-28T10:00:00+00:00
2026-02-28T12:00:00+00:00,turbine-1,2026-03-01T13:00:00+00:00,25,0.081996,model-weather-experiment-640618020c918c13b93a05de,ecmwf00-a2d77f25-assumed-7b9a425c47be-1-20260228,2026-02-28T00:00:00+00:00,2026-02-28T10:00:00+00:00
2026-02-28T12:00:00+00:00,turbine-1,2026-03-01T14:00:00+00:00,26,0.128359,model-weather-experiment-640618020c918c13b93a05de,ecmwf00-a2d77f25-assumed-7b9a425c47be-1-20260228,2026-02-28T00:00:00+00:00,2026-02-28T10:00:00+00:00
2026-02-28T12:00:00+00:00,turbine-1,2026-03-01T15:00:00+00:00,27,0.347632,model-weather-experiment-640618020c918c13b93a05de,ecmwf00-a2d77f25-assumed-7b9a425c47be-1-20260228,2026-02-28T00:00:00+00:00,2026-02-28T10:00:00+00:00
2026-02-28T12:00:00+00:00,turbine-1,2026-03-01T16:00:00+00:00,28,0.603631,model-weather-experiment-640618020c918c13b93a05de,ecmwf00-a2d77f25-assumed-7b9a425c47be-1-20260228,2026-02-28T00:00:00+00:00,2026-02-28T10:00:00+00:00
2026-02-28T12:00:00+00:00,turbine-1,2026-03-01T17:00:00+00:00,29,0.812344,model-weather-experiment-640618020c918c13b93a05de,ecmwf00-a2d77f25-assumed-7b9a425c47be-1-20260228,2026-02-28T00:00:00+00:00,2026-02-28T10:00:00+00:00
2026-02-28T12:00:00+00:00,turbine-1,2026-03-01T18:00:00+00:00,30,0.941716,model-weather-experiment-640618020c918c13b93a05de,ecmwf00-a2d77f25-assumed-7b9a425c47be-1-20260228,2026-02-28T00:00:00+00:00,2026-02-28T10:00:00+00:00
2026-02-28T12:00:00+00:00,turbine-1,2026-03-01T19:00:00+00:00,31,0.945387,model-weather-experiment-640618020c918c13b93a05de,ecmwf00-a2d77f25-assumed-7b9a425c47be-1-20260228,2026-02-28T00:00:00+00:00,2026-02-28T10:00:00+00:00
2026-02-28T12:00:00+00:00,turbine-1,2026-03-01T20:00:00+00:00,32,0.946341,model-weather-experiment-640618020c918c13b93a05de,ecmwf00-a2d77f25-assumed-7b9a425c47be-1-20260228,2026-02-28T00:00:00+00:00,2026-02-28T10:00:00+00:00
2026-02-28T12:00:00+00:00,turbine-1,2026-03-01T21:00:00+00:00,33,0.949206,model-weather-experiment-640618020c918c13b93a05de,ecmwf00-a2d77f25-assumed-7b9a425c47be-1-20260228,2026-02-28T00:00:00+00:00,2026-02-28T10:00:00+00:00
2026-02-28T12:00:00+00:00,turbine-1,2026-03-01T22:00:00+00:00,34,0.911906,model-weather-experiment-640618020c918c13b93a05de,ecmwf00-a2d77f25-assumed-7b9a425c47be-1-20260228,2026-02-28T00:00:00+00:00,2026-02-28T10:00:00+00:00
2026-02-28T12:00:00+00:00,turbine-1,2026-03-01T23:00:00+00:00,35,0.794251,model-weather-experiment-640618020c918c13b93a05de,ecmwf00-a2d77f25-assumed-7b9a425c47be-1-20260228,2026-02-28T00:00:00+00:00,2026-02-28T10:00:00+00:00
2026-02-28T12:00:00+00:00,turbine-1,2026-03-02T00:00:00+00:00,36,0.640954,model-weather-experiment-640618020c918c13b93a05de,ecmwf00-a2d77f25-assumed-7b9a425c47be-1-20260228,2026-02-28T00:00:00+00:00,2026-02-28T10:00:00+00:00
2026-02-28T12:00:00+00:00,turbine-1,2026-03-02T01:00:00+00:00,37,0.589329,model-weather-experiment-640618020c918c13b93a05de,ecmwf00-a2d77f25-assumed-7b9a425c47be-1-20260228,2026-02-28T00:00:00+00:00,2026-02-28T10:00:00+00:00
2026-02-28T12:00:00+00:00,turbine-1,2026-03-02T02:00:00+00:00,38,0.523474,model-weather-experiment-640618020c918c13b93a05de,ecmwf00-a2d77f25-assumed-7b9a425c47be-1-20260228,2026-02-28T00:00:00+00:00,2026-02-28T10:00:00+00:00
2026-02-28T12:00:00+00:00,turbine-1,2026-03-02T03:00:00+00:00,39,0.415915,model-weather-experiment-640618020c918c13b93a05de,ecmwf00-a2d77f25-assumed-7b9a425c47be-1-20260228,2026-02-28T00:00:00+00:00,2026-02-28T10:00:00+00:00
2026-02-28T12:00:00+00:00,turbine-1,2026-03-02T04:00:00+00:00,40,0.258489,model-weather-experiment-640618020c918c13b93a05de,ecmwf00-a2d77f25-assumed-7b9a425c47be-1-20260228,2026-02-28T00:00:00+00:00,2026-02-28T10:00:00+00:00
2026-02-28T12:00:00+00:00,turbine-1,2026-03-02T05:00:00+00:00,41,0.275467,model-weather-experiment-640618020c918c13b93a05de,ecmwf00-a2d77f25-assumed-7b9a425c47be-1-20260228,2026-02-28T00:00:00+00:00,2026-02-28T10:00:00+00:00
2026-02-28T12:00:00+00:00,turbine-1,2026-03-02T06:00:00+00:00,42,0.333779,model-weather-experiment-640618020c918c13b93a05de,ecmwf00-a2d77f25-assumed-7b9a425c47be-1-20260228,2026-02-28T00:00:00+00:00,2026-02-28T10:00:00+00:00
2026-02-28T12:00:00+00:00,turbine-1,2026-03-02T07:00:00+00:00,43,0.266535,model-weather-experiment-640618020c918c13b93a05de,ecmwf00-a2d77f25-assumed-7b9a425c47be-1-20260228,2026-02-28T00:00:00+00:00,2026-02-28T10:00:00+00:00
2026-02-28T12:00:00+00:00,turbine-1,2026-03-02T08:00:00+00:00,44,0.251493,model-weather-experiment-640618020c918c13b93a05de,ecmwf00-a2d77f25-assumed-7b9a425c47be-1-20260228,2026-02-28T00:00:00+00:00,2026-02-28T10:00:00+00:00
2026-02-28T12:00:00+00:00,turbine-1,2026-03-02T09:00:00+00:00,45,0.28166,model-weather-experiment-640618020c918c13b93a05de,ecmwf00-a2d77f25-assumed-7b9a425c47be-1-20260228,2026-02-28T00:00:00+00:00,2026-02-28T10:00:00+00:00
2026-02-28T12:00:00+00:00,turbine-1,2026-03-02T10:00:00+00:00,46,0.323804,model-weather-experiment-640618020c918c13b93a05de,ecmwf00-a2d77f25-assumed-7b9a425c47be-1-20260228,2026-02-28T00:00:00+00:00,2026-02-28T10:00:00+00:00
2026-02-28T12:00:00+00:00,turbine-1,2026-03-02T11:00:00+00:00,47,0.308051,model-weather-experiment-640618020c918c13b93a05de,ecmwf00-a2d77f25-assumed-7b9a425c47be-1-20260228,2026-02-28T00:00:00+00:00,2026-02-28T10:00:00+00:00
2026-02-28T12:00:00+00:00,turbine-1,2026-03-02T12:00:00+00:00,48,0.279298,model-weather-experiment-640618020c918c13b93a05de,ecmwf00-a2d77f25-assumed-7b9a425c47be-1-20260228,2026-02-28T00:00:00+00:00,2026-02-28T10:00:00+00:00
2026-02-28T12:00:00+00:00,turbine-2,2026-02-28T13:00:00+00:00,1,0.497479,model-weather-experiment-640618020c918c13b93a05de,ecmwf00-a2d77f25-assumed-7b9a425c47be-2-20260228,2026-02-28T00:00:00+00:00,2026-02-28T10:00:00+00:00
2026-02-28T12:00:00+00:00,turbine-2,2026-02-28T14:00:00+00:00,2,0.355589,model-weather-experiment-640618020c918c13b93a05de,ecmwf00-a2d77f25-assumed-7b9a425c47be-2-20260228,2026-02-28T00:00:00+00:00,2026-02-28T10:00:00+00:00
2026-02-28T12:00:00+00:00,turbine-2,2026-02-28T15:00:00+00:00,3,0.184175,model-weather-experiment-640618020c918c13b93a05de,ecmwf00-a2d77f25-assumed-7b9a425c47be-2-20260228,2026-02-28T00:00:00+00:00,2026-02-28T10:00:00+00:00
2026-02-28T12:00:00+00:00,turbine-2,2026-02-28T16:00:00+00:00,4,0.111115,model-weather-experiment-640618020c918c13b93a05de,ecmwf00-a2d77f25-assumed-7b9a425c47be-2-20260228,2026-02-28T00:00:00+00:00,2026-02-28T10:00:00+00:00
2026-02-28T12:00:00+00:00,turbine-2,2026-02-28T17:00:00+00:00,5,0.114996,model-weather-experiment-640618020c918c13b93a05de,ecmwf00-a2d77f25-assumed-7b9a425c47be-2-20260228,2026-02-28T00:00:00+00:00,2026-02-28T10:00:00+00:00
2026-02-28T12:00:00+00:00,turbine-2,2026-02-28T18:00:00+00:00,6,0.084654,model-weather-experiment-640618020c918c13b93a05de,ecmwf00-a2d77f25-assumed-7b9a425c47be-2-20260228,2026-02-28T00:00:00+00:00,2026-02-28T10:00:00+00:00
2026-02-28T12:00:00+00:00,turbine-2,2026-02-28T19:00:00+00:00,7,0.048834,model-weather-experiment-640618020c918c13b93a05de,ecmwf00-a2d77f25-assumed-7b9a425c47be-2-20260228,2026-02-28T00:00:00+00:00,2026-02-28T10:00:00+00:00
2026-02-28T12:00:00+00:00,turbine-2,2026-02-28T20:00:00+00:00,8,0.054694,model-weather-experiment-640618020c918c13b93a05de,ecmwf00-a2d77f25-assumed-7b9a425c47be-2-20260228,2026-02-28T00:00:00+00:00,2026-02-28T10:00:00+00:00
2026-02-28T12:00:00+00:00,turbine-2,2026-02-28T21:00:00+00:00,9,0.037399,model-weather-experiment-640618020c918c13b93a05de,ecmwf00-a2d77f25-assumed-7b9a425c47be-2-20260228,2026-02-28T00:00:00+00:00,2026-02-28T10:00:00+00:00
2026-02-28T12:00:00+00:00,turbine-2,2026-02-28T22:00:00+00:00,10,0.045257,model-weather-experiment-640618020c918c13b93a05de,ecmwf00-a2d77f25-assumed-7b9a425c47be-2-20260228,2026-02-28T00:00:00+00:00,2026-02-28T10:00:00+00:00
2026-02-28T12:00:00+00:00,turbine-2,2026-02-28T23:00:00+00:00,11,0.034486,model-weather-experiment-640618020c918c13b93a05de,ecmwf00-a2d77f25-assumed-7b9a425c47be-2-20260228,2026-02-28T00:00:00+00:00,2026-02-28T10:00:00+00:00
2026-02-28T12:00:00+00:00,turbine-2,2026-03-01T00:00:00+00:00,12,0.042503,model-weather-experiment-640618020c918c13b93a05de,ecmwf00-a2d77f25-assumed-7b9a425c47be-2-20260228,2026-02-28T00:00:00+00:00,2026-02-28T10:00:00+00:00
2026-02-28T12:00:00+00:00,turbine-2,2026-03-01T01:00:00+00:00,13,0.031123,model-weather-experiment-640618020c918c13b93a05de,ecmwf00-a2d77f25-assumed-7b9a425c47be-2-20260228,2026-02-28T00:00:00+00:00,2026-02-28T10:00:00+00:00
2026-02-28T12:00:00+00:00,turbine-2,2026-03-01T02:00:00+00:00,14,0.033003,model-weather-experiment-640618020c918c13b93a05de,ecmwf00-a2d77f25-assumed-7b9a425c47be-2-20260228,2026-02-28T00:00:00+00:00,2026-02-28T10:00:00+00:00
2026-02-28T12:00:00+00:00,turbine-2,2026-03-01T03:00:00+00:00,15,0.04347,model-weather-experiment-640618020c918c13b93a05de,ecmwf00-a2d77f25-assumed-7b9a425c47be-2-20260228,2026-02-28T00:00:00+00:00,2026-02-28T10:00:00+00:00
2026-02-28T12:00:00+00:00,turbine-2,2026-03-01T04:00:00+00:00,16,0.042166,model-weather-experiment-640618020c918c13b93a05de,ecmwf00-a2d77f25-assumed-7b9a425c47be-2-20260228,2026-02-28T00:00:00+00:00,2026-02-28T10:00:00+00:00
2026-02-28T12:00:00+00:00,turbine-2,2026-03-01T05:00:00+00:00,17,0.046152,model-weather-experiment-640618020c918c13b93a05de,ecmwf00-a2d77f25-assumed-7b9a425c47be-2-20260228,2026-02-28T00:00:00+00:00,2026-02-28T10:00:00+00:00
2026-02-28T12:00:00+00:00,turbine-2,2026-03-01T06:00:00+00:00,18,0.047201,model-weather-experiment-640618020c918c13b93a05de,ecmwf00-a2d77f25-assumed-7b9a425c47be-2-20260228,2026-02-28T00:00:00+00:00,2026-02-28T10:00:00+00:00
2026-02-28T12:00:00+00:00,turbine-2,2026-03-01T07:00:00+00:00,19,0.050621,model-weather-experiment-640618020c918c13b93a05de,ecmwf00-a2d77f25-assumed-7b9a425c47be-2-20260228,2026-02-28T00:00:00+00:00,2026-02-28T10:00:00+00:00
2026-02-28T12:00:00+00:00,turbine-2,2026-03-01T08:00:00+00:00,20,0.059905,model-weather-experiment-640618020c918c13b93a05de,ecmwf00-a2d77f25-assumed-7b9a425c47be-2-20260228,2026-02-28T00:00:00+00:00,2026-02-28T10:00:00+00:00
2026-02-28T12:00:00+00:00,turbine-2,2026-03-01T09:00:00+00:00,21,0.049975,model-weather-experiment-640618020c918c13b93a05de,ecmwf00-a2d77f25-assumed-7b9a425c47be-2-20260228,2026-02-28T00:00:00+00:00,2026-02-28T10:00:00+00:00
2026-02-28T12:00:00+00:00,turbine-2,2026-03-01T10:00:00+00:00,22,0.045409,model-weather-experiment-640618020c918c13b93a05de,ecmwf00-a2d77f25-assumed-7b9a425c47be-2-20260228,2026-02-28T00:00:00+00:00,2026-02-28T10:00:00+00:00
2026-02-28T12:00:00+00:00,turbine-2,2026-03-01T11:00:00+00:00,23,0.037879,model-weather-experiment-640618020c918c13b93a05de,ecmwf00-a2d77f25-assumed-7b9a425c47be-2-20260228,2026-02-28T00:00:00+00:00,2026-02-28T10:00:00+00:00
2026-02-28T12:00:00+00:00,turbine-2,2026-03-01T12:00:00+00:00,24,0.029522,model-weather-experiment-640618020c918c13b93a05de,ecmwf00-a2d77f25-assumed-7b9a425c47be-2-20260228,2026-02-28T00:00:00+00:00,2026-02-28T10:00:00+00:00
2026-02-28T12:00:00+00:00,turbine-2,2026-03-01T13:00:00+00:00,25,0.062164,model-weather-experiment-640618020c918c13b93a05de,ecmwf00-a2d77f25-assumed-7b9a425c47be-2-20260228,2026-02-28T00:00:00+00:00,2026-02-28T10:00:00+00:00
2026-02-28T12:00:00+00:00,turbine-2,2026-03-01T14:00:00+00:00,26,0.08979,model-weather-experiment-640618020c918c13b93a05de,ecmwf00-a2d77f25-assumed-7b9a425c47be-2-20260228,2026-02-28T00:00:00+00:00,2026-02-28T10:00:00+00:00
2026-02-28T12:00:00+00:00,turbine-2,2026-03-01T15:00:00+00:00,27,0.26869,model-weather-experiment-640618020c918c13b93a05de,ecmwf00-a2d77f25-assumed-7b9a425c47be-2-20260228,2026-02-28T00:00:00+00:00,2026-02-28T10:00:00+00:00
2026-02-28T12:00:00+00:00,turbine-2,2026-03-01T16:00:00+00:00,28,0.553614,model-weather-experiment-640618020c918c13b93a05de,ecmwf00-a2d77f25-assumed-7b9a425c47be-2-20260228,2026-02-28T00:00:00+00:00,2026-02-28T10:00:00+00:00
2026-02-28T12:00:00+00:00,turbine-2,2026-03-01T17:00:00+00:00,29,0.802038,model-weather-experiment-640618020c918c13b93a05de,ecmwf00-a2d77f25-assumed-7b9a425c47be-2-20260228,2026-02-28T00:00:00+00:00,2026-02-28T10:00:00+00:00
2026-02-28T12:00:00+00:00,turbine-2,2026-03-01T18:00:00+00:00,30,0.95266,model-weather-experiment-640618020c918c13b93a05de,ecmwf00-a2d77f25-assumed-7b9a425c47be-2-20260228,2026-02-28T00:00:00+00:00,2026-02-28T10:00:00+00:00
2026-02-28T12:00:00+00:00,turbine-2,2026-03-01T19:00:00+00:00,31,0.91242,model-weather-experiment-640618020c918c13b93a05de,ecmwf00-a2d77f25-assumed-7b9a425c47be-2-20260228,2026-02-28T00:00:00+00:00,2026-02-28T10:00:00+00:00
2026-02-28T12:00:00+00:00,turbine-2,2026-03-01T20:00:00+00:00,32,0.911564,model-weather-experiment-640618020c918c13b93a05de,ecmwf00-a2d77f25-assumed-7b9a425c47be-2-20260228,2026-02-28T00:00:00+00:00,2026-02-28T10:00:00+00:00
2026-02-28T12:00:00+00:00,turbine-2,2026-03-01T21:00:00+00:00,33,0.928003,model-weather-experiment-640618020c918c13b93a05de,ecmwf00-a2d77f25-assumed-7b9a425c47be-2-20260228,2026-02-28T00:00:00+00:00,2026-02-28T10:00:00+00:00
2026-02-28T12:00:00+00:00,turbine-2,2026-03-01T22:00:00+00:00,34,0.839993,model-weather-experiment-640618020c918c13b93a05de,ecmwf00-a2d77f25-assumed-7b9a425c47be-2-20260228,2026-02-28T00:00:00+00:00,2026-02-28T10:00:00+00:00
2026-02-28T12:00:00+00:00,turbine-2,2026-03-01T23:00:00+00:00,35,0.724435,model-weather-experiment-640618020c918c13b93a05de,ecmwf00-a2d77f25-assumed-7b9a425c47be-2-20260228,2026-02-28T00:00:00+00:00,2026-02-28T10:00:00+00:00
2026-02-28T12:00:00+00:00,turbine-2,2026-03-02T00:00:00+00:00,36,0.567114,model-weather-experiment-640618020c918c13b93a05de,ecmwf00-a2d77f25-assumed-7b9a425c47be-2-20260228,2026-02-28T00:00:00+00:00,2026-02-28T10:00:00+00:00
2026-02-28T12:00:00+00:00,turbine-2,2026-03-02T01:00:00+00:00,37,0.513795,model-weather-experiment-640618020c918c13b93a05de,ecmwf00-a2d77f25-assumed-7b9a425c47be-2-20260228,2026-02-28T00:00:00+00:00,2026-02-28T10:00:00+00:00
2026-02-28T12:00:00+00:00,turbine-2,2026-03-02T02:00:00+00:00,38,0.477861,model-weather-experiment-640618020c918c13b93a05de,ecmwf00-a2d77f25-assumed-7b9a425c47be-2-20260228,2026-02-28T00:00:00+00:00,2026-02-28T10:00:00+00:00
2026-02-28T12:00:00+00:00,turbine-2,2026-03-02T03:00:00+00:00,39,0.368686,model-weather-experiment-640618020c918c13b93a05de,ecmwf00-a2d77f25-assumed-7b9a425c47be-2-20260228,2026-02-28T00:00:00+00:00,2026-02-28T10:00:00+00:00
2026-02-28T12:00:00+00:00,turbine-2,2026-03-02T04:00:00+00:00,40,0.255475,model-weather-experiment-640618020c918c13b93a05de,ecmwf00-a2d77f25-assumed-7b9a425c47be-2-20260228,2026-02-28T00:00:00+00:00,2026-02-28T10:00:00+00:00
2026-02-28T12:00:00+00:00,turbine-2,2026-03-02T05:00:00+00:00,41,0.261909,model-weather-experiment-640618020c918c13b93a05de,ecmwf00-a2d77f25-assumed-7b9a425c47be-2-20260228,2026-02-28T00:00:00+00:00,2026-02-28T10:00:00+00:00
2026-02-28T12:00:00+00:00,turbine-2,2026-03-02T06:00:00+00:00,42,0.284991,model-weather-experiment-640618020c918c13b93a05de,ecmwf00-a2d77f25-assumed-7b9a425c47be-2-20260228,2026-02-28T00:00:00+00:00,2026-02-28T10:00:00+00:00
2026-02-28T12:00:00+00:00,turbine-2,2026-03-02T07:00:00+00:00,43,0.221292,model-weather-experiment-640618020c918c13b93a05de,ecmwf00-a2d77f25-assumed-7b9a425c47be-2-20260228,2026-02-28T00:00:00+00:00,2026-02-28T10:00:00+00:00
2026-02-28T12:00:00+00:00,turbine-2,2026-03-02T08:00:00+00:00,44,0.227255,model-weather-experiment-640618020c918c13b93a05de,ecmwf00-a2d77f25-assumed-7b9a425c47be-2-20260228,2026-02-28T00:00:00+00:00,2026-02-28T10:00:00+00:00
2026-02-28T12:00:00+00:00,turbine-2,2026-03-02T09:00:00+00:00,45,0.288046,model-weather-experiment-640618020c918c13b93a05de,ecmwf00-a2d77f25-assumed-7b9a425c47be-2-20260228,2026-02-28T00:00:00+00:00,2026-02-28T10:00:00+00:00
2026-02-28T12:00:00+00:00,turbine-2,2026-03-02T10:00:00+00:00,46,0.317785,model-weather-experiment-640618020c918c13b93a05de,ecmwf00-a2d77f25-assumed-7b9a425c47be-2-20260228,2026-02-28T00:00:00+00:00,2026-02-28T10:00:00+00:00
2026-02-28T12:00:00+00:00,turbine-2,2026-03-02T11:00:00+00:00,47,0.25929,model-weather-experiment-640618020c918c13b93a05de,ecmwf00-a2d77f25-assumed-7b9a425c47be-2-20260228,2026-02-28T00:00:00+00:00,2026-02-28T10:00:00+00:00
2026-02-28T12:00:00+00:00,turbine-2,2026-03-02T12:00:00+00:00,48,0.249471,model-weather-experiment-640618020c918c13b93a05de,ecmwf00-a2d77f25-assumed-7b9a425c47be-2-20260228,2026-02-28T00:00:00+00:00,2026-02-28T10:00:00+00:00
